algoritmo,tamano_mensaje_chars,ber,categoria,exito,overhead_pct,data_bits,integrity_bits,total_bits
CRC32,5,0.0,ok,True,50.0,40,32,80
CRC32,5,0.0,ok,True,50.0,40,32,80
CRC32,5,0.0,ok,True,50.0,40,32,80
CRC32,5,0.0,ok,True,50.0,40,32,80
CRC32,5,0.0,ok,True,50.0,40,32,80
CRC32,5,0.0,ok,True,50.0,40,32,80
CRC32,5,0.0,ok,True,50.0,40,32,80
CRC32,5,0.0,ok,True,50.0,40,32,80
CRC32,5,0.0,ok,True,50.0,40,32,80
CRC32,5,0.0,ok,True,50.0,40,32,80
CRC32,5,0.0,ok,True,50.0,40,32,80
CRC32,5,0.0,ok,True,50.0,40,32,80
CRC32,5,0.0,ok,True,50.0,40,32,80
CRC32,5,0.0,ok,True,50.0,40,32,80
CRC32,5,0.0,ok,True,50.0,40,32,80
CRC32,5,0.0,ok,True,50.0,40,32,80
CRC32,5,0.0,ok,True,50.0,40,32,80
CRC32,5,0.0,ok,True,50.0,40,32,80
CRC32,5,0.0,ok,True,50.0,40,32,80
CRC32,5,0.0,ok,True,50.0,40,32,80
CRC32,5,0.0,ok,True,50.0,40,32,80
CRC32,5,0.0,ok,True,50.0,40,32,80
CRC32,5,0.0,ok,True,50.0,40,32,80
CRC32,5,0.0,ok,True,50.0,40,32,80
CRC32,5,0.0,ok,True,50.0,40,32,80
CRC32,5,0.0,ok,True,50.0,40,32,80
CRC32,5,0.0,ok,True,50.0,40,32,80
CRC32,5,0.0,ok,True,50.0,40,32,80
CRC32,5,0.0,ok,True,50.0,40,32,80
CRC32,5,0.0,ok,True,50.0,40,32,80
CRC32,5,0.0,ok,True,50.0,40,32,80
CRC32,5,0.0,ok,True,50.0,40,32,80
CRC32,5,0.0,ok,True,50.0,40,32,80
CRC32,5,0.0,ok,True,50.0,40,32,80
CRC32,5,0.0,ok,True,50.0,40,32,80
CRC32,5,0.0,ok,True,50.0,40,32,80
CRC32,5,0.0,ok,True,50.0,40,32,80
CRC32,5,0.0,ok,True,50.0,40,32,80
CRC32,5,0.0,ok,True,50.0,40,32,80
CRC32,5,0.0,ok,True,50.0,40,32,80
CRC32,5,0.0,ok,True,50.0,40,32,80
CRC32,5,0.0,ok,True,50.0,40,32,80
CRC32,5,0.0,ok,True,50.0,40,32,80
CRC32,5,0.0,ok,True,50.0,40,32,80
CRC32,5,0.0,ok,True,50.0,40,32,80
CRC32,5,0.0,ok,True,50.0,40,32,80
CRC32,5,0.0,ok,True,50.0,40,32,80
CRC32,5,0.0,ok,True,50.0,40,32,80
CRC32,5,0.0,ok,True,50.0,40,32,80
CRC32,5,0.0,ok,True,50.0,40,32,80
CRC32,5,0.0,ok,True,50.0,40,32,80
CRC32,5,0.0,ok,True,50.0,40,32,80
CRC32,5,0.0,ok,True,50.0,40,32,80
CRC32,5,0.0,ok,True,50.0,40,32,80
CRC32,5,0.0,ok,True,50.0,40,32,80
CRC32,5,0.0,ok,True,50.0,40,32,80
CRC32,5,0.0,ok,True,50.0,40,32,80
CRC32,5,0.0,ok,True,50.0,40,32,80
CRC32,5,0.0,ok,True,50.0,40,32,80
CRC32,5,0.0,ok,True,50.0,40,32,80
CRC32,5,0.0,ok,True,50.0,40,32,80
CRC32,5,0.0,ok,True,50.0,40,32,80
CRC32,5,0.0,ok,True,50.0,40,32,80
CRC32,5,0.0,ok,True,50.0,40,32,80
CRC32,5,0.0,ok,True,50.0,40,32,80
CRC32,5,0.0,ok,True,50.0,40,32,80
CRC32,5,0.0,ok,True,50.0,40,32,80
CRC32,5,0.0,ok,True,50.0,40,32,80
CRC32,5,0.0,ok,True,50.0,40,32,80
CRC32,5,0.0,ok,True,50.0,40,32,80
CRC32,5,0.0,ok,True,50.0,40,32,80
CRC32,5,0.0,ok,True,50.0,40,32,80
CRC32,5,0.0,ok,True,50.0,40,32,80
CRC32,5,0.0,ok,True,50.0,40,32,80
CRC32,5,0.0,ok,True,50.0,40,32,80
CRC32,5,0.0,ok,True,50.0,40,32,80
CRC32,5,0.0,ok,True,50.0,40,32,80
CRC32,5,0.0,ok,True,50.0,40,32,80
CRC32,5,0.0,ok,True,50.0,40,32,80
CRC32,5,0.0,ok,True,50.0,40,32,80
CRC32,5,0.0,ok,True,50.0,40,32,80
CRC32,5,0.0,ok,True,50.0,40,32,80
CRC32,5,0.0,ok,True,50.0,40,32,80
CRC32,5,0.0,ok,True,50.0,40,32,80
CRC32,5,0.0,ok,True,50.0,40,32,80
CRC32,5,0.0,ok,True,50.0,40,32,80
CRC32,5,0.0,ok,True,50.0,40,32,80
CRC32,5,0.0,ok,True,50.0,40,32,80
CRC32,5,0.0,ok,True,50.0,40,32,80
CRC32,5,0.0,ok,True,50.0,40,32,80
CRC32,5,0.0,ok,True,50.0,40,32,80
CRC32,5,0.0,ok,True,50.0,40,32,80
CRC32,5,0.0,ok,True,50.0,40,32,80
CRC32,5,0.0,ok,True,50.0,40,32,80
CRC32,5,0.0,ok,True,50.0,40,32,80
CRC32,5,0.0,ok,True,50.0,40,32,80
CRC32,5,0.0,ok,True,50.0,40,32,80
CRC32,5,0.0,ok,True,50.0,40,32,80
CRC32,5,0.0,ok,True,50.0,40,32,80
CRC32,5,0.0,ok,True,50.0,40,32,80
CRC32,5,0.0,ok,True,50.0,40,32,80
CRC32,5,0.0,ok,True,50.0,40,32,80
CRC32,5,0.0,ok,True,50.0,40,32,80
CRC32,5,0.0,ok,True,50.0,40,32,80
CRC32,5,0.0,ok,True,50.0,40,32,80
CRC32,5,0.0,ok,True,50.0,40,32,80
CRC32,5,0.0,ok,True,50.0,40,32,80
CRC32,5,0.0,ok,True,50.0,40,32,80
CRC32,5,0.0,ok,True,50.0,40,32,80
CRC32,5,0.0,ok,True,50.0,40,32,80
CRC32,5,0.0,ok,True,50.0,40,32,80
CRC32,5,0.0,ok,True,50.0,40,32,80
CRC32,5,0.0,ok,True,50.0,40,32,80
CRC32,5,0.0,ok,True,50.0,40,32,80
CRC32,5,0.0,ok,True,50.0,40,32,80
CRC32,5,0.0,ok,True,50.0,40,32,80
CRC32,5,0.0,ok,True,50.0,40,32,80
CRC32,5,0.0,ok,True,50.0,40,32,80
CRC32,5,0.0,ok,True,50.0,40,32,80
CRC32,5,0.0,ok,True,50.0,40,32,80
CRC32,5,0.0,ok,True,50.0,40,32,80
CRC32,5,0.0,ok,True,50.0,40,32,80
CRC32,5,0.0,ok,True,50.0,40,32,80
CRC32,5,0.0,ok,True,50.0,40,32,80
CRC32,5,0.0,ok,True,50.0,40,32,80
CRC32,5,0.0,ok,True,50.0,40,32,80
CRC32,5,0.0,ok,True,50.0,40,32,80
CRC32,5,0.0,ok,True,50.0,40,32,80
CRC32,5,0.0,ok,True,50.0,40,32,80
CRC32,5,0.0,ok,True,50.0,40,32,80
CRC32,5,0.0,ok,True,50.0,40,32,80
CRC32,5,0.0,ok,True,50.0,40,32,80
CRC32,5,0.0,ok,True,50.0,40,32,80
CRC32,5,0.0,ok,True,50.0,40,32,80
CRC32,5,0.0,ok,True,50.0,40,32,80
CRC32,5,0.0,ok,True,50.0,40,32,80
CRC32,5,0.0,ok,True,50.0,40,32,80
CRC32,5,0.0,ok,True,50.0,40,32,80
CRC32,5,0.0,ok,True,50.0,40,32,80
CRC32,5,0.0,ok,True,50.0,40,32,80
CRC32,5,0.0,ok,True,50.0,40,32,80
CRC32,5,0.0,ok,True,50.0,40,32,80
CRC32,5,0.0,ok,True,50.0,40,32,80
CRC32,5,0.0,ok,True,50.0,40,32,80
CRC32,5,0.0,ok,True,50.0,40,32,80
CRC32,5,0.0,ok,True,50.0,40,32,80
CRC32,5,0.0,ok,True,50.0,40,32,80
CRC32,5,0.0,ok,True,50.0,40,32,80
CRC32,5,0.0,ok,True,50.0,40,32,80
CRC32,5,0.0,ok,True,50.0,40,32,80
CRC32,5,0.001,ok,True,50.0,40,32,80
CRC32,5,0.001,ok,True,50.0,40,32,80
CRC32,5,0.001,ok,True,50.0,40,32,80
CRC32,5,0.001,ok,True,50.0,40,32,80
CRC32,5,0.001,ok,True,50.0,40,32,80
CRC32,5,0.001,ok,True,50.0,40,32,80
CRC32,5,0.001,ok,True,50.0,40,32,80
CRC32,5,0.001,detectado_no_corregido,False,50.0,40,32,80
CRC32,5,0.001,ok,True,50.0,40,32,80
CRC32,5,0.001,detectado_no_corregido,False,50.0,40,32,80
CRC32,5,0.001,ok,True,50.0,40,32,80
CRC32,5,0.001,ok,True,50.0,40,32,80
CRC32,5,0.001,ok,True,50.0,40,32,80
CRC32,5,0.001,ok,True,50.0,40,32,80
CRC32,5,0.001,ok,True,50.0,40,32,80
CRC32,5,0.001,ok,True,50.0,40,32,80
CRC32,5,0.001,ok,True,50.0,40,32,80
CRC32,5,0.001,ok,True,50.0,40,32,80
CRC32,5,0.001,ok,True,50.0,40,32,80
CRC32,5,0.001,ok,True,50.0,40,32,80
CRC32,5,0.001,ok,True,50.0,40,32,80
CRC32,5,0.001,ok,True,50.0,40,32,80
CRC32,5,0.001,ok,True,50.0,40,32,80
CRC32,5,0.001,ok,True,50.0,40,32,80
CRC32,5,0.001,ok,True,50.0,40,32,80
CRC32,5,0.001,ok,True,50.0,40,32,80
CRC32,5,0.001,ok,True,50.0,40,32,80
CRC32,5,0.001,ok,True,50.0,40,32,80
CRC32,5,0.001,ok,True,50.0,40,32,80
CRC32,5,0.001,ok,True,50.0,40,32,80
CRC32,5,0.001,ok,True,50.0,40,32,80
CRC32,5,0.001,detectado_no_corregido,False,50.0,40,32,80
CRC32,5,0.001,ok,True,50.0,40,32,80
CRC32,5,0.001,ok,True,50.0,40,32,80
CRC32,5,0.001,ok,True,50.0,40,32,80
CRC32,5,0.001,detectado_no_corregido,False,50.0,40,32,80
CRC32,5,0.001,ok,True,50.0,40,32,80
CRC32,5,0.001,ok,True,50.0,40,32,80
CRC32,5,0.001,ok,True,50.0,40,32,80
CRC32,5,0.001,ok,True,50.0,40,32,80
CRC32,5,0.001,ok,True,50.0,40,32,80
CRC32,5,0.001,ok,True,50.0,40,32,80
CRC32,5,0.001,ok,True,50.0,40,32,80
CRC32,5,0.001,ok,True,50.0,40,32,80
CRC32,5,0.001,ok,True,50.0,40,32,80
CRC32,5,0.001,ok,True,50.0,40,32,80
CRC32,5,0.001,ok,True,50.0,40,32,80
CRC32,5,0.001,ok,True,50.0,40,32,80
CRC32,5,0.001,ok,True,50.0,40,32,80
CRC32,5,0.001,ok,True,50.0,40,32,80
CRC32,5,0.001,ok,True,50.0,40,32,80
CRC32,5,0.001,ok,True,50.0,40,32,80
CRC32,5,0.001,ok,True,50.0,40,32,80
CRC32,5,0.001,ok,True,50.0,40,32,80
CRC32,5,0.001,ok,True,50.0,40,32,80
CRC32,5,0.001,ok,True,50.0,40,32,80
CRC32,5,0.001,ok,True,50.0,40,32,80
CRC32,5,0.001,ok,True,50.0,40,32,80
CRC32,5,0.001,ok,True,50.0,40,32,80
CRC32,5,0.001,ok,True,50.0,40,32,80
CRC32,5,0.001,ok,True,50.0,40,32,80
CRC32,5,0.001,ok,True,50.0,40,32,80
CRC32,5,0.001,ok,True,50.0,40,32,80
CRC32,5,0.001,ok,True,50.0,40,32,80
CRC32,5,0.001,ok,True,50.0,40,32,80
CRC32,5,0.001,ok,True,50.0,40,32,80
CRC32,5,0.001,ok,True,50.0,40,32,80
CRC32,5,0.001,ok,True,50.0,40,32,80
CRC32,5,0.001,ok,True,50.0,40,32,80
CRC32,5,0.001,ok,True,50.0,40,32,80
CRC32,5,0.001,ok,True,50.0,40,32,80
CRC32,5,0.001,ok,True,50.0,40,32,80
CRC32,5,0.001,detectado_no_corregido,False,50.0,40,32,80
CRC32,5,0.001,ok,True,50.0,40,32,80
CRC32,5,0.001,detectado_no_corregido,False,50.0,40,32,80
CRC32,5,0.001,ok,True,50.0,40,32,80
CRC32,5,0.001,ok,True,50.0,40,32,80
CRC32,5,0.001,ok,True,50.0,40,32,80
CRC32,5,0.001,ok,True,50.0,40,32,80
CRC32,5,0.001,ok,True,50.0,40,32,80
CRC32,5,0.001,ok,True,50.0,40,32,80
CRC32,5,0.001,ok,True,50.0,40,32,80
CRC32,5,0.001,ok,True,50.0,40,32,80
CRC32,5,0.001,ok,True,50.0,40,32,80
CRC32,5,0.001,ok,True,50.0,40,32,80
CRC32,5,0.001,ok,True,50.0,40,32,80
CRC32,5,0.001,ok,True,50.0,40,32,80
CRC32,5,0.001,ok,True,50.0,40,32,80
CRC32,5,0.001,ok,True,50.0,40,32,80
CRC32,5,0.001,ok,True,50.0,40,32,80
CRC32,5,0.001,ok,True,50.0,40,32,80
CRC32,5,0.001,ok,True,50.0,40,32,80
CRC32,5,0.001,ok,True,50.0,40,32,80
CRC32,5,0.001,ok,True,50.0,40,32,80
CRC32,5,0.001,ok,True,50.0,40,32,80
CRC32,5,0.001,ok,True,50.0,40,32,80
CRC32,5,0.001,cabecera_perdida,False,50.0,40,32,80
CRC32,5,0.001,ok,True,50.0,40,32,80
CRC32,5,0.001,ok,True,50.0,40,32,80
CRC32,5,0.001,ok,True,50.0,40,32,80
CRC32,5,0.001,ok,True,50.0,40,32,80
CRC32,5,0.001,ok,True,50.0,40,32,80
CRC32,5,0.001,ok,True,50.0,40,32,80
CRC32,5,0.001,ok,True,50.0,40,32,80
CRC32,5,0.001,ok,True,50.0,40,32,80
CRC32,5,0.001,ok,True,50.0,40,32,80
CRC32,5,0.001,ok,True,50.0,40,32,80
CRC32,5,0.001,ok,True,50.0,40,32,80
CRC32,5,0.001,ok,True,50.0,40,32,80
CRC32,5,0.001,ok,True,50.0,40,32,80
CRC32,5,0.001,ok,True,50.0,40,32,80
CRC32,5,0.001,ok,True,50.0,40,32,80
CRC32,5,0.001,ok,True,50.0,40,32,80
CRC32,5,0.001,ok,True,50.0,40,32,80
CRC32,5,0.001,ok,True,50.0,40,32,80
CRC32,5,0.001,ok,True,50.0,40,32,80
CRC32,5,0.001,ok,True,50.0,40,32,80
CRC32,5,0.001,ok,True,50.0,40,32,80
CRC32,5,0.001,ok,True,50.0,40,32,80
CRC32,5,0.001,ok,True,50.0,40,32,80
CRC32,5,0.001,ok,True,50.0,40,32,80
CRC32,5,0.001,ok,True,50.0,40,32,80
CRC32,5,0.001,ok,True,50.0,40,32,80
CRC32,5,0.001,ok,True,50.0,40,32,80
CRC32,5,0.001,ok,True,50.0,40,32,80
CRC32,5,0.001,ok,True,50.0,40,32,80
CRC32,5,0.001,detectado_no_corregido,False,50.0,40,32,80
CRC32,5,0.001,ok,True,50.0,40,32,80
CRC32,5,0.001,detectado_no_corregido,False,50.0,40,32,80
CRC32,5,0.001,ok,True,50.0,40,32,80
CRC32,5,0.001,ok,True,50.0,40,32,80
CRC32,5,0.001,detectado_no_corregido,False,50.0,40,32,80
CRC32,5,0.001,ok,True,50.0,40,32,80
CRC32,5,0.001,ok,True,50.0,40,32,80
CRC32,5,0.001,ok,True,50.0,40,32,80
CRC32,5,0.001,ok,True,50.0,40,32,80
CRC32,5,0.001,ok,True,50.0,40,32,80
CRC32,5,0.001,detectado_no_corregido,False,50.0,40,32,80
CRC32,5,0.001,ok,True,50.0,40,32,80
CRC32,5,0.001,ok,True,50.0,40,32,80
CRC32,5,0.001,ok,True,50.0,40,32,80
CRC32,5,0.001,ok,True,50.0,40,32,80
CRC32,5,0.001,detectado_no_corregido,False,50.0,40,32,80
CRC32,5,0.001,ok,True,50.0,40,32,80
CRC32,5,0.001,detectado_no_corregido,False,50.0,40,32,80
CRC32,5,0.001,ok,True,50.0,40,32,80
CRC32,5,0.001,ok,True,50.0,40,32,80
CRC32,5,0.001,ok,True,50.0,40,32,80
CRC32,5,0.001,ok,True,50.0,40,32,80
CRC32,5,0.001,ok,True,50.0,40,32,80
CRC32,5,0.002,ok,True,50.0,40,32,80
CRC32,5,0.002,ok,True,50.0,40,32,80
CRC32,5,0.002,ok,True,50.0,40,32,80
CRC32,5,0.002,ok,True,50.0,40,32,80
CRC32,5,0.002,ok,True,50.0,40,32,80
CRC32,5,0.002,ok,True,50.0,40,32,80
CRC32,5,0.002,ok,True,50.0,40,32,80
CRC32,5,0.002,ok,True,50.0,40,32,80
CRC32,5,0.002,ok,True,50.0,40,32,80
CRC32,5,0.002,ok,True,50.0,40,32,80
CRC32,5,0.002,ok,True,50.0,40,32,80
CRC32,5,0.002,ok,True,50.0,40,32,80
CRC32,5,0.002,ok,True,50.0,40,32,80
CRC32,5,0.002,ok,True,50.0,40,32,80
CRC32,5,0.002,ok,True,50.0,40,32,80
CRC32,5,0.002,ok,True,50.0,40,32,80
CRC32,5,0.002,ok,True,50.0,40,32,80
CRC32,5,0.002,ok,True,50.0,40,32,80
CRC32,5,0.002,ok,True,50.0,40,32,80
CRC32,5,0.002,ok,True,50.0,40,32,80
CRC32,5,0.002,ok,True,50.0,40,32,80
CRC32,5,0.002,ok,True,50.0,40,32,80
CRC32,5,0.002,ok,True,50.0,40,32,80
CRC32,5,0.002,detectado_no_corregido,False,50.0,40,32,80
CRC32,5,0.002,ok,True,50.0,40,32,80
CRC32,5,0.002,ok,True,50.0,40,32,80
CRC32,5,0.002,ok,True,50.0,40,32,80
CRC32,5,0.002,ok,True,50.0,40,32,80
CRC32,5,0.002,ok,True,50.0,40,32,80
CRC32,5,0.002,ok,True,50.0,40,32,80
CRC32,5,0.002,ok,True,50.0,40,32,80
CRC32,5,0.002,ok,True,50.0,40,32,80
CRC32,5,0.002,ok,True,50.0,40,32,80
CRC32,5,0.002,ok,True,50.0,40,32,80
CRC32,5,0.002,ok,True,50.0,40,32,80
CRC32,5,0.002,ok,True,50.0,40,32,80
CRC32,5,0.002,ok,True,50.0,40,32,80
CRC32,5,0.002,ok,True,50.0,40,32,80
CRC32,5,0.002,ok,True,50.0,40,32,80
CRC32,5,0.002,ok,True,50.0,40,32,80
CRC32,5,0.002,ok,True,50.0,40,32,80
CRC32,5,0.002,ok,True,50.0,40,32,80
CRC32,5,0.002,ok,True,50.0,40,32,80
CRC32,5,0.002,ok,True,50.0,40,32,80
CRC32,5,0.002,ok,True,50.0,40,32,80
CRC32,5,0.002,ok,True,50.0,40,32,80
CRC32,5,0.002,ok,True,50.0,40,32,80
CRC32,5,0.002,ok,True,50.0,40,32,80
CRC32,5,0.002,ok,True,50.0,40,32,80
CRC32,5,0.002,ok,True,50.0,40,32,80
CRC32,5,0.002,ok,True,50.0,40,32,80
CRC32,5,0.002,ok,True,50.0,40,32,80
CRC32,5,0.002,ok,True,50.0,40,32,80
CRC32,5,0.002,ok,True,50.0,40,32,80
CRC32,5,0.002,ok,True,50.0,40,32,80
CRC32,5,0.002,ok,True,50.0,40,32,80
CRC32,5,0.002,ok,True,50.0,40,32,80
CRC32,5,0.002,ok,True,50.0,40,32,80
CRC32,5,0.002,ok,True,50.0,40,32,80
CRC32,5,0.002,detectado_no_corregido,False,50.0,40,32,80
CRC32,5,0.002,ok,True,50.0,40,32,80
CRC32,5,0.002,ok,True,50.0,40,32,80
CRC32,5,0.002,detectado_no_corregido,False,50.0,40,32,80
CRC32,5,0.002,ok,True,50.0,40,32,80
CRC32,5,0.002,ok,True,50.0,40,32,80
CRC32,5,0.002,ok,True,50.0,40,32,80
CRC32,5,0.002,ok,True,50.0,40,32,80
CRC32,5,0.002,detectado_no_corregido,False,50.0,40,32,80
CRC32,5,0.002,ok,True,50.0,40,32,80
CRC32,5,0.002,ok,True,50.0,40,32,80
CRC32,5,0.002,ok,True,50.0,40,32,80
CRC32,5,0.002,ok,True,50.0,40,32,80
CRC32,5,0.002,ok,True,50.0,40,32,80
CRC32,5,0.002,ok,True,50.0,40,32,80
CRC32,5,0.002,ok,True,50.0,40,32,80
CRC32,5,0.002,ok,True,50.0,40,32,80
CRC32,5,0.002,ok,True,50.0,40,32,80
CRC32,5,0.002,ok,True,50.0,40,32,80
CRC32,5,0.002,ok,True,50.0,40,32,80
CRC32,5,0.002,ok,True,50.0,40,32,80
CRC32,5,0.002,ok,True,50.0,40,32,80
CRC32,5,0.002,ok,True,50.0,40,32,80
CRC32,5,0.002,ok,True,50.0,40,32,80
CRC32,5,0.002,ok,True,50.0,40,32,80
CRC32,5,0.002,ok,True,50.0,40,32,80
CRC32,5,0.002,ok,True,50.0,40,32,80
CRC32,5,0.002,ok,True,50.0,40,32,80
CRC32,5,0.002,ok,True,50.0,40,32,80
CRC32,5,0.002,detectado_no_corregido,False,50.0,40,32,80
CRC32,5,0.002,ok,True,50.0,40,32,80
CRC32,5,0.002,ok,True,50.0,40,32,80
CRC32,5,0.002,ok,True,50.0,40,32,80
CRC32,5,0.002,ok,True,50.0,40,32,80
CRC32,5,0.002,ok,True,50.0,40,32,80
CRC32,5,0.002,ok,True,50.0,40,32,80
CRC32,5,0.002,detectado_no_corregido,False,50.0,40,32,80
CRC32,5,0.002,ok,True,50.0,40,32,80
CRC32,5,0.002,ok,True,50.0,40,32,80
CRC32,5,0.002,ok,True,50.0,40,32,80
CRC32,5,0.002,ok,True,50.0,40,32,80
CRC32,5,0.002,ok,True,50.0,40,32,80
CRC32,5,0.002,ok,True,50.0,40,32,80
CRC32,5,0.002,ok,True,50.0,40,32,80
CRC32,5,0.002,ok,True,50.0,40,32,80
CRC32,5,0.002,ok,True,50.0,40,32,80
CRC32,5,0.002,ok,True,50.0,40,32,80
CRC32,5,0.002,ok,True,50.0,40,32,80
CRC32,5,0.002,ok,True,50.0,40,32,80
CRC32,5,0.002,ok,True,50.0,40,32,80
CRC32,5,0.002,ok,True,50.0,40,32,80
CRC32,5,0.002,ok,True,50.0,40,32,80
CRC32,5,0.002,ok,True,50.0,40,32,80
CRC32,5,0.002,detectado_no_corregido,False,50.0,40,32,80
CRC32,5,0.002,ok,True,50.0,40,32,80
CRC32,5,0.002,ok,True,50.0,40,32,80
CRC32,5,0.002,ok,True,50.0,40,32,80
CRC32,5,0.002,ok,True,50.0,40,32,80
CRC32,5,0.002,ok,True,50.0,40,32,80
CRC32,5,0.002,ok,True,50.0,40,32,80
CRC32,5,0.002,cabecera_perdida,False,50.0,40,32,80
CRC32,5,0.002,ok,True,50.0,40,32,80
CRC32,5,0.002,ok,True,50.0,40,32,80
CRC32,5,0.002,ok,True,50.0,40,32,80
CRC32,5,0.002,ok,True,50.0,40,32,80
CRC32,5,0.002,ok,True,50.0,40,32,80
CRC32,5,0.002,ok,True,50.0,40,32,80
CRC32,5,0.002,ok,True,50.0,40,32,80
CRC32,5,0.002,ok,True,50.0,40,32,80
CRC32,5,0.002,ok,True,50.0,40,32,80
CRC32,5,0.002,detectado_no_corregido,False,50.0,40,32,80
CRC32,5,0.002,ok,True,50.0,40,32,80
CRC32,5,0.002,ok,True,50.0,40,32,80
CRC32,5,0.002,ok,True,50.0,40,32,80
CRC32,5,0.002,ok,True,50.0,40,32,80
CRC32,5,0.002,ok,True,50.0,40,32,80
CRC32,5,0.002,ok,True,50.0,40,32,80
CRC32,5,0.002,detectado_no_corregido,False,50.0,40,32,80
CRC32,5,0.002,ok,True,50.0,40,32,80
CRC32,5,0.002,detectado_no_corregido,False,50.0,40,32,80
CRC32,5,0.002,ok,True,50.0,40,32,80
CRC32,5,0.002,cabecera_perdida,False,50.0,40,32,80
CRC32,5,0.002,ok,True,50.0,40,32,80
CRC32,5,0.002,ok,True,50.0,40,32,80
CRC32,5,0.002,detectado_no_corregido,False,50.0,40,32,80
CRC32,5,0.002,ok,True,50.0,40,32,80
CRC32,5,0.002,detectado_no_corregido,False,50.0,40,32,80
CRC32,5,0.002,ok,True,50.0,40,32,80
CRC32,5,0.002,ok,True,50.0,40,32,80
CRC32,5,0.002,ok,True,50.0,40,32,80
CRC32,5,0.002,ok,True,50.0,40,32,80
CRC32,5,0.005,detectado_no_corregido,False,50.0,40,32,80
CRC32,5,0.005,detectado_no_corregido,False,50.0,40,32,80
CRC32,5,0.005,ok,True,50.0,40,32,80
CRC32,5,0.005,ok,True,50.0,40,32,80
CRC32,5,0.005,ok,True,50.0,40,32,80
CRC32,5,0.005,detectado_no_corregido,False,50.0,40,32,80
CRC32,5,0.005,ok,True,50.0,40,32,80
CRC32,5,0.005,detectado_no_corregido,False,50.0,40,32,80
CRC32,5,0.005,detectado_no_corregido,False,50.0,40,32,80
CRC32,5,0.005,detectado_no_corregido,False,50.0,40,32,80
CRC32,5,0.005,ok,True,50.0,40,32,80
CRC32,5,0.005,ok,True,50.0,40,32,80
CRC32,5,0.005,ok,True,50.0,40,32,80
CRC32,5,0.005,detectado_no_corregido,False,50.0,40,32,80
CRC32,5,0.005,ok,True,50.0,40,32,80
CRC32,5,0.005,ok,True,50.0,40,32,80
CRC32,5,0.005,ok,True,50.0,40,32,80
CRC32,5,0.005,ok,True,50.0,40,32,80
CRC32,5,0.005,ok,True,50.0,40,32,80
CRC32,5,0.005,ok,True,50.0,40,32,80
CRC32,5,0.005,ok,True,50.0,40,32,80
CRC32,5,0.005,ok,True,50.0,40,32,80
CRC32,5,0.005,detectado_no_corregido,False,50.0,40,32,80
CRC32,5,0.005,ok,True,50.0,40,32,80
CRC32,5,0.005,ok,True,50.0,40,32,80
CRC32,5,0.005,detectado_no_corregido,False,50.0,40,32,80
CRC32,5,0.005,ok,True,50.0,40,32,80
CRC32,5,0.005,detectado_no_corregido,False,50.0,40,32,80
CRC32,5,0.005,detectado_no_corregido,False,50.0,40,32,80
CRC32,5,0.005,ok,True,50.0,40,32,80
CRC32,5,0.005,ok,True,50.0,40,32,80
CRC32,5,0.005,detectado_no_corregido,False,50.0,40,32,80
CRC32,5,0.005,detectado_no_corregido,False,50.0,40,32,80
CRC32,5,0.005,detectado_no_corregido,False,50.0,40,32,80
CRC32,5,0.005,ok,True,50.0,40,32,80
CRC32,5,0.005,detectado_no_corregido,False,50.0,40,32,80
CRC32,5,0.005,ok,True,50.0,40,32,80
CRC32,5,0.005,ok,True,50.0,40,32,80
CRC32,5,0.005,detectado_no_corregido,False,50.0,40,32,80
CRC32,5,0.005,ok,True,50.0,40,32,80
CRC32,5,0.005,detectado_no_corregido,False,50.0,40,32,80
CRC32,5,0.005,ok,True,50.0,40,32,80
CRC32,5,0.005,ok,True,50.0,40,32,80
CRC32,5,0.005,ok,True,50.0,40,32,80
CRC32,5,0.005,ok,True,50.0,40,32,80
CRC32,5,0.005,ok,True,50.0,40,32,80
CRC32,5,0.005,detectado_no_corregido,False,50.0,40,32,80
CRC32,5,0.005,detectado_no_corregido,False,50.0,40,32,80
CRC32,5,0.005,detectado_no_corregido,False,50.0,40,32,80
CRC32,5,0.005,detectado_no_corregido,False,50.0,40,32,80
CRC32,5,0.005,ok,True,50.0,40,32,80
CRC32,5,0.005,detectado_no_corregido,False,50.0,40,32,80
CRC32,5,0.005,ok,True,50.0,40,32,80
CRC32,5,0.005,ok,True,50.0,40,32,80
CRC32,5,0.005,ok,True,50.0,40,32,80
CRC32,5,0.005,detectado_no_corregido,False,50.0,40,32,80
CRC32,5,0.005,detectado_no_corregido,False,50.0,40,32,80
CRC32,5,0.005,detectado_no_corregido,False,50.0,40,32,80
CRC32,5,0.005,detectado_no_corregido,False,50.0,40,32,80
CRC32,5,0.005,ok,True,50.0,40,32,80
CRC32,5,0.005,ok,True,50.0,40,32,80
CRC32,5,0.005,ok,True,50.0,40,32,80
CRC32,5,0.005,detectado_no_corregido,False,50.0,40,32,80
CRC32,5,0.005,ok,True,50.0,40,32,80
CRC32,5,0.005,ok,True,50.0,40,32,80
CRC32,5,0.005,ok,True,50.0,40,32,80
CRC32,5,0.005,detectado_no_corregido,False,50.0,40,32,80
CRC32,5,0.005,detectado_no_corregido,False,50.0,40,32,80
CRC32,5,0.005,ok,True,50.0,40,32,80
CRC32,5,0.005,ok,True,50.0,40,32,80
CRC32,5,0.005,detectado_no_corregido,False,50.0,40,32,80
CRC32,5,0.005,detectado_no_corregido,False,50.0,40,32,80
CRC32,5,0.005,ok,True,50.0,40,32,80
CRC32,5,0.005,ok,True,50.0,40,32,80
CRC32,5,0.005,ok,True,50.0,40,32,80
CRC32,5,0.005,ok,True,50.0,40,32,80
CRC32,5,0.005,ok,True,50.0,40,32,80
CRC32,5,0.005,detectado_no_corregido,False,50.0,40,32,80
CRC32,5,0.005,ok,True,50.0,40,32,80
CRC32,5,0.005,ok,True,50.0,40,32,80
CRC32,5,0.005,ok,True,50.0,40,32,80
CRC32,5,0.005,ok,True,50.0,40,32,80
CRC32,5,0.005,ok,True,50.0,40,32,80
CRC32,5,0.005,ok,True,50.0,40,32,80
CRC32,5,0.005,detectado_no_corregido,False,50.0,40,32,80
CRC32,5,0.005,detectado_no_corregido,False,50.0,40,32,80
CRC32,5,0.005,ok,True,50.0,40,32,80
CRC32,5,0.005,cabecera_perdida,False,50.0,40,32,80
CRC32,5,0.005,ok,True,50.0,40,32,80
CRC32,5,0.005,ok,True,50.0,40,32,80
CRC32,5,0.005,ok,True,50.0,40,32,80
CRC32,5,0.005,detectado_no_corregido,False,50.0,40,32,80
CRC32,5,0.005,ok,True,50.0,40,32,80
CRC32,5,0.005,ok,True,50.0,40,32,80
CRC32,5,0.005,ok,True,50.0,40,32,80
CRC32,5,0.005,ok,True,50.0,40,32,80
CRC32,5,0.005,detectado_no_corregido,False,50.0,40,32,80
CRC32,5,0.005,ok,True,50.0,40,32,80
CRC32,5,0.005,detectado_no_corregido,False,50.0,40,32,80
CRC32,5,0.005,ok,True,50.0,40,32,80
CRC32,5,0.005,detectado_no_corregido,False,50.0,40,32,80
CRC32,5,0.005,cabecera_perdida,False,50.0,40,32,80
CRC32,5,0.005,ok,True,50.0,40,32,80
CRC32,5,0.005,detectado_no_corregido,False,50.0,40,32,80
CRC32,5,0.005,detectado_no_corregido,False,50.0,40,32,80
CRC32,5,0.005,ok,True,50.0,40,32,80
CRC32,5,0.005,detectado_no_corregido,False,50.0,40,32,80
CRC32,5,0.005,detectado_no_corregido,False,50.0,40,32,80
CRC32,5,0.005,ok,True,50.0,40,32,80
CRC32,5,0.005,ok,True,50.0,40,32,80
CRC32,5,0.005,cabecera_perdida,False,50.0,40,32,80
CRC32,5,0.005,ok,True,50.0,40,32,80
CRC32,5,0.005,ok,True,50.0,40,32,80
CRC32,5,0.005,detectado_no_corregido,False,50.0,40,32,80
CRC32,5,0.005,ok,True,50.0,40,32,80
CRC32,5,0.005,detectado_no_corregido,False,50.0,40,32,80
CRC32,5,0.005,ok,True,50.0,40,32,80
CRC32,5,0.005,ok,True,50.0,40,32,80
CRC32,5,0.005,detectado_no_corregido,False,50.0,40,32,80
CRC32,5,0.005,ok,True,50.0,40,32,80
CRC32,5,0.005,ok,True,50.0,40,32,80
CRC32,5,0.005,ok,True,50.0,40,32,80
CRC32,5,0.005,cabecera_perdida,False,50.0,40,32,80
CRC32,5,0.005,detectado_no_corregido,False,50.0,40,32,80
CRC32,5,0.005,ok,True,50.0,40,32,80
CRC32,5,0.005,ok,True,50.0,40,32,80
CRC32,5,0.005,ok,True,50.0,40,32,80
CRC32,5,0.005,ok,True,50.0,40,32,80
CRC32,5,0.005,ok,True,50.0,40,32,80
CRC32,5,0.005,cabecera_perdida,False,50.0,40,32,80
CRC32,5,0.005,ok,True,50.0,40,32,80
CRC32,5,0.005,ok,True,50.0,40,32,80
CRC32,5,0.005,ok,True,50.0,40,32,80
CRC32,5,0.005,ok,True,50.0,40,32,80
CRC32,5,0.005,ok,True,50.0,40,32,80
CRC32,5,0.005,ok,True,50.0,40,32,80
CRC32,5,0.005,ok,True,50.0,40,32,80
CRC32,5,0.005,detectado_no_corregido,False,50.0,40,32,80
CRC32,5,0.005,ok,True,50.0,40,32,80
CRC32,5,0.005,ok,True,50.0,40,32,80
CRC32,5,0.005,ok,True,50.0,40,32,80
CRC32,5,0.005,ok,True,50.0,40,32,80
CRC32,5,0.005,detectado_no_corregido,False,50.0,40,32,80
CRC32,5,0.005,cabecera_perdida,False,50.0,40,32,80
CRC32,5,0.005,ok,True,50.0,40,32,80
CRC32,5,0.005,cabecera_perdida,False,50.0,40,32,80
CRC32,5,0.005,ok,True,50.0,40,32,80
CRC32,5,0.005,cabecera_perdida,False,50.0,40,32,80
CRC32,5,0.005,detectado_no_corregido,False,50.0,40,32,80
CRC32,5,0.005,ok,True,50.0,40,32,80
CRC32,5,0.01,ok,True,50.0,40,32,80
CRC32,5,0.01,detectado_no_corregido,False,50.0,40,32,80
CRC32,5,0.01,ok,True,50.0,40,32,80
CRC32,5,0.01,detectado_no_corregido,False,50.0,40,32,80
CRC32,5,0.01,ok,True,50.0,40,32,80
CRC32,5,0.01,detectado_no_corregido,False,50.0,40,32,80
CRC32,5,0.01,detectado_no_corregido,False,50.0,40,32,80
CRC32,5,0.01,detectado_no_corregido,False,50.0,40,32,80
CRC32,5,0.01,detectado_no_corregido,False,50.0,40,32,80
CRC32,5,0.01,ok,True,50.0,40,32,80
CRC32,5,0.01,detectado_no_corregido,False,50.0,40,32,80
CRC32,5,0.01,detectado_no_corregido,False,50.0,40,32,80
CRC32,5,0.01,detectado_no_corregido,False,50.0,40,32,80
CRC32,5,0.01,detectado_no_corregido,False,50.0,40,32,80
CRC32,5,0.01,detectado_no_corregido,False,50.0,40,32,80
CRC32,5,0.01,detectado_no_corregido,False,50.0,40,32,80
CRC32,5,0.01,detectado_no_corregido,False,50.0,40,32,80
CRC32,5,0.01,detectado_no_corregido,False,50.0,40,32,80
CRC32,5,0.01,ok,True,50.0,40,32,80
CRC32,5,0.01,detectado_no_corregido,False,50.0,40,32,80
CRC32,5,0.01,ok,True,50.0,40,32,80
CRC32,5,0.01,detectado_no_corregido,False,50.0,40,32,80
CRC32,5,0.01,detectado_no_corregido,False,50.0,40,32,80
CRC32,5,0.01,ok,True,50.0,40,32,80
CRC32,5,0.01,ok,True,50.0,40,32,80
CRC32,5,0.01,ok,True,50.0,40,32,80
CRC32,5,0.01,detectado_no_corregido,False,50.0,40,32,80
CRC32,5,0.01,detectado_no_corregido,False,50.0,40,32,80
CRC32,5,0.01,ok,True,50.0,40,32,80
CRC32,5,0.01,detectado_no_corregido,False,50.0,40,32,80
CRC32,5,0.01,ok,True,50.0,40,32,80
CRC32,5,0.01,detectado_no_corregido,False,50.0,40,32,80
CRC32,5,0.01,ok,True,50.0,40,32,80
CRC32,5,0.01,detectado_no_corregido,False,50.0,40,32,80
CRC32,5,0.01,cabecera_perdida,False,50.0,40,32,80
CRC32,5,0.01,detectado_no_corregido,False,50.0,40,32,80
CRC32,5,0.01,detectado_no_corregido,False,50.0,40,32,80
CRC32,5,0.01,ok,True,50.0,40,32,80
CRC32,5,0.01,detectado_no_corregido,False,50.0,40,32,80
CRC32,5,0.01,detectado_no_corregido,False,50.0,40,32,80
CRC32,5,0.01,detectado_no_corregido,False,50.0,40,32,80
CRC32,5,0.01,cabecera_perdida,False,50.0,40,32,80
CRC32,5,0.01,ok,True,50.0,40,32,80
CRC32,5,0.01,detectado_no_corregido,False,50.0,40,32,80
CRC32,5,0.01,ok,True,50.0,40,32,80
CRC32,5,0.01,detectado_no_corregido,False,50.0,40,32,80
CRC32,5,0.01,cabecera_perdida,False,50.0,40,32,80
CRC32,5,0.01,ok,True,50.0,40,32,80
CRC32,5,0.01,ok,True,50.0,40,32,80
CRC32,5,0.01,detectado_no_corregido,False,50.0,40,32,80
CRC32,5,0.01,cabecera_perdida,False,50.0,40,32,80
CRC32,5,0.01,detectado_no_corregido,False,50.0,40,32,80
CRC32,5,0.01,ok,True,50.0,40,32,80
CRC32,5,0.01,ok,True,50.0,40,32,80
CRC32,5,0.01,ok,True,50.0,40,32,80
CRC32,5,0.01,detectado_no_corregido,False,50.0,40,32,80
CRC32,5,0.01,cabecera_perdida,False,50.0,40,32,80
CRC32,5,0.01,detectado_no_corregido,False,50.0,40,32,80
CRC32,5,0.01,ok,True,50.0,40,32,80
CRC32,5,0.01,detectado_no_corregido,False,50.0,40,32,80
CRC32,5,0.01,detectado_no_corregido,False,50.0,40,32,80
CRC32,5,0.01,ok,True,50.0,40,32,80
CRC32,5,0.01,ok,True,50.0,40,32,80
CRC32,5,0.01,ok,True,50.0,40,32,80
CRC32,5,0.01,detectado_no_corregido,False,50.0,40,32,80
CRC32,5,0.01,detectado_no_corregido,False,50.0,40,32,80
CRC32,5,0.01,cabecera_perdida,False,50.0,40,32,80
CRC32,5,0.01,ok,True,50.0,40,32,80
CRC32,5,0.01,ok,True,50.0,40,32,80
CRC32,5,0.01,detectado_no_corregido,False,50.0,40,32,80
CRC32,5,0.01,ok,True,50.0,40,32,80
CRC32,5,0.01,detectado_no_corregido,False,50.0,40,32,80
CRC32,5,0.01,detectado_no_corregido,False,50.0,40,32,80
CRC32,5,0.01,cabecera_perdida,False,50.0,40,32,80
CRC32,5,0.01,ok,True,50.0,40,32,80
CRC32,5,0.01,ok,True,50.0,40,32,80
CRC32,5,0.01,detectado_no_corregido,False,50.0,40,32,80
CRC32,5,0.01,ok,True,50.0,40,32,80
CRC32,5,0.01,detectado_no_corregido,False,50.0,40,32,80
CRC32,5,0.01,detectado_no_corregido,False,50.0,40,32,80
CRC32,5,0.01,detectado_no_corregido,False,50.0,40,32,80
CRC32,5,0.01,detectado_no_corregido,False,50.0,40,32,80
CRC32,5,0.01,ok,True,50.0,40,32,80
CRC32,5,0.01,detectado_no_corregido,False,50.0,40,32,80
CRC32,5,0.01,ok,True,50.0,40,32,80
CRC32,5,0.01,detectado_no_corregido,False,50.0,40,32,80
CRC32,5,0.01,detectado_no_corregido,False,50.0,40,32,80
CRC32,5,0.01,detectado_no_corregido,False,50.0,40,32,80
CRC32,5,0.01,detectado_no_corregido,False,50.0,40,32,80
CRC32,5,0.01,detectado_no_corregido,False,50.0,40,32,80
CRC32,5,0.01,ok,True,50.0,40,32,80
CRC32,5,0.01,detectado_no_corregido,False,50.0,40,32,80
CRC32,5,0.01,ok,True,50.0,40,32,80
CRC32,5,0.01,ok,True,50.0,40,32,80
CRC32,5,0.01,ok,True,50.0,40,32,80
CRC32,5,0.01,detectado_no_corregido,False,50.0,40,32,80
CRC32,5,0.01,detectado_no_corregido,False,50.0,40,32,80
CRC32,5,0.01,detectado_no_corregido,False,50.0,40,32,80
CRC32,5,0.01,ok,True,50.0,40,32,80
CRC32,5,0.01,ok,True,50.0,40,32,80
CRC32,5,0.01,ok,True,50.0,40,32,80
CRC32,5,0.01,ok,True,50.0,40,32,80
CRC32,5,0.01,detectado_no_corregido,False,50.0,40,32,80
CRC32,5,0.01,detectado_no_corregido,False,50.0,40,32,80
CRC32,5,0.01,ok,True,50.0,40,32,80
CRC32,5,0.01,ok,True,50.0,40,32,80
CRC32,5,0.01,ok,True,50.0,40,32,80
CRC32,5,0.01,detectado_no_corregido,False,50.0,40,32,80
CRC32,5,0.01,cabecera_perdida,False,50.0,40,32,80
CRC32,5,0.01,detectado_no_corregido,False,50.0,40,32,80
CRC32,5,0.01,ok,True,50.0,40,32,80
CRC32,5,0.01,detectado_no_corregido,False,50.0,40,32,80
CRC32,5,0.01,detectado_no_corregido,False,50.0,40,32,80
CRC32,5,0.01,ok,True,50.0,40,32,80
CRC32,5,0.01,ok,True,50.0,40,32,80
CRC32,5,0.01,ok,True,50.0,40,32,80
CRC32,5,0.01,detectado_no_corregido,False,50.0,40,32,80
CRC32,5,0.01,ok,True,50.0,40,32,80
CRC32,5,0.01,ok,True,50.0,40,32,80
CRC32,5,0.01,detectado_no_corregido,False,50.0,40,32,80
CRC32,5,0.01,cabecera_perdida,False,50.0,40,32,80
CRC32,5,0.01,detectado_no_corregido,False,50.0,40,32,80
CRC32,5,0.01,ok,True,50.0,40,32,80
CRC32,5,0.01,ok,True,50.0,40,32,80
CRC32,5,0.01,detectado_no_corregido,False,50.0,40,32,80
CRC32,5,0.01,detectado_no_corregido,False,50.0,40,32,80
CRC32,5,0.01,detectado_no_corregido,False,50.0,40,32,80
CRC32,5,0.01,detectado_no_corregido,False,50.0,40,32,80
CRC32,5,0.01,ok,True,50.0,40,32,80
CRC32,5,0.01,detectado_no_corregido,False,50.0,40,32,80
CRC32,5,0.01,detectado_no_corregido,False,50.0,40,32,80
CRC32,5,0.01,detectado_no_corregido,False,50.0,40,32,80
CRC32,5,0.01,ok,True,50.0,40,32,80
CRC32,5,0.01,ok,True,50.0,40,32,80
CRC32,5,0.01,ok,True,50.0,40,32,80
CRC32,5,0.01,cabecera_perdida,False,50.0,40,32,80
CRC32,5,0.01,ok,True,50.0,40,32,80
CRC32,5,0.01,detectado_no_corregido,False,50.0,40,32,80
CRC32,5,0.01,detectado_no_corregido,False,50.0,40,32,80
CRC32,5,0.01,detectado_no_corregido,False,50.0,40,32,80
CRC32,5,0.01,ok,True,50.0,40,32,80
CRC32,5,0.01,cabecera_perdida,False,50.0,40,32,80
CRC32,5,0.01,detectado_no_corregido,False,50.0,40,32,80
CRC32,5,0.01,ok,True,50.0,40,32,80
CRC32,5,0.01,detectado_no_corregido,False,50.0,40,32,80
CRC32,5,0.01,ok,True,50.0,40,32,80
CRC32,5,0.01,ok,True,50.0,40,32,80
CRC32,5,0.01,cabecera_perdida,False,50.0,40,32,80
CRC32,5,0.01,ok,True,50.0,40,32,80
CRC32,5,0.01,ok,True,50.0,40,32,80
CRC32,5,0.02,detectado_no_corregido,False,50.0,40,32,80
CRC32,5,0.02,detectado_no_corregido,False,50.0,40,32,80
CRC32,5,0.02,detectado_no_corregido,False,50.0,40,32,80
CRC32,5,0.02,ok,True,50.0,40,32,80
CRC32,5,0.02,cabecera_perdida,False,50.0,40,32,80
CRC32,5,0.02,detectado_no_corregido,False,50.0,40,32,80
CRC32,5,0.02,detectado_no_corregido,False,50.0,40,32,80
CRC32,5,0.02,detectado_no_corregido,False,50.0,40,32,80
CRC32,5,0.02,detectado_no_corregido,False,50.0,40,32,80
CRC32,5,0.02,ok,True,50.0,40,32,80
CRC32,5,0.02,ok,True,50.0,40,32,80
CRC32,5,0.02,ok,True,50.0,40,32,80
CRC32,5,0.02,detectado_no_corregido,False,50.0,40,32,80
CRC32,5,0.02,cabecera_perdida,False,50.0,40,32,80
CRC32,5,0.02,cabecera_perdida,False,50.0,40,32,80
CRC32,5,0.02,detectado_no_corregido,False,50.0,40,32,80
CRC32,5,0.02,ok,True,50.0,40,32,80
CRC32,5,0.02,ok,True,50.0,40,32,80
CRC32,5,0.02,detectado_no_corregido,False,50.0,40,32,80
CRC32,5,0.02,detectado_no_corregido,False,50.0,40,32,80
CRC32,5,0.02,ok,True,50.0,40,32,80
CRC32,5,0.02,detectado_no_corregido,False,50.0,40,32,80
CRC32,5,0.02,detectado_no_corregido,False,50.0,40,32,80
CRC32,5,0.02,detectado_no_corregido,False,50.0,40,32,80
CRC32,5,0.02,detectado_no_corregido,False,50.0,40,32,80
CRC32,5,0.02,detectado_no_corregido,False,50.0,40,32,80
CRC32,5,0.02,detectado_no_corregido,False,50.0,40,32,80
CRC32,5,0.02,detectado_no_corregido,False,50.0,40,32,80
CRC32,5,0.02,detectado_no_corregido,False,50.0,40,32,80
CRC32,5,0.02,detectado_no_corregido,False,50.0,40,32,80
CRC32,5,0.02,cabecera_perdida,False,50.0,40,32,80
CRC32,5,0.02,detectado_no_corregido,False,50.0,40,32,80
CRC32,5,0.02,detectado_no_corregido,False,50.0,40,32,80
CRC32,5,0.02,detectado_no_corregido,False,50.0,40,32,80
CRC32,5,0.02,detectado_no_corregido,False,50.0,40,32,80
CRC32,5,0.02,detectado_no_corregido,False,50.0,40,32,80
CRC32,5,0.02,cabecera_perdida,False,50.0,40,32,80
CRC32,5,0.02,cabecera_perdida,False,50.0,40,32,80
CRC32,5,0.02,detectado_no_corregido,False,50.0,40,32,80
CRC32,5,0.02,detectado_no_corregido,False,50.0,40,32,80
CRC32,5,0.02,cabecera_perdida,False,50.0,40,32,80
CRC32,5,0.02,detectado_no_corregido,False,50.0,40,32,80
CRC32,5,0.02,detectado_no_corregido,False,50.0,40,32,80
CRC32,5,0.02,detectado_no_corregido,False,50.0,40,32,80
CRC32,5,0.02,detectado_no_corregido,False,50.0,40,32,80
CRC32,5,0.02,detectado_no_corregido,False,50.0,40,32,80
CRC32,5,0.02,detectado_no_corregido,False,50.0,40,32,80
CRC32,5,0.02,cabecera_perdida,False,50.0,40,32,80
CRC32,5,0.02,detectado_no_corregido,False,50.0,40,32,80
CRC32,5,0.02,detectado_no_corregido,False,50.0,40,32,80
CRC32,5,0.02,detectado_no_corregido,False,50.0,40,32,80
CRC32,5,0.02,detectado_no_corregido,False,50.0,40,32,80
CRC32,5,0.02,cabecera_perdida,False,50.0,40,32,80
CRC32,5,0.02,ok,True,50.0,40,32,80
CRC32,5,0.02,cabecera_perdida,False,50.0,40,32,80
CRC32,5,0.02,detectado_no_corregido,False,50.0,40,32,80
CRC32,5,0.02,ok,True,50.0,40,32,80
CRC32,5,0.02,detectado_no_corregido,False,50.0,40,32,80
CRC32,5,0.02,detectado_no_corregido,False,50.0,40,32,80
CRC32,5,0.02,detectado_no_corregido,False,50.0,40,32,80
CRC32,5,0.02,detectado_no_corregido,False,50.0,40,32,80
CRC32,5,0.02,detectado_no_corregido,False,50.0,40,32,80
CRC32,5,0.02,detectado_no_corregido,False,50.0,40,32,80
CRC32,5,0.02,detectado_no_corregido,False,50.0,40,32,80
CRC32,5,0.02,ok,True,50.0,40,32,80
CRC32,5,0.02,detectado_no_corregido,False,50.0,40,32,80
CRC32,5,0.02,detectado_no_corregido,False,50.0,40,32,80
CRC32,5,0.02,detectado_no_corregido,False,50.0,40,32,80
CRC32,5,0.02,detectado_no_corregido,False,50.0,40,32,80
CRC32,5,0.02,cabecera_perdida,False,50.0,40,32,80
CRC32,5,0.02,detectado_no_corregido,False,50.0,40,32,80
CRC32,5,0.02,ok,True,50.0,40,32,80
CRC32,5,0.02,detectado_no_corregido,False,50.0,40,32,80
CRC32,5,0.02,ok,True,50.0,40,32,80
CRC32,5,0.02,detectado_no_corregido,False,50.0,40,32,80
CRC32,5,0.02,detectado_no_corregido,False,50.0,40,32,80
CRC32,5,0.02,ok,True,50.0,40,32,80
CRC32,5,0.02,ok,True,50.0,40,32,80
CRC32,5,0.02,detectado_no_corregido,False,50.0,40,32,80
CRC32,5,0.02,detectado_no_corregido,False,50.0,40,32,80
CRC32,5,0.02,ok,True,50.0,40,32,80
CRC32,5,0.02,detectado_no_corregido,False,50.0,40,32,80
CRC32,5,0.02,ok,True,50.0,40,32,80
CRC32,5,0.02,detectado_no_corregido,False,50.0,40,32,80
CRC32,5,0.02,ok,True,50.0,40,32,80
CRC32,5,0.02,detectado_no_corregido,False,50.0,40,32,80
CRC32,5,0.02,detectado_no_corregido,False,50.0,40,32,80
CRC32,5,0.02,detectado_no_corregido,False,50.0,40,32,80
CRC32,5,0.02,detectado_no_corregido,False,50.0,40,32,80
CRC32,5,0.02,detectado_no_corregido,False,50.0,40,32,80
CRC32,5,0.02,cabecera_perdida,False,50.0,40,32,80
CRC32,5,0.02,ok,True,50.0,40,32,80
CRC32,5,0.02,cabecera_perdida,False,50.0,40,32,80
CRC32,5,0.02,detectado_no_corregido,False,50.0,40,32,80
CRC32,5,0.02,cabecera_perdida,False,50.0,40,32,80
CRC32,5,0.02,ok,True,50.0,40,32,80
CRC32,5,0.02,detectado_no_corregido,False,50.0,40,32,80
CRC32,5,0.02,cabecera_perdida,False,50.0,40,32,80
CRC32,5,0.02,detectado_no_corregido,False,50.0,40,32,80
CRC32,5,0.02,detectado_no_corregido,False,50.0,40,32,80
CRC32,5,0.02,detectado_no_corregido,False,50.0,40,32,80
CRC32,5,0.02,detectado_no_corregido,False,50.0,40,32,80
CRC32,5,0.02,ok,True,50.0,40,32,80
CRC32,5,0.02,detectado_no_corregido,False,50.0,40,32,80
CRC32,5,0.02,cabecera_perdida,False,50.0,40,32,80
CRC32,5,0.02,detectado_no_corregido,False,50.0,40,32,80
CRC32,5,0.02,ok,True,50.0,40,32,80
CRC32,5,0.02,ok,True,50.0,40,32,80
CRC32,5,0.02,detectado_no_corregido,False,50.0,40,32,80
CRC32,5,0.02,detectado_no_corregido,False,50.0,40,32,80
CRC32,5,0.02,detectado_no_corregido,False,50.0,40,32,80
CRC32,5,0.02,detectado_no_corregido,False,50.0,40,32,80
CRC32,5,0.02,detectado_no_corregido,False,50.0,40,32,80
CRC32,5,0.02,detectado_no_corregido,False,50.0,40,32,80
CRC32,5,0.02,detectado_no_corregido,False,50.0,40,32,80
CRC32,5,0.02,detectado_no_corregido,False,50.0,40,32,80
CRC32,5,0.02,detectado_no_corregido,False,50.0,40,32,80
CRC32,5,0.02,detectado_no_corregido,False,50.0,40,32,80
CRC32,5,0.02,detectado_no_corregido,False,50.0,40,32,80
CRC32,5,0.02,detectado_no_corregido,False,50.0,40,32,80
CRC32,5,0.02,detectado_no_corregido,False,50.0,40,32,80
CRC32,5,0.02,ok,True,50.0,40,32,80
CRC32,5,0.02,detectado_no_corregido,False,50.0,40,32,80
CRC32,5,0.02,detectado_no_corregido,False,50.0,40,32,80
CRC32,5,0.02,detectado_no_corregido,False,50.0,40,32,80
CRC32,5,0.02,detectado_no_corregido,False,50.0,40,32,80
CRC32,5,0.02,ok,True,50.0,40,32,80
CRC32,5,0.02,cabecera_perdida,False,50.0,40,32,80
CRC32,5,0.02,detectado_no_corregido,False,50.0,40,32,80
CRC32,5,0.02,detectado_no_corregido,False,50.0,40,32,80
CRC32,5,0.02,cabecera_perdida,False,50.0,40,32,80
CRC32,5,0.02,detectado_no_corregido,False,50.0,40,32,80
CRC32,5,0.02,cabecera_perdida,False,50.0,40,32,80
CRC32,5,0.02,detectado_no_corregido,False,50.0,40,32,80
CRC32,5,0.02,detectado_no_corregido,False,50.0,40,32,80
CRC32,5,0.02,detectado_no_corregido,False,50.0,40,32,80
CRC32,5,0.02,detectado_no_corregido,False,50.0,40,32,80
CRC32,5,0.02,detectado_no_corregido,False,50.0,40,32,80
CRC32,5,0.02,ok,True,50.0,40,32,80
CRC32,5,0.02,detectado_no_corregido,False,50.0,40,32,80
CRC32,5,0.02,cabecera_perdida,False,50.0,40,32,80
CRC32,5,0.02,cabecera_perdida,False,50.0,40,32,80
CRC32,5,0.02,detectado_no_corregido,False,50.0,40,32,80
CRC32,5,0.02,ok,True,50.0,40,32,80
CRC32,5,0.02,detectado_no_corregido,False,50.0,40,32,80
CRC32,5,0.02,ok,True,50.0,40,32,80
CRC32,5,0.02,detectado_no_corregido,False,50.0,40,32,80
CRC32,5,0.02,detectado_no_corregido,False,50.0,40,32,80
CRC32,5,0.02,detectado_no_corregido,False,50.0,40,32,80
CRC32,5,0.02,ok,True,50.0,40,32,80
CRC32,5,0.03,cabecera_perdida,False,50.0,40,32,80
CRC32,5,0.03,cabecera_perdida,False,50.0,40,32,80
CRC32,5,0.03,cabecera_perdida,False,50.0,40,32,80
CRC32,5,0.03,detectado_no_corregido,False,50.0,40,32,80
CRC32,5,0.03,detectado_no_corregido,False,50.0,40,32,80
CRC32,5,0.03,detectado_no_corregido,False,50.0,40,32,80
CRC32,5,0.03,cabecera_perdida,False,50.0,40,32,80
CRC32,5,0.03,detectado_no_corregido,False,50.0,40,32,80
CRC32,5,0.03,detectado_no_corregido,False,50.0,40,32,80
CRC32,5,0.03,ok,True,50.0,40,32,80
CRC32,5,0.03,cabecera_perdida,False,50.0,40,32,80
CRC32,5,0.03,detectado_no_corregido,False,50.0,40,32,80
CRC32,5,0.03,detectado_no_corregido,False,50.0,40,32,80
CRC32,5,0.03,detectado_no_corregido,False,50.0,40,32,80
CRC32,5,0.03,detectado_no_corregido,False,50.0,40,32,80
CRC32,5,0.03,detectado_no_corregido,False,50.0,40,32,80
CRC32,5,0.03,detectado_no_corregido,False,50.0,40,32,80
CRC32,5,0.03,cabecera_perdida,False,50.0,40,32,80
CRC32,5,0.03,detectado_no_corregido,False,50.0,40,32,80
CRC32,5,0.03,detectado_no_corregido,False,50.0,40,32,80
CRC32,5,0.03,detectado_no_corregido,False,50.0,40,32,80
CRC32,5,0.03,detectado_no_corregido,False,50.0,40,32,80
CRC32,5,0.03,detectado_no_corregido,False,50.0,40,32,80
CRC32,5,0.03,detectado_no_corregido,False,50.0,40,32,80
CRC32,5,0.03,detectado_no_corregido,False,50.0,40,32,80
CRC32,5,0.03,detectado_no_corregido,False,50.0,40,32,80
CRC32,5,0.03,detectado_no_corregido,False,50.0,40,32,80
CRC32,5,0.03,detectado_no_corregido,False,50.0,40,32,80
CRC32,5,0.03,ok,True,50.0,40,32,80
CRC32,5,0.03,detectado_no_corregido,False,50.0,40,32,80
CRC32,5,0.03,cabecera_perdida,False,50.0,40,32,80
CRC32,5,0.03,detectado_no_corregido,False,50.0,40,32,80
CRC32,5,0.03,detectado_no_corregido,False,50.0,40,32,80
CRC32,5,0.03,detectado_no_corregido,False,50.0,40,32,80
CRC32,5,0.03,detectado_no_corregido,False,50.0,40,32,80
CRC32,5,0.03,detectado_no_corregido,False,50.0,40,32,80
CRC32,5,0.03,detectado_no_corregido,False,50.0,40,32,80
CRC32,5,0.03,detectado_no_corregido,False,50.0,40,32,80
CRC32,5,0.03,detectado_no_corregido,False,50.0,40,32,80
CRC32,5,0.03,cabecera_perdida,False,50.0,40,32,80
CRC32,5,0.03,detectado_no_corregido,False,50.0,40,32,80
CRC32,5,0.03,detectado_no_corregido,False,50.0,40,32,80
CRC32,5,0.03,detectado_no_corregido,False,50.0,40,32,80
CRC32,5,0.03,detectado_no_corregido,False,50.0,40,32,80
CRC32,5,0.03,cabecera_perdida,False,50.0,40,32,80
CRC32,5,0.03,ok,True,50.0,40,32,80
CRC32,5,0.03,detectado_no_corregido,False,50.0,40,32,80
CRC32,5,0.03,detectado_no_corregido,False,50.0,40,32,80
CRC32,5,0.03,detectado_no_corregido,False,50.0,40,32,80
CRC32,5,0.03,detectado_no_corregido,False,50.0,40,32,80
CRC32,5,0.03,detectado_no_corregido,False,50.0,40,32,80
CRC32,5,0.03,detectado_no_corregido,False,50.0,40,32,80
CRC32,5,0.03,detectado_no_corregido,False,50.0,40,32,80
CRC32,5,0.03,detectado_no_corregido,False,50.0,40,32,80
CRC32,5,0.03,detectado_no_corregido,False,50.0,40,32,80
CRC32,5,0.03,cabecera_perdida,False,50.0,40,32,80
CRC32,5,0.03,cabecera_perdida,False,50.0,40,32,80
CRC32,5,0.03,ok,True,50.0,40,32,80
CRC32,5,0.03,detectado_no_corregido,False,50.0,40,32,80
CRC32,5,0.03,detectado_no_corregido,False,50.0,40,32,80
CRC32,5,0.03,detectado_no_corregido,False,50.0,40,32,80
CRC32,5,0.03,detectado_no_corregido,False,50.0,40,32,80
CRC32,5,0.03,cabecera_perdida,False,50.0,40,32,80
CRC32,5,0.03,detectado_no_corregido,False,50.0,40,32,80
CRC32,5,0.03,cabecera_perdida,False,50.0,40,32,80
CRC32,5,0.03,detectado_no_corregido,False,50.0,40,32,80
CRC32,5,0.03,detectado_no_corregido,False,50.0,40,32,80
CRC32,5,0.03,detectado_no_corregido,False,50.0,40,32,80
CRC32,5,0.03,cabecera_perdida,False,50.0,40,32,80
CRC32,5,0.03,detectado_no_corregido,False,50.0,40,32,80
CRC32,5,0.03,detectado_no_corregido,False,50.0,40,32,80
CRC32,5,0.03,detectado_no_corregido,False,50.0,40,32,80
CRC32,5,0.03,cabecera_perdida,False,50.0,40,32,80
CRC32,5,0.03,cabecera_perdida,False,50.0,40,32,80
CRC32,5,0.03,detectado_no_corregido,False,50.0,40,32,80
CRC32,5,0.03,detectado_no_corregido,False,50.0,40,32,80
CRC32,5,0.03,detectado_no_corregido,False,50.0,40,32,80
CRC32,5,0.03,detectado_no_corregido,False,50.0,40,32,80
CRC32,5,0.03,cabecera_perdida,False,50.0,40,32,80
CRC32,5,0.03,ok,True,50.0,40,32,80
CRC32,5,0.03,detectado_no_corregido,False,50.0,40,32,80
CRC32,5,0.03,detectado_no_corregido,False,50.0,40,32,80
CRC32,5,0.03,ok,True,50.0,40,32,80
CRC32,5,0.03,detectado_no_corregido,False,50.0,40,32,80
CRC32,5,0.03,detectado_no_corregido,False,50.0,40,32,80
CRC32,5,0.03,ok,True,50.0,40,32,80
CRC32,5,0.03,cabecera_perdida,False,50.0,40,32,80
CRC32,5,0.03,cabecera_perdida,False,50.0,40,32,80
CRC32,5,0.03,cabecera_perdida,False,50.0,40,32,80
CRC32,5,0.03,detectado_no_corregido,False,50.0,40,32,80
CRC32,5,0.03,detectado_no_corregido,False,50.0,40,32,80
CRC32,5,0.03,detectado_no_corregido,False,50.0,40,32,80
CRC32,5,0.03,cabecera_perdida,False,50.0,40,32,80
CRC32,5,0.03,detectado_no_corregido,False,50.0,40,32,80
CRC32,5,0.03,detectado_no_corregido,False,50.0,40,32,80
CRC32,5,0.03,detectado_no_corregido,False,50.0,40,32,80
CRC32,5,0.03,detectado_no_corregido,False,50.0,40,32,80
CRC32,5,0.03,detectado_no_corregido,False,50.0,40,32,80
CRC32,5,0.03,detectado_no_corregido,False,50.0,40,32,80
CRC32,5,0.03,cabecera_perdida,False,50.0,40,32,80
CRC32,5,0.03,ok,True,50.0,40,32,80
CRC32,5,0.03,detectado_no_corregido,False,50.0,40,32,80
CRC32,5,0.03,cabecera_perdida,False,50.0,40,32,80
CRC32,5,0.03,detectado_no_corregido,False,50.0,40,32,80
CRC32,5,0.03,detectado_no_corregido,False,50.0,40,32,80
CRC32,5,0.03,detectado_no_corregido,False,50.0,40,32,80
CRC32,5,0.03,detectado_no_corregido,False,50.0,40,32,80
CRC32,5,0.03,cabecera_perdida,False,50.0,40,32,80
CRC32,5,0.03,detectado_no_corregido,False,50.0,40,32,80
CRC32,5,0.03,detectado_no_corregido,False,50.0,40,32,80
CRC32,5,0.03,detectado_no_corregido,False,50.0,40,32,80
CRC32,5,0.03,detectado_no_corregido,False,50.0,40,32,80
CRC32,5,0.03,detectado_no_corregido,False,50.0,40,32,80
CRC32,5,0.03,detectado_no_corregido,False,50.0,40,32,80
CRC32,5,0.03,cabecera_perdida,False,50.0,40,32,80
CRC32,5,0.03,cabecera_perdida,False,50.0,40,32,80
CRC32,5,0.03,detectado_no_corregido,False,50.0,40,32,80
CRC32,5,0.03,detectado_no_corregido,False,50.0,40,32,80
CRC32,5,0.03,cabecera_perdida,False,50.0,40,32,80
CRC32,5,0.03,detectado_no_corregido,False,50.0,40,32,80
CRC32,5,0.03,detectado_no_corregido,False,50.0,40,32,80
CRC32,5,0.03,cabecera_perdida,False,50.0,40,32,80
CRC32,5,0.03,detectado_no_corregido,False,50.0,40,32,80
CRC32,5,0.03,detectado_no_corregido,False,50.0,40,32,80
CRC32,5,0.03,detectado_no_corregido,False,50.0,40,32,80
CRC32,5,0.03,detectado_no_corregido,False,50.0,40,32,80
CRC32,5,0.03,detectado_no_corregido,False,50.0,40,32,80
CRC32,5,0.03,cabecera_perdida,False,50.0,40,32,80
CRC32,5,0.03,detectado_no_corregido,False,50.0,40,32,80
CRC32,5,0.03,detectado_no_corregido,False,50.0,40,32,80
CRC32,5,0.03,detectado_no_corregido,False,50.0,40,32,80
CRC32,5,0.03,cabecera_perdida,False,50.0,40,32,80
CRC32,5,0.03,detectado_no_corregido,False,50.0,40,32,80
CRC32,5,0.03,detectado_no_corregido,False,50.0,40,32,80
CRC32,5,0.03,detectado_no_corregido,False,50.0,40,32,80
CRC32,5,0.03,cabecera_perdida,False,50.0,40,32,80
CRC32,5,0.03,detectado_no_corregido,False,50.0,40,32,80
CRC32,5,0.03,detectado_no_corregido,False,50.0,40,32,80
CRC32,5,0.03,detectado_no_corregido,False,50.0,40,32,80
CRC32,5,0.03,detectado_no_corregido,False,50.0,40,32,80
CRC32,5,0.03,detectado_no_corregido,False,50.0,40,32,80
CRC32,5,0.03,detectado_no_corregido,False,50.0,40,32,80
CRC32,5,0.03,cabecera_perdida,False,50.0,40,32,80
CRC32,5,0.03,cabecera_perdida,False,50.0,40,32,80
CRC32,5,0.03,detectado_no_corregido,False,50.0,40,32,80
CRC32,5,0.03,detectado_no_corregido,False,50.0,40,32,80
CRC32,5,0.03,detectado_no_corregido,False,50.0,40,32,80
CRC32,5,0.03,detectado_no_corregido,False,50.0,40,32,80
CRC32,5,0.03,cabecera_perdida,False,50.0,40,32,80
CRC32,5,0.03,cabecera_perdida,False,50.0,40,32,80
CRC32,5,0.05,cabecera_perdida,False,50.0,40,32,80
CRC32,5,0.05,detectado_no_corregido,False,50.0,40,32,80
CRC32,5,0.05,detectado_no_corregido,False,50.0,40,32,80
CRC32,5,0.05,detectado_no_corregido,False,50.0,40,32,80
CRC32,5,0.05,detectado_no_corregido,False,50.0,40,32,80
CRC32,5,0.05,detectado_no_corregido,False,50.0,40,32,80
CRC32,5,0.05,detectado_no_corregido,False,50.0,40,32,80
CRC32,5,0.05,cabecera_perdida,False,50.0,40,32,80
CRC32,5,0.05,detectado_no_corregido,False,50.0,40,32,80
CRC32,5,0.05,cabecera_perdida,False,50.0,40,32,80
CRC32,5,0.05,detectado_no_corregido,False,50.0,40,32,80
CRC32,5,0.05,cabecera_perdida,False,50.0,40,32,80
CRC32,5,0.05,detectado_no_corregido,False,50.0,40,32,80
CRC32,5,0.05,detectado_no_corregido,False,50.0,40,32,80
CRC32,5,0.05,detectado_no_corregido,False,50.0,40,32,80
CRC32,5,0.05,detectado_no_corregido,False,50.0,40,32,80
CRC32,5,0.05,detectado_no_corregido,False,50.0,40,32,80
CRC32,5,0.05,detectado_no_corregido,False,50.0,40,32,80
CRC32,5,0.05,cabecera_perdida,False,50.0,40,32,80
CRC32,5,0.05,cabecera_perdida,False,50.0,40,32,80
CRC32,5,0.05,detectado_no_corregido,False,50.0,40,32,80
CRC32,5,0.05,cabecera_perdida,False,50.0,40,32,80
CRC32,5,0.05,detectado_no_corregido,False,50.0,40,32,80
CRC32,5,0.05,cabecera_perdida,False,50.0,40,32,80
CRC32,5,0.05,detectado_no_corregido,False,50.0,40,32,80
CRC32,5,0.05,detectado_no_corregido,False,50.0,40,32,80
CRC32,5,0.05,detectado_no_corregido,False,50.0,40,32,80
CRC32,5,0.05,cabecera_perdida,False,50.0,40,32,80
CRC32,5,0.05,cabecera_perdida,False,50.0,40,32,80
CRC32,5,0.05,detectado_no_corregido,False,50.0,40,32,80
CRC32,5,0.05,detectado_no_corregido,False,50.0,40,32,80
CRC32,5,0.05,detectado_no_corregido,False,50.0,40,32,80
CRC32,5,0.05,detectado_no_corregido,False,50.0,40,32,80
CRC32,5,0.05,detectado_no_corregido,False,50.0,40,32,80
CRC32,5,0.05,cabecera_perdida,False,50.0,40,32,80
CRC32,5,0.05,cabecera_perdida,False,50.0,40,32,80
CRC32,5,0.05,detectado_no_corregido,False,50.0,40,32,80
CRC32,5,0.05,detectado_no_corregido,False,50.0,40,32,80
CRC32,5,0.05,cabecera_perdida,False,50.0,40,32,80
CRC32,5,0.05,detectado_no_corregido,False,50.0,40,32,80
CRC32,5,0.05,detectado_no_corregido,False,50.0,40,32,80
CRC32,5,0.05,cabecera_perdida,False,50.0,40,32,80
CRC32,5,0.05,detectado_no_corregido,False,50.0,40,32,80
CRC32,5,0.05,detectado_no_corregido,False,50.0,40,32,80
CRC32,5,0.05,detectado_no_corregido,False,50.0,40,32,80
CRC32,5,0.05,cabecera_perdida,False,50.0,40,32,80
CRC32,5,0.05,detectado_no_corregido,False,50.0,40,32,80
CRC32,5,0.05,detectado_no_corregido,False,50.0,40,32,80
CRC32,5,0.05,detectado_no_corregido,False,50.0,40,32,80
CRC32,5,0.05,detectado_no_corregido,False,50.0,40,32,80
CRC32,5,0.05,detectado_no_corregido,False,50.0,40,32,80
CRC32,5,0.05,detectado_no_corregido,False,50.0,40,32,80
CRC32,5,0.05,cabecera_perdida,False,50.0,40,32,80
CRC32,5,0.05,detectado_no_corregido,False,50.0,40,32,80
CRC32,5,0.05,cabecera_perdida,False,50.0,40,32,80
CRC32,5,0.05,ok,True,50.0,40,32,80
CRC32,5,0.05,cabecera_perdida,False,50.0,40,32,80
CRC32,5,0.05,detectado_no_corregido,False,50.0,40,32,80
CRC32,5,0.05,detectado_no_corregido,False,50.0,40,32,80
CRC32,5,0.05,detectado_no_corregido,False,50.0,40,32,80
CRC32,5,0.05,detectado_no_corregido,False,50.0,40,32,80
CRC32,5,0.05,detectado_no_corregido,False,50.0,40,32,80
CRC32,5,0.05,cabecera_perdida,False,50.0,40,32,80
CRC32,5,0.05,cabecera_perdida,False,50.0,40,32,80
CRC32,5,0.05,detectado_no_corregido,False,50.0,40,32,80
CRC32,5,0.05,cabecera_perdida,False,50.0,40,32,80
CRC32,5,0.05,detectado_no_corregido,False,50.0,40,32,80
CRC32,5,0.05,detectado_no_corregido,False,50.0,40,32,80
CRC32,5,0.05,cabecera_perdida,False,50.0,40,32,80
CRC32,5,0.05,detectado_no_corregido,False,50.0,40,32,80
CRC32,5,0.05,ok,True,50.0,40,32,80
CRC32,5,0.05,cabecera_perdida,False,50.0,40,32,80
CRC32,5,0.05,detectado_no_corregido,False,50.0,40,32,80
CRC32,5,0.05,detectado_no_corregido,False,50.0,40,32,80
CRC32,5,0.05,detectado_no_corregido,False,50.0,40,32,80
CRC32,5,0.05,detectado_no_corregido,False,50.0,40,32,80
CRC32,5,0.05,detectado_no_corregido,False,50.0,40,32,80
CRC32,5,0.05,detectado_no_corregido,False,50.0,40,32,80
CRC32,5,0.05,detectado_no_corregido,False,50.0,40,32,80
CRC32,5,0.05,detectado_no_corregido,False,50.0,40,32,80
CRC32,5,0.05,detectado_no_corregido,False,50.0,40,32,80
CRC32,5,0.05,cabecera_perdida,False,50.0,40,32,80
CRC32,5,0.05,detectado_no_corregido,False,50.0,40,32,80
CRC32,5,0.05,cabecera_perdida,False,50.0,40,32,80
CRC32,5,0.05,cabecera_perdida,False,50.0,40,32,80
CRC32,5,0.05,cabecera_perdida,False,50.0,40,32,80
CRC32,5,0.05,detectado_no_corregido,False,50.0,40,32,80
CRC32,5,0.05,detectado_no_corregido,False,50.0,40,32,80
CRC32,5,0.05,detectado_no_corregido,False,50.0,40,32,80
CRC32,5,0.05,detectado_no_corregido,False,50.0,40,32,80
CRC32,5,0.05,detectado_no_corregido,False,50.0,40,32,80
CRC32,5,0.05,cabecera_perdida,False,50.0,40,32,80
CRC32,5,0.05,detectado_no_corregido,False,50.0,40,32,80
CRC32,5,0.05,detectado_no_corregido,False,50.0,40,32,80
CRC32,5,0.05,detectado_no_corregido,False,50.0,40,32,80
CRC32,5,0.05,cabecera_perdida,False,50.0,40,32,80
CRC32,5,0.05,cabecera_perdida,False,50.0,40,32,80
CRC32,5,0.05,detectado_no_corregido,False,50.0,40,32,80
CRC32,5,0.05,cabecera_perdida,False,50.0,40,32,80
CRC32,5,0.05,ok,True,50.0,40,32,80
CRC32,5,0.05,cabecera_perdida,False,50.0,40,32,80
CRC32,5,0.05,detectado_no_corregido,False,50.0,40,32,80
CRC32,5,0.05,cabecera_perdida,False,50.0,40,32,80
CRC32,5,0.05,cabecera_perdida,False,50.0,40,32,80
CRC32,5,0.05,detectado_no_corregido,False,50.0,40,32,80
CRC32,5,0.05,cabecera_perdida,False,50.0,40,32,80
CRC32,5,0.05,detectado_no_corregido,False,50.0,40,32,80
CRC32,5,0.05,cabecera_perdida,False,50.0,40,32,80
CRC32,5,0.05,detectado_no_corregido,False,50.0,40,32,80
CRC32,5,0.05,detectado_no_corregido,False,50.0,40,32,80
CRC32,5,0.05,cabecera_perdida,False,50.0,40,32,80
CRC32,5,0.05,detectado_no_corregido,False,50.0,40,32,80
CRC32,5,0.05,detectado_no_corregido,False,50.0,40,32,80
CRC32,5,0.05,detectado_no_corregido,False,50.0,40,32,80
CRC32,5,0.05,cabecera_perdida,False,50.0,40,32,80
CRC32,5,0.05,detectado_no_corregido,False,50.0,40,32,80
CRC32,5,0.05,cabecera_perdida,False,50.0,40,32,80
CRC32,5,0.05,detectado_no_corregido,False,50.0,40,32,80
CRC32,5,0.05,detectado_no_corregido,False,50.0,40,32,80
CRC32,5,0.05,detectado_no_corregido,False,50.0,40,32,80
CRC32,5,0.05,detectado_no_corregido,False,50.0,40,32,80
CRC32,5,0.05,detectado_no_corregido,False,50.0,40,32,80
CRC32,5,0.05,detectado_no_corregido,False,50.0,40,32,80
CRC32,5,0.05,detectado_no_corregido,False,50.0,40,32,80
CRC32,5,0.05,detectado_no_corregido,False,50.0,40,32,80
CRC32,5,0.05,detectado_no_corregido,False,50.0,40,32,80
CRC32,5,0.05,cabecera_perdida,False,50.0,40,32,80
CRC32,5,0.05,cabecera_perdida,False,50.0,40,32,80
CRC32,5,0.05,cabecera_perdida,False,50.0,40,32,80
CRC32,5,0.05,detectado_no_corregido,False,50.0,40,32,80
CRC32,5,0.05,detectado_no_corregido,False,50.0,40,32,80
CRC32,5,0.05,detectado_no_corregido,False,50.0,40,32,80
CRC32,5,0.05,detectado_no_corregido,False,50.0,40,32,80
CRC32,5,0.05,detectado_no_corregido,False,50.0,40,32,80
CRC32,5,0.05,cabecera_perdida,False,50.0,40,32,80
CRC32,5,0.05,detectado_no_corregido,False,50.0,40,32,80
CRC32,5,0.05,detectado_no_corregido,False,50.0,40,32,80
CRC32,5,0.05,detectado_no_corregido,False,50.0,40,32,80
CRC32,5,0.05,detectado_no_corregido,False,50.0,40,32,80
CRC32,5,0.05,detectado_no_corregido,False,50.0,40,32,80
CRC32,5,0.05,detectado_no_corregido,False,50.0,40,32,80
CRC32,5,0.05,detectado_no_corregido,False,50.0,40,32,80
CRC32,5,0.05,cabecera_perdida,False,50.0,40,32,80
CRC32,5,0.05,cabecera_perdida,False,50.0,40,32,80
CRC32,5,0.05,cabecera_perdida,False,50.0,40,32,80
CRC32,5,0.05,detectado_no_corregido,False,50.0,40,32,80
CRC32,5,0.05,cabecera_perdida,False,50.0,40,32,80
CRC32,5,0.05,detectado_no_corregido,False,50.0,40,32,80
CRC32,5,0.05,ok,True,50.0,40,32,80
CRC32,5,0.05,cabecera_perdida,False,50.0,40,32,80
CRC32,5,0.08,detectado_no_corregido,False,50.0,40,32,80
CRC32,5,0.08,detectado_no_corregido,False,50.0,40,32,80
CRC32,5,0.08,detectado_no_corregido,False,50.0,40,32,80
CRC32,5,0.08,detectado_no_corregido,False,50.0,40,32,80
CRC32,5,0.08,detectado_no_corregido,False,50.0,40,32,80
CRC32,5,0.08,cabecera_perdida,False,50.0,40,32,80
CRC32,5,0.08,cabecera_perdida,False,50.0,40,32,80
CRC32,5,0.08,cabecera_perdida,False,50.0,40,32,80
CRC32,5,0.08,detectado_no_corregido,False,50.0,40,32,80
CRC32,5,0.08,cabecera_perdida,False,50.0,40,32,80
CRC32,5,0.08,cabecera_perdida,False,50.0,40,32,80
CRC32,5,0.08,cabecera_perdida,False,50.0,40,32,80
CRC32,5,0.08,detectado_no_corregido,False,50.0,40,32,80
CRC32,5,0.08,cabecera_perdida,False,50.0,40,32,80
CRC32,5,0.08,cabecera_perdida,False,50.0,40,32,80
CRC32,5,0.08,cabecera_perdida,False,50.0,40,32,80
CRC32,5,0.08,detectado_no_corregido,False,50.0,40,32,80
CRC32,5,0.08,cabecera_perdida,False,50.0,40,32,80
CRC32,5,0.08,detectado_no_corregido,False,50.0,40,32,80
CRC32,5,0.08,cabecera_perdida,False,50.0,40,32,80
CRC32,5,0.08,detectado_no_corregido,False,50.0,40,32,80
CRC32,5,0.08,cabecera_perdida,False,50.0,40,32,80
CRC32,5,0.08,detectado_no_corregido,False,50.0,40,32,80
CRC32,5,0.08,cabecera_perdida,False,50.0,40,32,80
CRC32,5,0.08,cabecera_perdida,False,50.0,40,32,80
CRC32,5,0.08,detectado_no_corregido,False,50.0,40,32,80
CRC32,5,0.08,cabecera_perdida,False,50.0,40,32,80
CRC32,5,0.08,detectado_no_corregido,False,50.0,40,32,80
CRC32,5,0.08,cabecera_perdida,False,50.0,40,32,80
CRC32,5,0.08,detectado_no_corregido,False,50.0,40,32,80
CRC32,5,0.08,cabecera_perdida,False,50.0,40,32,80
CRC32,5,0.08,detectado_no_corregido,False,50.0,40,32,80
CRC32,5,0.08,cabecera_perdida,False,50.0,40,32,80
CRC32,5,0.08,cabecera_perdida,False,50.0,40,32,80
CRC32,5,0.08,cabecera_perdida,False,50.0,40,32,80
CRC32,5,0.08,cabecera_perdida,False,50.0,40,32,80
CRC32,5,0.08,cabecera_perdida,False,50.0,40,32,80
CRC32,5,0.08,cabecera_perdida,False,50.0,40,32,80
CRC32,5,0.08,cabecera_perdida,False,50.0,40,32,80
CRC32,5,0.08,cabecera_perdida,False,50.0,40,32,80
CRC32,5,0.08,detectado_no_corregido,False,50.0,40,32,80
CRC32,5,0.08,cabecera_perdida,False,50.0,40,32,80
CRC32,5,0.08,detectado_no_corregido,False,50.0,40,32,80
CRC32,5,0.08,cabecera_perdida,False,50.0,40,32,80
CRC32,5,0.08,cabecera_perdida,False,50.0,40,32,80
CRC32,5,0.08,cabecera_perdida,False,50.0,40,32,80
CRC32,5,0.08,cabecera_perdida,False,50.0,40,32,80
CRC32,5,0.08,detectado_no_corregido,False,50.0,40,32,80
CRC32,5,0.08,detectado_no_corregido,False,50.0,40,32,80
CRC32,5,0.08,cabecera_perdida,False,50.0,40,32,80
CRC32,5,0.08,cabecera_perdida,False,50.0,40,32,80
CRC32,5,0.08,cabecera_perdida,False,50.0,40,32,80
CRC32,5,0.08,cabecera_perdida,False,50.0,40,32,80
CRC32,5,0.08,detectado_no_corregido,False,50.0,40,32,80
CRC32,5,0.08,detectado_no_corregido,False,50.0,40,32,80
CRC32,5,0.08,cabecera_perdida,False,50.0,40,32,80
CRC32,5,0.08,cabecera_perdida,False,50.0,40,32,80
CRC32,5,0.08,detectado_no_corregido,False,50.0,40,32,80
CRC32,5,0.08,cabecera_perdida,False,50.0,40,32,80
CRC32,5,0.08,cabecera_perdida,False,50.0,40,32,80
CRC32,5,0.08,detectado_no_corregido,False,50.0,40,32,80
CRC32,5,0.08,detectado_no_corregido,False,50.0,40,32,80
CRC32,5,0.08,detectado_no_corregido,False,50.0,40,32,80
CRC32,5,0.08,cabecera_perdida,False,50.0,40,32,80
CRC32,5,0.08,detectado_no_corregido,False,50.0,40,32,80
CRC32,5,0.08,detectado_no_corregido,False,50.0,40,32,80
CRC32,5,0.08,cabecera_perdida,False,50.0,40,32,80
CRC32,5,0.08,cabecera_perdida,False,50.0,40,32,80
CRC32,5,0.08,detectado_no_corregido,False,50.0,40,32,80
CRC32,5,0.08,detectado_no_corregido,False,50.0,40,32,80
CRC32,5,0.08,cabecera_perdida,False,50.0,40,32,80
CRC32,5,0.08,detectado_no_corregido,False,50.0,40,32,80
CRC32,5,0.08,cabecera_perdida,False,50.0,40,32,80
CRC32,5,0.08,detectado_no_corregido,False,50.0,40,32,80
CRC32,5,0.08,detectado_no_corregido,False,50.0,40,32,80
CRC32,5,0.08,detectado_no_corregido,False,50.0,40,32,80
CRC32,5,0.08,cabecera_perdida,False,50.0,40,32,80
CRC32,5,0.08,detectado_no_corregido,False,50.0,40,32,80
CRC32,5,0.08,detectado_no_corregido,False,50.0,40,32,80
CRC32,5,0.08,cabecera_perdida,False,50.0,40,32,80
CRC32,5,0.08,cabecera_perdida,False,50.0,40,32,80
CRC32,5,0.08,detectado_no_corregido,False,50.0,40,32,80
CRC32,5,0.08,cabecera_perdida,False,50.0,40,32,80
CRC32,5,0.08,detectado_no_corregido,False,50.0,40,32,80
CRC32,5,0.08,cabecera_perdida,False,50.0,40,32,80
CRC32,5,0.08,detectado_no_corregido,False,50.0,40,32,80
CRC32,5,0.08,detectado_no_corregido,False,50.0,40,32,80
CRC32,5,0.08,cabecera_perdida,False,50.0,40,32,80
CRC32,5,0.08,detectado_no_corregido,False,50.0,40,32,80
CRC32,5,0.08,cabecera_perdida,False,50.0,40,32,80
CRC32,5,0.08,detectado_no_corregido,False,50.0,40,32,80
CRC32,5,0.08,cabecera_perdida,False,50.0,40,32,80
CRC32,5,0.08,detectado_no_corregido,False,50.0,40,32,80
CRC32,5,0.08,detectado_no_corregido,False,50.0,40,32,80
CRC32,5,0.08,detectado_no_corregido,False,50.0,40,32,80
CRC32,5,0.08,detectado_no_corregido,False,50.0,40,32,80
CRC32,5,0.08,cabecera_perdida,False,50.0,40,32,80
CRC32,5,0.08,detectado_no_corregido,False,50.0,40,32,80
CRC32,5,0.08,detectado_no_corregido,False,50.0,40,32,80
CRC32,5,0.08,detectado_no_corregido,False,50.0,40,32,80
CRC32,5,0.08,detectado_no_corregido,False,50.0,40,32,80
CRC32,5,0.08,cabecera_perdida,False,50.0,40,32,80
CRC32,5,0.08,cabecera_perdida,False,50.0,40,32,80
CRC32,5,0.08,cabecera_perdida,False,50.0,40,32,80
CRC32,5,0.08,cabecera_perdida,False,50.0,40,32,80
CRC32,5,0.08,cabecera_perdida,False,50.0,40,32,80
CRC32,5,0.08,cabecera_perdida,False,50.0,40,32,80
CRC32,5,0.08,detectado_no_corregido,False,50.0,40,32,80
CRC32,5,0.08,cabecera_perdida,False,50.0,40,32,80
CRC32,5,0.08,cabecera_perdida,False,50.0,40,32,80
CRC32,5,0.08,detectado_no_corregido,False,50.0,40,32,80
CRC32,5,0.08,detectado_no_corregido,False,50.0,40,32,80
CRC32,5,0.08,cabecera_perdida,False,50.0,40,32,80
CRC32,5,0.08,detectado_no_corregido,False,50.0,40,32,80
CRC32,5,0.08,cabecera_perdida,False,50.0,40,32,80
CRC32,5,0.08,cabecera_perdida,False,50.0,40,32,80
CRC32,5,0.08,cabecera_perdida,False,50.0,40,32,80
CRC32,5,0.08,detectado_no_corregido,False,50.0,40,32,80
CRC32,5,0.08,cabecera_perdida,False,50.0,40,32,80
CRC32,5,0.08,detectado_no_corregido,False,50.0,40,32,80
CRC32,5,0.08,cabecera_perdida,False,50.0,40,32,80
CRC32,5,0.08,cabecera_perdida,False,50.0,40,32,80
CRC32,5,0.08,cabecera_perdida,False,50.0,40,32,80
CRC32,5,0.08,cabecera_perdida,False,50.0,40,32,80
CRC32,5,0.08,cabecera_perdida,False,50.0,40,32,80
CRC32,5,0.08,detectado_no_corregido,False,50.0,40,32,80
CRC32,5,0.08,detectado_no_corregido,False,50.0,40,32,80
CRC32,5,0.08,cabecera_perdida,False,50.0,40,32,80
CRC32,5,0.08,cabecera_perdida,False,50.0,40,32,80
CRC32,5,0.08,detectado_no_corregido,False,50.0,40,32,80
CRC32,5,0.08,detectado_no_corregido,False,50.0,40,32,80
CRC32,5,0.08,detectado_no_corregido,False,50.0,40,32,80
CRC32,5,0.08,detectado_no_corregido,False,50.0,40,32,80
CRC32,5,0.08,detectado_no_corregido,False,50.0,40,32,80
CRC32,5,0.08,cabecera_perdida,False,50.0,40,32,80
CRC32,5,0.08,cabecera_perdida,False,50.0,40,32,80
CRC32,5,0.08,cabecera_perdida,False,50.0,40,32,80
CRC32,5,0.08,cabecera_perdida,False,50.0,40,32,80
CRC32,5,0.08,cabecera_perdida,False,50.0,40,32,80
CRC32,5,0.08,cabecera_perdida,False,50.0,40,32,80
CRC32,5,0.08,detectado_no_corregido,False,50.0,40,32,80
CRC32,5,0.08,detectado_no_corregido,False,50.0,40,32,80
CRC32,5,0.08,cabecera_perdida,False,50.0,40,32,80
CRC32,5,0.08,cabecera_perdida,False,50.0,40,32,80
CRC32,5,0.08,cabecera_perdida,False,50.0,40,32,80
CRC32,5,0.08,detectado_no_corregido,False,50.0,40,32,80
CRC32,5,0.08,cabecera_perdida,False,50.0,40,32,80
CRC32,5,0.08,cabecera_perdida,False,50.0,40,32,80
CRC32,5,0.08,detectado_no_corregido,False,50.0,40,32,80
CRC32,5,0.08,detectado_no_corregido,False,50.0,40,32,80
CRC32,5,0.1,cabecera_perdida,False,50.0,40,32,80
CRC32,5,0.1,detectado_no_corregido,False,50.0,40,32,80
CRC32,5,0.1,cabecera_perdida,False,50.0,40,32,80
CRC32,5,0.1,cabecera_perdida,False,50.0,40,32,80
CRC32,5,0.1,cabecera_perdida,False,50.0,40,32,80
CRC32,5,0.1,detectado_no_corregido,False,50.0,40,32,80
CRC32,5,0.1,cabecera_perdida,False,50.0,40,32,80
CRC32,5,0.1,detectado_no_corregido,False,50.0,40,32,80
CRC32,5,0.1,cabecera_perdida,False,50.0,40,32,80
CRC32,5,0.1,cabecera_perdida,False,50.0,40,32,80
CRC32,5,0.1,detectado_no_corregido,False,50.0,40,32,80
CRC32,5,0.1,cabecera_perdida,False,50.0,40,32,80
CRC32,5,0.1,cabecera_perdida,False,50.0,40,32,80
CRC32,5,0.1,detectado_no_corregido,False,50.0,40,32,80
CRC32,5,0.1,detectado_no_corregido,False,50.0,40,32,80
CRC32,5,0.1,detectado_no_corregido,False,50.0,40,32,80
CRC32,5,0.1,detectado_no_corregido,False,50.0,40,32,80
CRC32,5,0.1,detectado_no_corregido,False,50.0,40,32,80
CRC32,5,0.1,detectado_no_corregido,False,50.0,40,32,80
CRC32,5,0.1,cabecera_perdida,False,50.0,40,32,80
CRC32,5,0.1,detectado_no_corregido,False,50.0,40,32,80
CRC32,5,0.1,detectado_no_corregido,False,50.0,40,32,80
CRC32,5,0.1,cabecera_perdida,False,50.0,40,32,80
CRC32,5,0.1,detectado_no_corregido,False,50.0,40,32,80
CRC32,5,0.1,cabecera_perdida,False,50.0,40,32,80
CRC32,5,0.1,cabecera_perdida,False,50.0,40,32,80
CRC32,5,0.1,cabecera_perdida,False,50.0,40,32,80
CRC32,5,0.1,cabecera_perdida,False,50.0,40,32,80
CRC32,5,0.1,detectado_no_corregido,False,50.0,40,32,80
CRC32,5,0.1,cabecera_perdida,False,50.0,40,32,80
CRC32,5,0.1,cabecera_perdida,False,50.0,40,32,80
CRC32,5,0.1,detectado_no_corregido,False,50.0,40,32,80
CRC32,5,0.1,cabecera_perdida,False,50.0,40,32,80
CRC32,5,0.1,cabecera_perdida,False,50.0,40,32,80
CRC32,5,0.1,cabecera_perdida,False,50.0,40,32,80
CRC32,5,0.1,cabecera_perdida,False,50.0,40,32,80
CRC32,5,0.1,cabecera_perdida,False,50.0,40,32,80
CRC32,5,0.1,detectado_no_corregido,False,50.0,40,32,80
CRC32,5,0.1,cabecera_perdida,False,50.0,40,32,80
CRC32,5,0.1,cabecera_perdida,False,50.0,40,32,80
CRC32,5,0.1,cabecera_perdida,False,50.0,40,32,80
CRC32,5,0.1,detectado_no_corregido,False,50.0,40,32,80
CRC32,5,0.1,detectado_no_corregido,False,50.0,40,32,80
CRC32,5,0.1,detectado_no_corregido,False,50.0,40,32,80
CRC32,5,0.1,cabecera_perdida,False,50.0,40,32,80
CRC32,5,0.1,cabecera_perdida,False,50.0,40,32,80
CRC32,5,0.1,cabecera_perdida,False,50.0,40,32,80
CRC32,5,0.1,cabecera_perdida,False,50.0,40,32,80
CRC32,5,0.1,detectado_no_corregido,False,50.0,40,32,80
CRC32,5,0.1,cabecera_perdida,False,50.0,40,32,80
CRC32,5,0.1,detectado_no_corregido,False,50.0,40,32,80
CRC32,5,0.1,cabecera_perdida,False,50.0,40,32,80
CRC32,5,0.1,cabecera_perdida,False,50.0,40,32,80
CRC32,5,0.1,detectado_no_corregido,False,50.0,40,32,80
CRC32,5,0.1,cabecera_perdida,False,50.0,40,32,80
CRC32,5,0.1,detectado_no_corregido,False,50.0,40,32,80
CRC32,5,0.1,cabecera_perdida,False,50.0,40,32,80
CRC32,5,0.1,detectado_no_corregido,False,50.0,40,32,80
CRC32,5,0.1,detectado_no_corregido,False,50.0,40,32,80
CRC32,5,0.1,detectado_no_corregido,False,50.0,40,32,80
CRC32,5,0.1,cabecera_perdida,False,50.0,40,32,80
CRC32,5,0.1,cabecera_perdida,False,50.0,40,32,80
CRC32,5,0.1,cabecera_perdida,False,50.0,40,32,80
CRC32,5,0.1,cabecera_perdida,False,50.0,40,32,80
CRC32,5,0.1,detectado_no_corregido,False,50.0,40,32,80
CRC32,5,0.1,cabecera_perdida,False,50.0,40,32,80
CRC32,5,0.1,cabecera_perdida,False,50.0,40,32,80
CRC32,5,0.1,cabecera_perdida,False,50.0,40,32,80
CRC32,5,0.1,detectado_no_corregido,False,50.0,40,32,80
CRC32,5,0.1,cabecera_perdida,False,50.0,40,32,80
CRC32,5,0.1,cabecera_perdida,False,50.0,40,32,80
CRC32,5,0.1,cabecera_perdida,False,50.0,40,32,80
CRC32,5,0.1,cabecera_perdida,False,50.0,40,32,80
CRC32,5,0.1,detectado_no_corregido,False,50.0,40,32,80
CRC32,5,0.1,cabecera_perdida,False,50.0,40,32,80
CRC32,5,0.1,cabecera_perdida,False,50.0,40,32,80
CRC32,5,0.1,cabecera_perdida,False,50.0,40,32,80
CRC32,5,0.1,cabecera_perdida,False,50.0,40,32,80
CRC32,5,0.1,detectado_no_corregido,False,50.0,40,32,80
CRC32,5,0.1,detectado_no_corregido,False,50.0,40,32,80
CRC32,5,0.1,detectado_no_corregido,False,50.0,40,32,80
CRC32,5,0.1,cabecera_perdida,False,50.0,40,32,80
CRC32,5,0.1,cabecera_perdida,False,50.0,40,32,80
CRC32,5,0.1,detectado_no_corregido,False,50.0,40,32,80
CRC32,5,0.1,cabecera_perdida,False,50.0,40,32,80
CRC32,5,0.1,cabecera_perdida,False,50.0,40,32,80
CRC32,5,0.1,detectado_no_corregido,False,50.0,40,32,80
CRC32,5,0.1,cabecera_perdida,False,50.0,40,32,80
CRC32,5,0.1,cabecera_perdida,False,50.0,40,32,80
CRC32,5,0.1,cabecera_perdida,False,50.0,40,32,80
CRC32,5,0.1,detectado_no_corregido,False,50.0,40,32,80
CRC32,5,0.1,cabecera_perdida,False,50.0,40,32,80
CRC32,5,0.1,cabecera_perdida,False,50.0,40,32,80
CRC32,5,0.1,cabecera_perdida,False,50.0,40,32,80
CRC32,5,0.1,cabecera_perdida,False,50.0,40,32,80
CRC32,5,0.1,cabecera_perdida,False,50.0,40,32,80
CRC32,5,0.1,detectado_no_corregido,False,50.0,40,32,80
CRC32,5,0.1,cabecera_perdida,False,50.0,40,32,80
CRC32,5,0.1,cabecera_perdida,False,50.0,40,32,80
CRC32,5,0.1,detectado_no_corregido,False,50.0,40,32,80
CRC32,5,0.1,detectado_no_corregido,False,50.0,40,32,80
CRC32,5,0.1,detectado_no_corregido,False,50.0,40,32,80
CRC32,5,0.1,cabecera_perdida,False,50.0,40,32,80
CRC32,5,0.1,cabecera_perdida,False,50.0,40,32,80
CRC32,5,0.1,detectado_no_corregido,False,50.0,40,32,80
CRC32,5,0.1,cabecera_perdida,False,50.0,40,32,80
CRC32,5,0.1,cabecera_perdida,False,50.0,40,32,80
CRC32,5,0.1,cabecera_perdida,False,50.0,40,32,80
CRC32,5,0.1,cabecera_perdida,False,50.0,40,32,80
CRC32,5,0.1,detectado_no_corregido,False,50.0,40,32,80
CRC32,5,0.1,cabecera_perdida,False,50.0,40,32,80
CRC32,5,0.1,cabecera_perdida,False,50.0,40,32,80
CRC32,5,0.1,cabecera_perdida,False,50.0,40,32,80
CRC32,5,0.1,cabecera_perdida,False,50.0,40,32,80
CRC32,5,0.1,detectado_no_corregido,False,50.0,40,32,80
CRC32,5,0.1,detectado_no_corregido,False,50.0,40,32,80
CRC32,5,0.1,detectado_no_corregido,False,50.0,40,32,80
CRC32,5,0.1,detectado_no_corregido,False,50.0,40,32,80
CRC32,5,0.1,detectado_no_corregido,False,50.0,40,32,80
CRC32,5,0.1,detectado_no_corregido,False,50.0,40,32,80
CRC32,5,0.1,cabecera_perdida,False,50.0,40,32,80
CRC32,5,0.1,cabecera_perdida,False,50.0,40,32,80
CRC32,5,0.1,detectado_no_corregido,False,50.0,40,32,80
CRC32,5,0.1,detectado_no_corregido,False,50.0,40,32,80
CRC32,5,0.1,cabecera_perdida,False,50.0,40,32,80
CRC32,5,0.1,detectado_no_corregido,False,50.0,40,32,80
CRC32,5,0.1,cabecera_perdida,False,50.0,40,32,80
CRC32,5,0.1,cabecera_perdida,False,50.0,40,32,80
CRC32,5,0.1,cabecera_perdida,False,50.0,40,32,80
CRC32,5,0.1,cabecera_perdida,False,50.0,40,32,80
CRC32,5,0.1,cabecera_perdida,False,50.0,40,32,80
CRC32,5,0.1,detectado_no_corregido,False,50.0,40,32,80
CRC32,5,0.1,cabecera_perdida,False,50.0,40,32,80
CRC32,5,0.1,detectado_no_corregido,False,50.0,40,32,80
CRC32,5,0.1,detectado_no_corregido,False,50.0,40,32,80
CRC32,5,0.1,cabecera_perdida,False,50.0,40,32,80
CRC32,5,0.1,cabecera_perdida,False,50.0,40,32,80
CRC32,5,0.1,cabecera_perdida,False,50.0,40,32,80
CRC32,5,0.1,detectado_no_corregido,False,50.0,40,32,80
CRC32,5,0.1,detectado_no_corregido,False,50.0,40,32,80
CRC32,5,0.1,cabecera_perdida,False,50.0,40,32,80
CRC32,5,0.1,detectado_no_corregido,False,50.0,40,32,80
CRC32,5,0.1,detectado_no_corregido,False,50.0,40,32,80
CRC32,5,0.1,detectado_no_corregido,False,50.0,40,32,80
CRC32,5,0.1,cabecera_perdida,False,50.0,40,32,80
CRC32,5,0.1,detectado_no_corregido,False,50.0,40,32,80
CRC32,5,0.1,cabecera_perdida,False,50.0,40,32,80
CRC32,5,0.1,cabecera_perdida,False,50.0,40,32,80
CRC32,5,0.1,detectado_no_corregido,False,50.0,40,32,80
CRC32,5,0.1,cabecera_perdida,False,50.0,40,32,80
HAMMING,5,0.0,ok,True,25.925925925925924,40,6,54
HAMMING,5,0.0,ok,True,25.925925925925924,40,6,54
HAMMING,5,0.0,ok,True,25.925925925925924,40,6,54
HAMMING,5,0.0,ok,True,25.925925925925924,40,6,54
HAMMING,5,0.0,ok,True,25.925925925925924,40,6,54
HAMMING,5,0.0,ok,True,25.925925925925924,40,6,54
HAMMING,5,0.0,ok,True,25.925925925925924,40,6,54
HAMMING,5,0.0,ok,True,25.925925925925924,40,6,54
HAMMING,5,0.0,ok,True,25.925925925925924,40,6,54
HAMMING,5,0.0,ok,True,25.925925925925924,40,6,54
HAMMING,5,0.0,ok,True,25.925925925925924,40,6,54
HAMMING,5,0.0,ok,True,25.925925925925924,40,6,54
HAMMING,5,0.0,ok,True,25.925925925925924,40,6,54
HAMMING,5,0.0,ok,True,25.925925925925924,40,6,54
HAMMING,5,0.0,ok,True,25.925925925925924,40,6,54
HAMMING,5,0.0,ok,True,25.925925925925924,40,6,54
HAMMING,5,0.0,ok,True,25.925925925925924,40,6,54
HAMMING,5,0.0,ok,True,25.925925925925924,40,6,54
HAMMING,5,0.0,ok,True,25.925925925925924,40,6,54
HAMMING,5,0.0,ok,True,25.925925925925924,40,6,54
HAMMING,5,0.0,ok,True,25.925925925925924,40,6,54
HAMMING,5,0.0,ok,True,25.925925925925924,40,6,54
HAMMING,5,0.0,ok,True,25.925925925925924,40,6,54
HAMMING,5,0.0,ok,True,25.925925925925924,40,6,54
HAMMING,5,0.0,ok,True,25.925925925925924,40,6,54
HAMMING,5,0.0,ok,True,25.925925925925924,40,6,54
HAMMING,5,0.0,ok,True,25.925925925925924,40,6,54
HAMMING,5,0.0,ok,True,25.925925925925924,40,6,54
HAMMING,5,0.0,ok,True,25.925925925925924,40,6,54
HAMMING,5,0.0,ok,True,25.925925925925924,40,6,54
HAMMING,5,0.0,ok,True,25.925925925925924,40,6,54
HAMMING,5,0.0,ok,True,25.925925925925924,40,6,54
HAMMING,5,0.0,ok,True,25.925925925925924,40,6,54
HAMMING,5,0.0,ok,True,25.925925925925924,40,6,54
HAMMING,5,0.0,ok,True,25.925925925925924,40,6,54
HAMMING,5,0.0,ok,True,25.925925925925924,40,6,54
HAMMING,5,0.0,ok,True,25.925925925925924,40,6,54
HAMMING,5,0.0,ok,True,25.925925925925924,40,6,54
HAMMING,5,0.0,ok,True,25.925925925925924,40,6,54
HAMMING,5,0.0,ok,True,25.925925925925924,40,6,54
HAMMING,5,0.0,ok,True,25.925925925925924,40,6,54
HAMMING,5,0.0,ok,True,25.925925925925924,40,6,54
HAMMING,5,0.0,ok,True,25.925925925925924,40,6,54
HAMMING,5,0.0,ok,True,25.925925925925924,40,6,54
HAMMING,5,0.0,ok,True,25.925925925925924,40,6,54
HAMMING,5,0.0,ok,True,25.925925925925924,40,6,54
HAMMING,5,0.0,ok,True,25.925925925925924,40,6,54
HAMMING,5,0.0,ok,True,25.925925925925924,40,6,54
HAMMING,5,0.0,ok,True,25.925925925925924,40,6,54
HAMMING,5,0.0,ok,True,25.925925925925924,40,6,54
HAMMING,5,0.0,ok,True,25.925925925925924,40,6,54
HAMMING,5,0.0,ok,True,25.925925925925924,40,6,54
HAMMING,5,0.0,ok,True,25.925925925925924,40,6,54
HAMMING,5,0.0,ok,True,25.925925925925924,40,6,54
HAMMING,5,0.0,ok,True,25.925925925925924,40,6,54
HAMMING,5,0.0,ok,True,25.925925925925924,40,6,54
HAMMING,5,0.0,ok,True,25.925925925925924,40,6,54
HAMMING,5,0.0,ok,True,25.925925925925924,40,6,54
HAMMING,5,0.0,ok,True,25.925925925925924,40,6,54
HAMMING,5,0.0,ok,True,25.925925925925924,40,6,54
HAMMING,5,0.0,ok,True,25.925925925925924,40,6,54
HAMMING,5,0.0,ok,True,25.925925925925924,40,6,54
HAMMING,5,0.0,ok,True,25.925925925925924,40,6,54
HAMMING,5,0.0,ok,True,25.925925925925924,40,6,54
HAMMING,5,0.0,ok,True,25.925925925925924,40,6,54
HAMMING,5,0.0,ok,True,25.925925925925924,40,6,54
HAMMING,5,0.0,ok,True,25.925925925925924,40,6,54
HAMMING,5,0.0,ok,True,25.925925925925924,40,6,54
HAMMING,5,0.0,ok,True,25.925925925925924,40,6,54
HAMMING,5,0.0,ok,True,25.925925925925924,40,6,54
HAMMING,5,0.0,ok,True,25.925925925925924,40,6,54
HAMMING,5,0.0,ok,True,25.925925925925924,40,6,54
HAMMING,5,0.0,ok,True,25.925925925925924,40,6,54
HAMMING,5,0.0,ok,True,25.925925925925924,40,6,54
HAMMING,5,0.0,ok,True,25.925925925925924,40,6,54
HAMMING,5,0.0,ok,True,25.925925925925924,40,6,54
HAMMING,5,0.0,ok,True,25.925925925925924,40,6,54
HAMMING,5,0.0,ok,True,25.925925925925924,40,6,54
HAMMING,5,0.0,ok,True,25.925925925925924,40,6,54
HAMMING,5,0.0,ok,True,25.925925925925924,40,6,54
HAMMING,5,0.0,ok,True,25.925925925925924,40,6,54
HAMMING,5,0.0,ok,True,25.925925925925924,40,6,54
HAMMING,5,0.0,ok,True,25.925925925925924,40,6,54
HAMMING,5,0.0,ok,True,25.925925925925924,40,6,54
HAMMING,5,0.0,ok,True,25.925925925925924,40,6,54
HAMMING,5,0.0,ok,True,25.925925925925924,40,6,54
HAMMING,5,0.0,ok,True,25.925925925925924,40,6,54
HAMMING,5,0.0,ok,True,25.925925925925924,40,6,54
HAMMING,5,0.0,ok,True,25.925925925925924,40,6,54
HAMMING,5,0.0,ok,True,25.925925925925924,40,6,54
HAMMING,5,0.0,ok,True,25.925925925925924,40,6,54
HAMMING,5,0.0,ok,True,25.925925925925924,40,6,54
HAMMING,5,0.0,ok,True,25.925925925925924,40,6,54
HAMMING,5,0.0,ok,True,25.925925925925924,40,6,54
HAMMING,5,0.0,ok,True,25.925925925925924,40,6,54
HAMMING,5,0.0,ok,True,25.925925925925924,40,6,54
HAMMING,5,0.0,ok,True,25.925925925925924,40,6,54
HAMMING,5,0.0,ok,True,25.925925925925924,40,6,54
HAMMING,5,0.0,ok,True,25.925925925925924,40,6,54
HAMMING,5,0.0,ok,True,25.925925925925924,40,6,54
HAMMING,5,0.0,ok,True,25.925925925925924,40,6,54
HAMMING,5,0.0,ok,True,25.925925925925924,40,6,54
HAMMING,5,0.0,ok,True,25.925925925925924,40,6,54
HAMMING,5,0.0,ok,True,25.925925925925924,40,6,54
HAMMING,5,0.0,ok,True,25.925925925925924,40,6,54
HAMMING,5,0.0,ok,True,25.925925925925924,40,6,54
HAMMING,5,0.0,ok,True,25.925925925925924,40,6,54
HAMMING,5,0.0,ok,True,25.925925925925924,40,6,54
HAMMING,5,0.0,ok,True,25.925925925925924,40,6,54
HAMMING,5,0.0,ok,True,25.925925925925924,40,6,54
HAMMING,5,0.0,ok,True,25.925925925925924,40,6,54
HAMMING,5,0.0,ok,True,25.925925925925924,40,6,54
HAMMING,5,0.0,ok,True,25.925925925925924,40,6,54
HAMMING,5,0.0,ok,True,25.925925925925924,40,6,54
HAMMING,5,0.0,ok,True,25.925925925925924,40,6,54
HAMMING,5,0.0,ok,True,25.925925925925924,40,6,54
HAMMING,5,0.0,ok,True,25.925925925925924,40,6,54
HAMMING,5,0.0,ok,True,25.925925925925924,40,6,54
HAMMING,5,0.0,ok,True,25.925925925925924,40,6,54
HAMMING,5,0.0,ok,True,25.925925925925924,40,6,54
HAMMING,5,0.0,ok,True,25.925925925925924,40,6,54
HAMMING,5,0.0,ok,True,25.925925925925924,40,6,54
HAMMING,5,0.0,ok,True,25.925925925925924,40,6,54
HAMMING,5,0.0,ok,True,25.925925925925924,40,6,54
HAMMING,5,0.0,ok,True,25.925925925925924,40,6,54
HAMMING,5,0.0,ok,True,25.925925925925924,40,6,54
HAMMING,5,0.0,ok,True,25.925925925925924,40,6,54
HAMMING,5,0.0,ok,True,25.925925925925924,40,6,54
HAMMING,5,0.0,ok,True,25.925925925925924,40,6,54
HAMMING,5,0.0,ok,True,25.925925925925924,40,6,54
HAMMING,5,0.0,ok,True,25.925925925925924,40,6,54
HAMMING,5,0.0,ok,True,25.925925925925924,40,6,54
HAMMING,5,0.0,ok,True,25.925925925925924,40,6,54
HAMMING,5,0.0,ok,True,25.925925925925924,40,6,54
HAMMING,5,0.0,ok,True,25.925925925925924,40,6,54
HAMMING,5,0.0,ok,True,25.925925925925924,40,6,54
HAMMING,5,0.0,ok,True,25.925925925925924,40,6,54
HAMMING,5,0.0,ok,True,25.925925925925924,40,6,54
HAMMING,5,0.0,ok,True,25.925925925925924,40,6,54
HAMMING,5,0.0,ok,True,25.925925925925924,40,6,54
HAMMING,5,0.0,ok,True,25.925925925925924,40,6,54
HAMMING,5,0.0,ok,True,25.925925925925924,40,6,54
HAMMING,5,0.0,ok,True,25.925925925925924,40,6,54
HAMMING,5,0.0,ok,True,25.925925925925924,40,6,54
HAMMING,5,0.0,ok,True,25.925925925925924,40,6,54
HAMMING,5,0.0,ok,True,25.925925925925924,40,6,54
HAMMING,5,0.0,ok,True,25.925925925925924,40,6,54
HAMMING,5,0.0,ok,True,25.925925925925924,40,6,54
HAMMING,5,0.0,ok,True,25.925925925925924,40,6,54
HAMMING,5,0.0,ok,True,25.925925925925924,40,6,54
HAMMING,5,0.001,ok,True,25.925925925925924,40,6,54
HAMMING,5,0.001,ok,True,25.925925925925924,40,6,54
HAMMING,5,0.001,ok,True,25.925925925925924,40,6,54
HAMMING,5,0.001,ok,True,25.925925925925924,40,6,54
HAMMING,5,0.001,corregido,True,25.925925925925924,40,6,54
HAMMING,5,0.001,corregido,True,25.925925925925924,40,6,54
HAMMING,5,0.001,ok,True,25.925925925925924,40,6,54
HAMMING,5,0.001,ok,True,25.925925925925924,40,6,54
HAMMING,5,0.001,ok,True,25.925925925925924,40,6,54
HAMMING,5,0.001,ok,True,25.925925925925924,40,6,54
HAMMING,5,0.001,ok,True,25.925925925925924,40,6,54
HAMMING,5,0.001,ok,True,25.925925925925924,40,6,54
HAMMING,5,0.001,ok,True,25.925925925925924,40,6,54
HAMMING,5,0.001,ok,True,25.925925925925924,40,6,54
HAMMING,5,0.001,ok,True,25.925925925925924,40,6,54
HAMMING,5,0.001,ok,True,25.925925925925924,40,6,54
HAMMING,5,0.001,ok,True,25.925925925925924,40,6,54
HAMMING,5,0.001,ok,True,25.925925925925924,40,6,54
HAMMING,5,0.001,ok,True,25.925925925925924,40,6,54
HAMMING,5,0.001,ok,True,25.925925925925924,40,6,54
HAMMING,5,0.001,ok,True,25.925925925925924,40,6,54
HAMMING,5,0.001,ok,True,25.925925925925924,40,6,54
HAMMING,5,0.001,ok,True,25.925925925925924,40,6,54
HAMMING,5,0.001,ok,True,25.925925925925924,40,6,54
HAMMING,5,0.001,ok,True,25.925925925925924,40,6,54
HAMMING,5,0.001,ok,True,25.925925925925924,40,6,54
HAMMING,5,0.001,ok,True,25.925925925925924,40,6,54
HAMMING,5,0.001,ok,True,25.925925925925924,40,6,54
HAMMING,5,0.001,ok,True,25.925925925925924,40,6,54
HAMMING,5,0.001,ok,True,25.925925925925924,40,6,54
HAMMING,5,0.001,ok,True,25.925925925925924,40,6,54
HAMMING,5,0.001,ok,True,25.925925925925924,40,6,54
HAMMING,5,0.001,ok,True,25.925925925925924,40,6,54
HAMMING,5,0.001,corregido,True,25.925925925925924,40,6,54
HAMMING,5,0.001,ok,True,25.925925925925924,40,6,54
HAMMING,5,0.001,ok,True,25.925925925925924,40,6,54
HAMMING,5,0.001,ok,True,25.925925925925924,40,6,54
HAMMING,5,0.001,ok,True,25.925925925925924,40,6,54
HAMMING,5,0.001,ok,True,25.925925925925924,40,6,54
HAMMING,5,0.001,ok,True,25.925925925925924,40,6,54
HAMMING,5,0.001,ok,True,25.925925925925924,40,6,54
HAMMING,5,0.001,ok,True,25.925925925925924,40,6,54
HAMMING,5,0.001,ok,True,25.925925925925924,40,6,54
HAMMING,5,0.001,ok,True,25.925925925925924,40,6,54
HAMMING,5,0.001,ok,True,25.925925925925924,40,6,54
HAMMING,5,0.001,ok,True,25.925925925925924,40,6,54
HAMMING,5,0.001,ok,True,25.925925925925924,40,6,54
HAMMING,5,0.001,ok,True,25.925925925925924,40,6,54
HAMMING,5,0.001,ok,True,25.925925925925924,40,6,54
HAMMING,5,0.001,ok,True,25.925925925925924,40,6,54
HAMMING,5,0.001,ok,True,25.925925925925924,40,6,54
HAMMING,5,0.001,ok,True,25.925925925925924,40,6,54
HAMMING,5,0.001,ok,True,25.925925925925924,40,6,54
HAMMING,5,0.001,ok,True,25.925925925925924,40,6,54
HAMMING,5,0.001,ok,True,25.925925925925924,40,6,54
HAMMING,5,0.001,ok,True,25.925925925925924,40,6,54
HAMMING,5,0.001,ok,True,25.925925925925924,40,6,54
HAMMING,5,0.001,ok,True,25.925925925925924,40,6,54
HAMMING,5,0.001,ok,True,25.925925925925924,40,6,54
HAMMING,5,0.001,ok,True,25.925925925925924,40,6,54
HAMMING,5,0.001,ok,True,25.925925925925924,40,6,54
HAMMING,5,0.001,ok,True,25.925925925925924,40,6,54
HAMMING,5,0.001,ok,True,25.925925925925924,40,6,54
HAMMING,5,0.001,ok,True,25.925925925925924,40,6,54
HAMMING,5,0.001,ok,True,25.925925925925924,40,6,54
HAMMING,5,0.001,ok,True,25.925925925925924,40,6,54
HAMMING,5,0.001,ok,True,25.925925925925924,40,6,54
HAMMING,5,0.001,cabecera_perdida,False,25.925925925925924,40,6,54
HAMMING,5,0.001,ok,True,25.925925925925924,40,6,54
HAMMING,5,0.001,ok,True,25.925925925925924,40,6,54
HAMMING,5,0.001,ok,True,25.925925925925924,40,6,54
HAMMING,5,0.001,ok,True,25.925925925925924,40,6,54
HAMMING,5,0.001,ok,True,25.925925925925924,40,6,54
HAMMING,5,0.001,ok,True,25.925925925925924,40,6,54
HAMMING,5,0.001,ok,True,25.925925925925924,40,6,54
HAMMING,5,0.001,ok,True,25.925925925925924,40,6,54
HAMMING,5,0.001,ok,True,25.925925925925924,40,6,54
HAMMING,5,0.001,ok,True,25.925925925925924,40,6,54
HAMMING,5,0.001,ok,True,25.925925925925924,40,6,54
HAMMING,5,0.001,ok,True,25.925925925925924,40,6,54
HAMMING,5,0.001,ok,True,25.925925925925924,40,6,54
HAMMING,5,0.001,ok,True,25.925925925925924,40,6,54
HAMMING,5,0.001,ok,True,25.925925925925924,40,6,54
HAMMING,5,0.001,ok,True,25.925925925925924,40,6,54
HAMMING,5,0.001,ok,True,25.925925925925924,40,6,54
HAMMING,5,0.001,ok,True,25.925925925925924,40,6,54
HAMMING,5,0.001,ok,True,25.925925925925924,40,6,54
HAMMING,5,0.001,ok,True,25.925925925925924,40,6,54
HAMMING,5,0.001,ok,True,25.925925925925924,40,6,54
HAMMING,5,0.001,ok,True,25.925925925925924,40,6,54
HAMMING,5,0.001,ok,True,25.925925925925924,40,6,54
HAMMING,5,0.001,ok,True,25.925925925925924,40,6,54
HAMMING,5,0.001,ok,True,25.925925925925924,40,6,54
HAMMING,5,0.001,ok,True,25.925925925925924,40,6,54
HAMMING,5,0.001,ok,True,25.925925925925924,40,6,54
HAMMING,5,0.001,ok,True,25.925925925925924,40,6,54
HAMMING,5,0.001,ok,True,25.925925925925924,40,6,54
HAMMING,5,0.001,ok,True,25.925925925925924,40,6,54
HAMMING,5,0.001,ok,True,25.925925925925924,40,6,54
HAMMING,5,0.001,ok,True,25.925925925925924,40,6,54
HAMMING,5,0.001,ok_paridad,True,25.925925925925924,40,6,54
HAMMING,5,0.001,ok,True,25.925925925925924,40,6,54
HAMMING,5,0.001,ok,True,25.925925925925924,40,6,54
HAMMING,5,0.001,ok,True,25.925925925925924,40,6,54
HAMMING,5,0.001,ok,True,25.925925925925924,40,6,54
HAMMING,5,0.001,ok,True,25.925925925925924,40,6,54
HAMMING,5,0.001,ok,True,25.925925925925924,40,6,54
HAMMING,5,0.001,ok,True,25.925925925925924,40,6,54
HAMMING,5,0.001,ok,True,25.925925925925924,40,6,54
HAMMING,5,0.001,ok,True,25.925925925925924,40,6,54
HAMMING,5,0.001,ok,True,25.925925925925924,40,6,54
HAMMING,5,0.001,ok,True,25.925925925925924,40,6,54
HAMMING,5,0.001,ok,True,25.925925925925924,40,6,54
HAMMING,5,0.001,ok,True,25.925925925925924,40,6,54
HAMMING,5,0.001,ok,True,25.925925925925924,40,6,54
HAMMING,5,0.001,corregido,True,25.925925925925924,40,6,54
HAMMING,5,0.001,ok,True,25.925925925925924,40,6,54
HAMMING,5,0.001,ok,True,25.925925925925924,40,6,54
HAMMING,5,0.001,ok,True,25.925925925925924,40,6,54
HAMMING,5,0.001,ok,True,25.925925925925924,40,6,54
HAMMING,5,0.001,ok,True,25.925925925925924,40,6,54
HAMMING,5,0.001,ok,True,25.925925925925924,40,6,54
HAMMING,5,0.001,ok,True,25.925925925925924,40,6,54
HAMMING,5,0.001,ok,True,25.925925925925924,40,6,54
HAMMING,5,0.001,ok,True,25.925925925925924,40,6,54
HAMMING,5,0.001,cabecera_perdida,False,25.925925925925924,40,6,54
HAMMING,5,0.001,corregido,True,25.925925925925924,40,6,54
HAMMING,5,0.001,ok,True,25.925925925925924,40,6,54
HAMMING,5,0.001,ok,True,25.925925925925924,40,6,54
HAMMING,5,0.001,ok,True,25.925925925925924,40,6,54
HAMMING,5,0.001,ok,True,25.925925925925924,40,6,54
HAMMING,5,0.001,ok_paridad,True,25.925925925925924,40,6,54
HAMMING,5,0.001,ok,True,25.925925925925924,40,6,54
HAMMING,5,0.001,ok,True,25.925925925925924,40,6,54
HAMMING,5,0.001,corregido,True,25.925925925925924,40,6,54
HAMMING,5,0.001,ok,True,25.925925925925924,40,6,54
HAMMING,5,0.001,ok,True,25.925925925925924,40,6,54
HAMMING,5,0.001,ok,True,25.925925925925924,40,6,54
HAMMING,5,0.001,ok,True,25.925925925925924,40,6,54
HAMMING,5,0.001,ok,True,25.925925925925924,40,6,54
HAMMING,5,0.001,ok,True,25.925925925925924,40,6,54
HAMMING,5,0.001,ok,True,25.925925925925924,40,6,54
HAMMING,5,0.001,ok,True,25.925925925925924,40,6,54
HAMMING,5,0.001,ok,True,25.925925925925924,40,6,54
HAMMING,5,0.001,ok,True,25.925925925925924,40,6,54
HAMMING,5,0.001,ok,True,25.925925925925924,40,6,54
HAMMING,5,0.001,ok,True,25.925925925925924,40,6,54
HAMMING,5,0.001,corregido,True,25.925925925925924,40,6,54
HAMMING,5,0.001,ok,True,25.925925925925924,40,6,54
HAMMING,5,0.001,ok,True,25.925925925925924,40,6,54
HAMMING,5,0.002,ok,True,25.925925925925924,40,6,54
HAMMING,5,0.002,corregido,True,25.925925925925924,40,6,54
HAMMING,5,0.002,ok,True,25.925925925925924,40,6,54
HAMMING,5,0.002,ok,True,25.925925925925924,40,6,54
HAMMING,5,0.002,ok,True,25.925925925925924,40,6,54
HAMMING,5,0.002,ok,True,25.925925925925924,40,6,54
HAMMING,5,0.002,corregido,True,25.925925925925924,40,6,54
HAMMING,5,0.002,ok,True,25.925925925925924,40,6,54
HAMMING,5,0.002,ok,True,25.925925925925924,40,6,54
HAMMING,5,0.002,ok,True,25.925925925925924,40,6,54
HAMMING,5,0.002,ok,True,25.925925925925924,40,6,54
HAMMING,5,0.002,ok,True,25.925925925925924,40,6,54
HAMMING,5,0.002,ok,True,25.925925925925924,40,6,54
HAMMING,5,0.002,ok,True,25.925925925925924,40,6,54
HAMMING,5,0.002,ok,True,25.925925925925924,40,6,54
HAMMING,5,0.002,ok,True,25.925925925925924,40,6,54
HAMMING,5,0.002,ok,True,25.925925925925924,40,6,54
HAMMING,5,0.002,ok,True,25.925925925925924,40,6,54
HAMMING,5,0.002,ok,True,25.925925925925924,40,6,54
HAMMING,5,0.002,ok,True,25.925925925925924,40,6,54
HAMMING,5,0.002,ok,True,25.925925925925924,40,6,54
HAMMING,5,0.002,ok,True,25.925925925925924,40,6,54
HAMMING,5,0.002,ok,True,25.925925925925924,40,6,54
HAMMING,5,0.002,ok,True,25.925925925925924,40,6,54
HAMMING,5,0.002,ok,True,25.925925925925924,40,6,54
HAMMING,5,0.002,ok_paridad,True,25.925925925925924,40,6,54
HAMMING,5,0.002,ok,True,25.925925925925924,40,6,54
HAMMING,5,0.002,ok,True,25.925925925925924,40,6,54
HAMMING,5,0.002,ok,True,25.925925925925924,40,6,54
HAMMING,5,0.002,ok,True,25.925925925925924,40,6,54
HAMMING,5,0.002,ok,True,25.925925925925924,40,6,54
HAMMING,5,0.002,corregido,True,25.925925925925924,40,6,54
HAMMING,5,0.002,ok,True,25.925925925925924,40,6,54
HAMMING,5,0.002,ok,True,25.925925925925924,40,6,54
HAMMING,5,0.002,ok,True,25.925925925925924,40,6,54
HAMMING,5,0.002,ok,True,25.925925925925924,40,6,54
HAMMING,5,0.002,ok,True,25.925925925925924,40,6,54
HAMMING,5,0.002,ok,True,25.925925925925924,40,6,54
HAMMING,5,0.002,ok,True,25.925925925925924,40,6,54
HAMMING,5,0.002,ok,True,25.925925925925924,40,6,54
HAMMING,5,0.002,ok,True,25.925925925925924,40,6,54
HAMMING,5,0.002,ok,True,25.925925925925924,40,6,54
HAMMING,5,0.002,corregido,True,25.925925925925924,40,6,54
HAMMING,5,0.002,ok,True,25.925925925925924,40,6,54
HAMMING,5,0.002,ok,True,25.925925925925924,40,6,54
HAMMING,5,0.002,ok,True,25.925925925925924,40,6,54
HAMMING,5,0.002,corregido,True,25.925925925925924,40,6,54
HAMMING,5,0.002,ok,True,25.925925925925924,40,6,54
HAMMING,5,0.002,ok,True,25.925925925925924,40,6,54
HAMMING,5,0.002,ok,True,25.925925925925924,40,6,54
HAMMING,5,0.002,ok,True,25.925925925925924,40,6,54
HAMMING,5,0.002,ok,True,25.925925925925924,40,6,54
HAMMING,5,0.002,ok,True,25.925925925925924,40,6,54
HAMMING,5,0.002,ok,True,25.925925925925924,40,6,54
HAMMING,5,0.002,ok,True,25.925925925925924,40,6,54
HAMMING,5,0.002,ok,True,25.925925925925924,40,6,54
HAMMING,5,0.002,ok,True,25.925925925925924,40,6,54
HAMMING,5,0.002,ok,True,25.925925925925924,40,6,54
HAMMING,5,0.002,ok,True,25.925925925925924,40,6,54
HAMMING,5,0.002,ok,True,25.925925925925924,40,6,54
HAMMING,5,0.002,ok,True,25.925925925925924,40,6,54
HAMMING,5,0.002,ok,True,25.925925925925924,40,6,54
HAMMING,5,0.002,ok,True,25.925925925925924,40,6,54
HAMMING,5,0.002,cabecera_perdida,False,25.925925925925924,40,6,54
HAMMING,5,0.002,ok,True,25.925925925925924,40,6,54
HAMMING,5,0.002,corregido,True,25.925925925925924,40,6,54
HAMMING,5,0.002,ok,True,25.925925925925924,40,6,54
HAMMING,5,0.002,ok,True,25.925925925925924,40,6,54
HAMMING,5,0.002,corregido,True,25.925925925925924,40,6,54
HAMMING,5,0.002,ok,True,25.925925925925924,40,6,54
HAMMING,5,0.002,ok,True,25.925925925925924,40,6,54
HAMMING,5,0.002,ok,True,25.925925925925924,40,6,54
HAMMING,5,0.002,ok,True,25.925925925925924,40,6,54
HAMMING,5,0.002,ok,True,25.925925925925924,40,6,54
HAMMING,5,0.002,ok,True,25.925925925925924,40,6,54
HAMMING,5,0.002,ok,True,25.925925925925924,40,6,54
HAMMING,5,0.002,ok,True,25.925925925925924,40,6,54
HAMMING,5,0.002,ok,True,25.925925925925924,40,6,54
HAMMING,5,0.002,ok,True,25.925925925925924,40,6,54
HAMMING,5,0.002,ok,True,25.925925925925924,40,6,54
HAMMING,5,0.002,ok,True,25.925925925925924,40,6,54
HAMMING,5,0.002,ok,True,25.925925925925924,40,6,54
HAMMING,5,0.002,ok,True,25.925925925925924,40,6,54
HAMMING,5,0.002,ok,True,25.925925925925924,40,6,54
HAMMING,5,0.002,ok,True,25.925925925925924,40,6,54
HAMMING,5,0.002,ok,True,25.925925925925924,40,6,54
HAMMING,5,0.002,ok,True,25.925925925925924,40,6,54
HAMMING,5,0.002,ok,True,25.925925925925924,40,6,54
HAMMING,5,0.002,ok,True,25.925925925925924,40,6,54
HAMMING,5,0.002,ok,True,25.925925925925924,40,6,54
HAMMING,5,0.002,ok,True,25.925925925925924,40,6,54
HAMMING,5,0.002,ok,True,25.925925925925924,40,6,54
HAMMING,5,0.002,ok,True,25.925925925925924,40,6,54
HAMMING,5,0.002,corregido,False,25.925925925925924,40,6,54
HAMMING,5,0.002,ok,True,25.925925925925924,40,6,54
HAMMING,5,0.002,ok,True,25.925925925925924,40,6,54
HAMMING,5,0.002,ok,True,25.925925925925924,40,6,54
HAMMING,5,0.002,ok,True,25.925925925925924,40,6,54
HAMMING,5,0.002,ok,True,25.925925925925924,40,6,54
HAMMING,5,0.002,ok,True,25.925925925925924,40,6,54
HAMMING,5,0.002,ok,True,25.925925925925924,40,6,54
HAMMING,5,0.002,ok,True,25.925925925925924,40,6,54
HAMMING,5,0.002,ok,True,25.925925925925924,40,6,54
HAMMING,5,0.002,ok,True,25.925925925925924,40,6,54
HAMMING,5,0.002,ok,True,25.925925925925924,40,6,54
HAMMING,5,0.002,ok,True,25.925925925925924,40,6,54
HAMMING,5,0.002,ok,True,25.925925925925924,40,6,54
HAMMING,5,0.002,ok,True,25.925925925925924,40,6,54
HAMMING,5,0.002,ok,True,25.925925925925924,40,6,54
HAMMING,5,0.002,ok,True,25.925925925925924,40,6,54
HAMMING,5,0.002,ok,True,25.925925925925924,40,6,54
HAMMING,5,0.002,ok,True,25.925925925925924,40,6,54
HAMMING,5,0.002,ok,True,25.925925925925924,40,6,54
HAMMING,5,0.002,ok,True,25.925925925925924,40,6,54
HAMMING,5,0.002,ok,True,25.925925925925924,40,6,54
HAMMING,5,0.002,ok,True,25.925925925925924,40,6,54
HAMMING,5,0.002,ok,True,25.925925925925924,40,6,54
HAMMING,5,0.002,ok,True,25.925925925925924,40,6,54
HAMMING,5,0.002,ok,True,25.925925925925924,40,6,54
HAMMING,5,0.002,ok,True,25.925925925925924,40,6,54
HAMMING,5,0.002,ok,True,25.925925925925924,40,6,54
HAMMING,5,0.002,ok,True,25.925925925925924,40,6,54
HAMMING,5,0.002,ok,True,25.925925925925924,40,6,54
HAMMING,5,0.002,ok,True,25.925925925925924,40,6,54
HAMMING,5,0.002,ok,True,25.925925925925924,40,6,54
HAMMING,5,0.002,ok,True,25.925925925925924,40,6,54
HAMMING,5,0.002,ok,True,25.925925925925924,40,6,54
HAMMING,5,0.002,corregido,True,25.925925925925924,40,6,54
HAMMING,5,0.002,ok,True,25.925925925925924,40,6,54
HAMMING,5,0.002,ok,True,25.925925925925924,40,6,54
HAMMING,5,0.002,ok,True,25.925925925925924,40,6,54
HAMMING,5,0.002,ok,True,25.925925925925924,40,6,54
HAMMING,5,0.002,ok,True,25.925925925925924,40,6,54
HAMMING,5,0.002,corregido,True,25.925925925925924,40,6,54
HAMMING,5,0.002,ok,True,25.925925925925924,40,6,54
HAMMING,5,0.002,ok,True,25.925925925925924,40,6,54
HAMMING,5,0.002,ok,True,25.925925925925924,40,6,54
HAMMING,5,0.002,ok,True,25.925925925925924,40,6,54
HAMMING,5,0.002,ok,True,25.925925925925924,40,6,54
HAMMING,5,0.002,ok,True,25.925925925925924,40,6,54
HAMMING,5,0.002,corregido,True,25.925925925925924,40,6,54
HAMMING,5,0.002,ok,True,25.925925925925924,40,6,54
HAMMING,5,0.002,ok,True,25.925925925925924,40,6,54
HAMMING,5,0.002,corregido,True,25.925925925925924,40,6,54
HAMMING,5,0.002,ok,True,25.925925925925924,40,6,54
HAMMING,5,0.002,ok,True,25.925925925925924,40,6,54
HAMMING,5,0.002,ok,True,25.925925925925924,40,6,54
HAMMING,5,0.002,ok,True,25.925925925925924,40,6,54
HAMMING,5,0.002,ok,True,25.925925925925924,40,6,54
HAMMING,5,0.002,corregido,True,25.925925925925924,40,6,54
HAMMING,5,0.005,ok,True,25.925925925925924,40,6,54
HAMMING,5,0.005,ok,True,25.925925925925924,40,6,54
HAMMING,5,0.005,ok,True,25.925925925925924,40,6,54
HAMMING,5,0.005,ok,True,25.925925925925924,40,6,54
HAMMING,5,0.005,corregido,True,25.925925925925924,40,6,54
HAMMING,5,0.005,ok,True,25.925925925925924,40,6,54
HAMMING,5,0.005,ok,True,25.925925925925924,40,6,54
HAMMING,5,0.005,ok,True,25.925925925925924,40,6,54
HAMMING,5,0.005,ok,True,25.925925925925924,40,6,54
HAMMING,5,0.005,ok,True,25.925925925925924,40,6,54
HAMMING,5,0.005,ok,True,25.925925925925924,40,6,54
HAMMING,5,0.005,corregido,False,25.925925925925924,40,6,54
HAMMING,5,0.005,ok,True,25.925925925925924,40,6,54
HAMMING,5,0.005,ok,True,25.925925925925924,40,6,54
HAMMING,5,0.005,ok,True,25.925925925925924,40,6,54
HAMMING,5,0.005,ok,True,25.925925925925924,40,6,54
HAMMING,5,0.005,cabecera_perdida,False,25.925925925925924,40,6,54
HAMMING,5,0.005,corregido,True,25.925925925925924,40,6,54
HAMMING,5,0.005,ok,True,25.925925925925924,40,6,54
HAMMING,5,0.005,ok,True,25.925925925925924,40,6,54
HAMMING,5,0.005,ok,True,25.925925925925924,40,6,54
HAMMING,5,0.005,corregido,False,25.925925925925924,40,6,54
HAMMING,5,0.005,ok,True,25.925925925925924,40,6,54
HAMMING,5,0.005,cabecera_perdida,False,25.925925925925924,40,6,54
HAMMING,5,0.005,ok,True,25.925925925925924,40,6,54
HAMMING,5,0.005,ok,True,25.925925925925924,40,6,54
HAMMING,5,0.005,ok,True,25.925925925925924,40,6,54
HAMMING,5,0.005,ok,True,25.925925925925924,40,6,54
HAMMING,5,0.005,ok,True,25.925925925925924,40,6,54
HAMMING,5,0.005,corregido,True,25.925925925925924,40,6,54
HAMMING,5,0.005,cabecera_perdida,False,25.925925925925924,40,6,54
HAMMING,5,0.005,ok,True,25.925925925925924,40,6,54
HAMMING,5,0.005,corregido,True,25.925925925925924,40,6,54
HAMMING,5,0.005,ok,True,25.925925925925924,40,6,54
HAMMING,5,0.005,corregido,True,25.925925925925924,40,6,54
HAMMING,5,0.005,ok,True,25.925925925925924,40,6,54
HAMMING,5,0.005,corregido,True,25.925925925925924,40,6,54
HAMMING,5,0.005,corregido,True,25.925925925925924,40,6,54
HAMMING,5,0.005,ok,True,25.925925925925924,40,6,54
HAMMING,5,0.005,corregido,True,25.925925925925924,40,6,54
HAMMING,5,0.005,ok,True,25.925925925925924,40,6,54
HAMMING,5,0.005,ok,True,25.925925925925924,40,6,54
HAMMING,5,0.005,corregido,True,25.925925925925924,40,6,54
HAMMING,5,0.005,ok,True,25.925925925925924,40,6,54
HAMMING,5,0.005,ok,True,25.925925925925924,40,6,54
HAMMING,5,0.005,corregido,True,25.925925925925924,40,6,54
HAMMING,5,0.005,ok,True,25.925925925925924,40,6,54
HAMMING,5,0.005,ok,True,25.925925925925924,40,6,54
HAMMING,5,0.005,ok,True,25.925925925925924,40,6,54
HAMMING,5,0.005,corregido,True,25.925925925925924,40,6,54
HAMMING,5,0.005,ok,True,25.925925925925924,40,6,54
HAMMING,5,0.005,ok,True,25.925925925925924,40,6,54
HAMMING,5,0.005,ok,True,25.925925925925924,40,6,54
HAMMING,5,0.005,ok,True,25.925925925925924,40,6,54
HAMMING,5,0.005,cabecera_perdida,False,25.925925925925924,40,6,54
HAMMING,5,0.005,ok,True,25.925925925925924,40,6,54
HAMMING,5,0.005,ok,True,25.925925925925924,40,6,54
HAMMING,5,0.005,corregido,True,25.925925925925924,40,6,54
HAMMING,5,0.005,corregido,True,25.925925925925924,40,6,54
HAMMING,5,0.005,ok,True,25.925925925925924,40,6,54
HAMMING,5,0.005,ok,True,25.925925925925924,40,6,54
HAMMING,5,0.005,corregido,True,25.925925925925924,40,6,54
HAMMING,5,0.005,ok,True,25.925925925925924,40,6,54
HAMMING,5,0.005,ok,True,25.925925925925924,40,6,54
HAMMING,5,0.005,ok,True,25.925925925925924,40,6,54
HAMMING,5,0.005,ok,True,25.925925925925924,40,6,54
HAMMING,5,0.005,ok,True,25.925925925925924,40,6,54
HAMMING,5,0.005,ok,True,25.925925925925924,40,6,54
HAMMING,5,0.005,ok,True,25.925925925925924,40,6,54
HAMMING,5,0.005,ok,True,25.925925925925924,40,6,54
HAMMING,5,0.005,corregido,True,25.925925925925924,40,6,54
HAMMING,5,0.005,corregido,True,25.925925925925924,40,6,54
HAMMING,5,0.005,corregido,True,25.925925925925924,40,6,54
HAMMING,5,0.005,cabecera_perdida,False,25.925925925925924,40,6,54
HAMMING,5,0.005,ok,True,25.925925925925924,40,6,54
HAMMING,5,0.005,ok,True,25.925925925925924,40,6,54
HAMMING,5,0.005,ok,True,25.925925925925924,40,6,54
HAMMING,5,0.005,ok,True,25.925925925925924,40,6,54
HAMMING,5,0.005,ok,True,25.925925925925924,40,6,54
HAMMING,5,0.005,corregido,True,25.925925925925924,40,6,54
HAMMING,5,0.005,ok,True,25.925925925925924,40,6,54
HAMMING,5,0.005,ok,True,25.925925925925924,40,6,54
HAMMING,5,0.005,ok,True,25.925925925925924,40,6,54
HAMMING,5,0.005,ok,True,25.925925925925924,40,6,54
HAMMING,5,0.005,ok,True,25.925925925925924,40,6,54
HAMMING,5,0.005,ok,True,25.925925925925924,40,6,54
HAMMING,5,0.005,ok,True,25.925925925925924,40,6,54
HAMMING,5,0.005,cabecera_perdida,False,25.925925925925924,40,6,54
HAMMING,5,0.005,corregido,True,25.925925925925924,40,6,54
HAMMING,5,0.005,ok,True,25.925925925925924,40,6,54
HAMMING,5,0.005,ok,True,25.925925925925924,40,6,54
HAMMING,5,0.005,ok,True,25.925925925925924,40,6,54
HAMMING,5,0.005,corregido,True,25.925925925925924,40,6,54
HAMMING,5,0.005,ok,True,25.925925925925924,40,6,54
HAMMING,5,0.005,ok,True,25.925925925925924,40,6,54
HAMMING,5,0.005,ok,True,25.925925925925924,40,6,54
HAMMING,5,0.005,corregido,True,25.925925925925924,40,6,54
HAMMING,5,0.005,ok,True,25.925925925925924,40,6,54
HAMMING,5,0.005,ok,True,25.925925925925924,40,6,54
HAMMING,5,0.005,ok,True,25.925925925925924,40,6,54
HAMMING,5,0.005,ok,True,25.925925925925924,40,6,54
HAMMING,5,0.005,cabecera_perdida,False,25.925925925925924,40,6,54
HAMMING,5,0.005,ok,True,25.925925925925924,40,6,54
HAMMING,5,0.005,corregido,True,25.925925925925924,40,6,54
HAMMING,5,0.005,ok,True,25.925925925925924,40,6,54
HAMMING,5,0.005,ok,True,25.925925925925924,40,6,54
HAMMING,5,0.005,ok,True,25.925925925925924,40,6,54
HAMMING,5,0.005,ok,True,25.925925925925924,40,6,54
HAMMING,5,0.005,ok,True,25.925925925925924,40,6,54
HAMMING,5,0.005,ok,True,25.925925925925924,40,6,54
HAMMING,5,0.005,corregido,True,25.925925925925924,40,6,54
HAMMING,5,0.005,ok,True,25.925925925925924,40,6,54
HAMMING,5,0.005,ok,True,25.925925925925924,40,6,54
HAMMING,5,0.005,ok,True,25.925925925925924,40,6,54
HAMMING,5,0.005,corregido,True,25.925925925925924,40,6,54
HAMMING,5,0.005,corregido,True,25.925925925925924,40,6,54
HAMMING,5,0.005,ok,True,25.925925925925924,40,6,54
HAMMING,5,0.005,ok,True,25.925925925925924,40,6,54
HAMMING,5,0.005,ok,True,25.925925925925924,40,6,54
HAMMING,5,0.005,corregido,True,25.925925925925924,40,6,54
HAMMING,5,0.005,corregido,True,25.925925925925924,40,6,54
HAMMING,5,0.005,ok,True,25.925925925925924,40,6,54
HAMMING,5,0.005,corregido,True,25.925925925925924,40,6,54
HAMMING,5,0.005,ok,True,25.925925925925924,40,6,54
HAMMING,5,0.005,ok,True,25.925925925925924,40,6,54
HAMMING,5,0.005,corregido,True,25.925925925925924,40,6,54
HAMMING,5,0.005,ok,True,25.925925925925924,40,6,54
HAMMING,5,0.005,ok,True,25.925925925925924,40,6,54
HAMMING,5,0.005,corregido,True,25.925925925925924,40,6,54
HAMMING,5,0.005,ok,True,25.925925925925924,40,6,54
HAMMING,5,0.005,ok,True,25.925925925925924,40,6,54
HAMMING,5,0.005,ok,True,25.925925925925924,40,6,54
HAMMING,5,0.005,ok,True,25.925925925925924,40,6,54
HAMMING,5,0.005,corregido,False,25.925925925925924,40,6,54
HAMMING,5,0.005,ok_paridad,True,25.925925925925924,40,6,54
HAMMING,5,0.005,ok,True,25.925925925925924,40,6,54
HAMMING,5,0.005,ok,True,25.925925925925924,40,6,54
HAMMING,5,0.005,ok,True,25.925925925925924,40,6,54
HAMMING,5,0.005,corregido,True,25.925925925925924,40,6,54
HAMMING,5,0.005,ok,True,25.925925925925924,40,6,54
HAMMING,5,0.005,corregido,True,25.925925925925924,40,6,54
HAMMING,5,0.005,ok,True,25.925925925925924,40,6,54
HAMMING,5,0.005,ok,True,25.925925925925924,40,6,54
HAMMING,5,0.005,ok,True,25.925925925925924,40,6,54
HAMMING,5,0.005,ok,True,25.925925925925924,40,6,54
HAMMING,5,0.005,ok,True,25.925925925925924,40,6,54
HAMMING,5,0.005,corregido,True,25.925925925925924,40,6,54
HAMMING,5,0.005,corregido,True,25.925925925925924,40,6,54
HAMMING,5,0.005,ok,True,25.925925925925924,40,6,54
HAMMING,5,0.005,ok,True,25.925925925925924,40,6,54
HAMMING,5,0.01,ok,True,25.925925925925924,40,6,54
HAMMING,5,0.01,corregido,True,25.925925925925924,40,6,54
HAMMING,5,0.01,corregido,True,25.925925925925924,40,6,54
HAMMING,5,0.01,ok,True,25.925925925925924,40,6,54
HAMMING,5,0.01,ok,True,25.925925925925924,40,6,54
HAMMING,5,0.01,ok,True,25.925925925925924,40,6,54
HAMMING,5,0.01,ok,True,25.925925925925924,40,6,54
HAMMING,5,0.01,ok,True,25.925925925925924,40,6,54
HAMMING,5,0.01,ok,True,25.925925925925924,40,6,54
HAMMING,5,0.01,ok,True,25.925925925925924,40,6,54
HAMMING,5,0.01,ok,True,25.925925925925924,40,6,54
HAMMING,5,0.01,corregido,True,25.925925925925924,40,6,54
HAMMING,5,0.01,ok,True,25.925925925925924,40,6,54
HAMMING,5,0.01,ok,True,25.925925925925924,40,6,54
HAMMING,5,0.01,ok,True,25.925925925925924,40,6,54
HAMMING,5,0.01,corregido,True,25.925925925925924,40,6,54
HAMMING,5,0.01,ok,True,25.925925925925924,40,6,54
HAMMING,5,0.01,ok,True,25.925925925925924,40,6,54
HAMMING,5,0.01,ok,True,25.925925925925924,40,6,54
HAMMING,5,0.01,corregido,False,25.925925925925924,40,6,54
HAMMING,5,0.01,ok,True,25.925925925925924,40,6,54
HAMMING,5,0.01,corregido,True,25.925925925925924,40,6,54
HAMMING,5,0.01,ok,True,25.925925925925924,40,6,54
HAMMING,5,0.01,cabecera_perdida,False,25.925925925925924,40,6,54
HAMMING,5,0.01,ok,True,25.925925925925924,40,6,54
HAMMING,5,0.01,ok,True,25.925925925925924,40,6,54
HAMMING,5,0.01,cabecera_perdida,False,25.925925925925924,40,6,54
HAMMING,5,0.01,corregido,True,25.925925925925924,40,6,54
HAMMING,5,0.01,cabecera_perdida,False,25.925925925925924,40,6,54
HAMMING,5,0.01,ok,True,25.925925925925924,40,6,54
HAMMING,5,0.01,corregido,False,25.925925925925924,40,6,54
HAMMING,5,0.01,corregido,False,25.925925925925924,40,6,54
HAMMING,5,0.01,corregido,True,25.925925925925924,40,6,54
HAMMING,5,0.01,cabecera_perdida,False,25.925925925925924,40,6,54
HAMMING,5,0.01,ok,True,25.925925925925924,40,6,54
HAMMING,5,0.01,ok,True,25.925925925925924,40,6,54
HAMMING,5,0.01,cabecera_perdida,False,25.925925925925924,40,6,54
HAMMING,5,0.01,ok,True,25.925925925925924,40,6,54
HAMMING,5,0.01,ok,True,25.925925925925924,40,6,54
HAMMING,5,0.01,corregido,True,25.925925925925924,40,6,54
HAMMING,5,0.01,ok,True,25.925925925925924,40,6,54
HAMMING,5,0.01,ok,True,25.925925925925924,40,6,54
HAMMING,5,0.01,ok,True,25.925925925925924,40,6,54
HAMMING,5,0.01,corregido,True,25.925925925925924,40,6,54
HAMMING,5,0.01,ok_paridad,True,25.925925925925924,40,6,54
HAMMING,5,0.01,ok,True,25.925925925925924,40,6,54
HAMMING,5,0.01,ok,True,25.925925925925924,40,6,54
HAMMING,5,0.01,ok,True,25.925925925925924,40,6,54
HAMMING,5,0.01,ok,True,25.925925925925924,40,6,54
HAMMING,5,0.01,ok,True,25.925925925925924,40,6,54
HAMMING,5,0.01,ok,True,25.925925925925924,40,6,54
HAMMING,5,0.01,ok,True,25.925925925925924,40,6,54
HAMMING,5,0.01,ok,True,25.925925925925924,40,6,54
HAMMING,5,0.01,corregido,True,25.925925925925924,40,6,54
HAMMING,5,0.01,ok,True,25.925925925925924,40,6,54
HAMMING,5,0.01,corregido,False,25.925925925925924,40,6,54
HAMMING,5,0.01,corregido,True,25.925925925925924,40,6,54
HAMMING,5,0.01,ok,True,25.925925925925924,40,6,54
HAMMING,5,0.01,cabecera_perdida,False,25.925925925925924,40,6,54
HAMMING,5,0.01,ok,True,25.925925925925924,40,6,54
HAMMING,5,0.01,cabecera_perdida,False,25.925925925925924,40,6,54
HAMMING,5,0.01,cabecera_perdida,False,25.925925925925924,40,6,54
HAMMING,5,0.01,corregido,True,25.925925925925924,40,6,54
HAMMING,5,0.01,ok,True,25.925925925925924,40,6,54
HAMMING,5,0.01,corregido,True,25.925925925925924,40,6,54
HAMMING,5,0.01,ok,True,25.925925925925924,40,6,54
HAMMING,5,0.01,corregido,True,25.925925925925924,40,6,54
HAMMING,5,0.01,cabecera_perdida,False,25.925925925925924,40,6,54
HAMMING,5,0.01,ok,True,25.925925925925924,40,6,54
HAMMING,5,0.01,corregido,True,25.925925925925924,40,6,54
HAMMING,5,0.01,cabecera_perdida,False,25.925925925925924,40,6,54
HAMMING,5,0.01,ok,True,25.925925925925924,40,6,54
HAMMING,5,0.01,ok,True,25.925925925925924,40,6,54
HAMMING,5,0.01,ok,True,25.925925925925924,40,6,54
HAMMING,5,0.01,ok,True,25.925925925925924,40,6,54
HAMMING,5,0.01,ok,True,25.925925925925924,40,6,54
HAMMING,5,0.01,ok,True,25.925925925925924,40,6,54
HAMMING,5,0.01,ok,True,25.925925925925924,40,6,54
HAMMING,5,0.01,ok,True,25.925925925925924,40,6,54
HAMMING,5,0.01,cabecera_perdida,False,25.925925925925924,40,6,54
HAMMING,5,0.01,ok,True,25.925925925925924,40,6,54
HAMMING,5,0.01,ok,True,25.925925925925924,40,6,54
HAMMING,5,0.01,ok_paridad,True,25.925925925925924,40,6,54
HAMMING,5,0.01,cabecera_perdida,False,25.925925925925924,40,6,54
HAMMING,5,0.01,ok,True,25.925925925925924,40,6,54
HAMMING,5,0.01,ok,True,25.925925925925924,40,6,54
HAMMING,5,0.01,corregido,True,25.925925925925924,40,6,54
HAMMING,5,0.01,ok,True,25.925925925925924,40,6,54
HAMMING,5,0.01,ok,True,25.925925925925924,40,6,54
HAMMING,5,0.01,ok,True,25.925925925925924,40,6,54
HAMMING,5,0.01,corregido,True,25.925925925925924,40,6,54
HAMMING,5,0.01,ok_paridad,True,25.925925925925924,40,6,54
HAMMING,5,0.01,ok,True,25.925925925925924,40,6,54
HAMMING,5,0.01,ok,True,25.925925925925924,40,6,54
HAMMING,5,0.01,ok,True,25.925925925925924,40,6,54
HAMMING,5,0.01,ok,True,25.925925925925924,40,6,54
HAMMING,5,0.01,ok,True,25.925925925925924,40,6,54
HAMMING,5,0.01,ok,True,25.925925925925924,40,6,54
HAMMING,5,0.01,corregido,True,25.925925925925924,40,6,54
HAMMING,5,0.01,ok,True,25.925925925925924,40,6,54
HAMMING,5,0.01,corregido,False,25.925925925925924,40,6,54
HAMMING,5,0.01,corregido,True,25.925925925925924,40,6,54
HAMMING,5,0.01,ok,True,25.925925925925924,40,6,54
HAMMING,5,0.01,ok,True,25.925925925925924,40,6,54
HAMMING,5,0.01,corregido,True,25.925925925925924,40,6,54
HAMMING,5,0.01,corregido,True,25.925925925925924,40,6,54
HAMMING,5,0.01,ok,True,25.925925925925924,40,6,54
HAMMING,5,0.01,cabecera_perdida,False,25.925925925925924,40,6,54
HAMMING,5,0.01,corregido,False,25.925925925925924,40,6,54
HAMMING,5,0.01,ok,True,25.925925925925924,40,6,54
HAMMING,5,0.01,ok,True,25.925925925925924,40,6,54
HAMMING,5,0.01,ok,True,25.925925925925924,40,6,54
HAMMING,5,0.01,ok,True,25.925925925925924,40,6,54
HAMMING,5,0.01,corregido,True,25.925925925925924,40,6,54
HAMMING,5,0.01,ok,True,25.925925925925924,40,6,54
HAMMING,5,0.01,corregido,True,25.925925925925924,40,6,54
HAMMING,5,0.01,ok,True,25.925925925925924,40,6,54
HAMMING,5,0.01,corregido,True,25.925925925925924,40,6,54
HAMMING,5,0.01,ok,True,25.925925925925924,40,6,54
HAMMING,5,0.01,ok,True,25.925925925925924,40,6,54
HAMMING,5,0.01,ok,True,25.925925925925924,40,6,54
HAMMING,5,0.01,ok,True,25.925925925925924,40,6,54
HAMMING,5,0.01,ok,True,25.925925925925924,40,6,54
HAMMING,5,0.01,cabecera_perdida,False,25.925925925925924,40,6,54
HAMMING,5,0.01,corregido,True,25.925925925925924,40,6,54
HAMMING,5,0.01,ok,True,25.925925925925924,40,6,54
HAMMING,5,0.01,ok,True,25.925925925925924,40,6,54
HAMMING,5,0.01,ok,True,25.925925925925924,40,6,54
HAMMING,5,0.01,corregido,True,25.925925925925924,40,6,54
HAMMING,5,0.01,corregido,True,25.925925925925924,40,6,54
HAMMING,5,0.01,ok,True,25.925925925925924,40,6,54
HAMMING,5,0.01,ok,True,25.925925925925924,40,6,54
HAMMING,5,0.01,ok,True,25.925925925925924,40,6,54
HAMMING,5,0.01,ok,True,25.925925925925924,40,6,54
HAMMING,5,0.01,ok,True,25.925925925925924,40,6,54
HAMMING,5,0.01,ok,True,25.925925925925924,40,6,54
HAMMING,5,0.01,ok,True,25.925925925925924,40,6,54
HAMMING,5,0.01,corregido,True,25.925925925925924,40,6,54
HAMMING,5,0.01,ok,True,25.925925925925924,40,6,54
HAMMING,5,0.01,corregido,True,25.925925925925924,40,6,54
HAMMING,5,0.01,ok,True,25.925925925925924,40,6,54
HAMMING,5,0.01,ok,True,25.925925925925924,40,6,54
HAMMING,5,0.01,corregido,False,25.925925925925924,40,6,54
HAMMING,5,0.01,corregido,True,25.925925925925924,40,6,54
HAMMING,5,0.01,ok,True,25.925925925925924,40,6,54
HAMMING,5,0.01,corregido,True,25.925925925925924,40,6,54
HAMMING,5,0.01,ok_paridad,False,25.925925925925924,40,6,54
HAMMING,5,0.01,cabecera_perdida,False,25.925925925925924,40,6,54
HAMMING,5,0.01,ok,True,25.925925925925924,40,6,54
HAMMING,5,0.01,ok,True,25.925925925925924,40,6,54
HAMMING,5,0.02,cabecera_perdida,False,25.925925925925924,40,6,54
HAMMING,5,0.02,cabecera_perdida,False,25.925925925925924,40,6,54
HAMMING,5,0.02,ok,True,25.925925925925924,40,6,54
HAMMING,5,0.02,corregido,False,25.925925925925924,40,6,54
HAMMING,5,0.02,corregido,True,25.925925925925924,40,6,54
HAMMING,5,0.02,ok,True,25.925925925925924,40,6,54
HAMMING,5,0.02,ok,True,25.925925925925924,40,6,54
HAMMING,5,0.02,corregido,True,25.925925925925924,40,6,54
HAMMING,5,0.02,cabecera_perdida,False,25.925925925925924,40,6,54
HAMMING,5,0.02,corregido,False,25.925925925925924,40,6,54
HAMMING,5,0.02,cabecera_perdida,False,25.925925925925924,40,6,54
HAMMING,5,0.02,ok_paridad,False,25.925925925925924,40,6,54
HAMMING,5,0.02,ok,True,25.925925925925924,40,6,54
HAMMING,5,0.02,ok,True,25.925925925925924,40,6,54
HAMMING,5,0.02,ok,True,25.925925925925924,40,6,54
HAMMING,5,0.02,corregido,True,25.925925925925924,40,6,54
HAMMING,5,0.02,ok,True,25.925925925925924,40,6,54
HAMMING,5,0.02,corregido,False,25.925925925925924,40,6,54
HAMMING,5,0.02,corregido,False,25.925925925925924,40,6,54
HAMMING,5,0.02,corregido,False,25.925925925925924,40,6,54
HAMMING,5,0.02,ok,True,25.925925925925924,40,6,54
HAMMING,5,0.02,corregido,True,25.925925925925924,40,6,54
HAMMING,5,0.02,ok,True,25.925925925925924,40,6,54
HAMMING,5,0.02,ok,True,25.925925925925924,40,6,54
HAMMING,5,0.02,corregido,True,25.925925925925924,40,6,54
HAMMING,5,0.02,ok,True,25.925925925925924,40,6,54
HAMMING,5,0.02,cabecera_perdida,False,25.925925925925924,40,6,54
HAMMING,5,0.02,corregido,False,25.925925925925924,40,6,54
HAMMING,5,0.02,corregido,True,25.925925925925924,40,6,54
HAMMING,5,0.02,ok,True,25.925925925925924,40,6,54
HAMMING,5,0.02,ok,True,25.925925925925924,40,6,54
HAMMING,5,0.02,corregido,False,25.925925925925924,40,6,54
HAMMING,5,0.02,ok_paridad,False,25.925925925925924,40,6,54
HAMMING,5,0.02,cabecera_perdida,False,25.925925925925924,40,6,54
HAMMING,5,0.02,ok,True,25.925925925925924,40,6,54
HAMMING,5,0.02,ok,True,25.925925925925924,40,6,54
HAMMING,5,0.02,corregido,True,25.925925925925924,40,6,54
HAMMING,5,0.02,corregido,True,25.925925925925924,40,6,54
HAMMING,5,0.02,corregido,True,25.925925925925924,40,6,54
HAMMING,5,0.02,corregido,True,25.925925925925924,40,6,54
HAMMING,5,0.02,corregido,True,25.925925925925924,40,6,54
HAMMING,5,0.02,ok_paridad,False,25.925925925925924,40,6,54
HAMMING,5,0.02,corregido,True,25.925925925925924,40,6,54
HAMMING,5,0.02,no_corregible,False,25.925925925925924,40,6,54
HAMMING,5,0.02,corregido,True,25.925925925925924,40,6,54
HAMMING,5,0.02,ok,True,25.925925925925924,40,6,54
HAMMING,5,0.02,corregido,True,25.925925925925924,40,6,54
HAMMING,5,0.02,ok,True,25.925925925925924,40,6,54
HAMMING,5,0.02,cabecera_perdida,False,25.925925925925924,40,6,54
HAMMING,5,0.02,ok,True,25.925925925925924,40,6,54
HAMMING,5,0.02,corregido,False,25.925925925925924,40,6,54
HAMMING,5,0.02,corregido,True,25.925925925925924,40,6,54
HAMMING,5,0.02,corregido,True,25.925925925925924,40,6,54
HAMMING,5,0.02,ok,True,25.925925925925924,40,6,54
HAMMING,5,0.02,cabecera_perdida,False,25.925925925925924,40,6,54
HAMMING,5,0.02,cabecera_perdida,False,25.925925925925924,40,6,54
HAMMING,5,0.02,ok,True,25.925925925925924,40,6,54
HAMMING,5,0.02,corregido,True,25.925925925925924,40,6,54
HAMMING,5,0.02,ok,True,25.925925925925924,40,6,54
HAMMING,5,0.02,no_corregible,False,25.925925925925924,40,6,54
HAMMING,5,0.02,corregido,False,25.925925925925924,40,6,54
HAMMING,5,0.02,corregido,False,25.925925925925924,40,6,54
HAMMING,5,0.02,cabecera_perdida,False,25.925925925925924,40,6,54
HAMMING,5,0.02,ok_paridad,False,25.925925925925924,40,6,54
HAMMING,5,0.02,ok,True,25.925925925925924,40,6,54
HAMMING,5,0.02,cabecera_perdida,False,25.925925925925924,40,6,54
HAMMING,5,0.02,ok,True,25.925925925925924,40,6,54
HAMMING,5,0.02,no_corregible,False,25.925925925925924,40,6,54
HAMMING,5,0.02,ok,True,25.925925925925924,40,6,54
HAMMING,5,0.02,ok,True,25.925925925925924,40,6,54
HAMMING,5,0.02,ok,True,25.925925925925924,40,6,54
HAMMING,5,0.02,cabecera_perdida,False,25.925925925925924,40,6,54
HAMMING,5,0.02,corregido,False,25.925925925925924,40,6,54
HAMMING,5,0.02,cabecera_perdida,False,25.925925925925924,40,6,54
HAMMING,5,0.02,corregido,True,25.925925925925924,40,6,54
HAMMING,5,0.02,ok,True,25.925925925925924,40,6,54
HAMMING,5,0.02,ok,True,25.925925925925924,40,6,54
HAMMING,5,0.02,ok,True,25.925925925925924,40,6,54
HAMMING,5,0.02,corregido,False,25.925925925925924,40,6,54
HAMMING,5,0.02,ok,True,25.925925925925924,40,6,54
HAMMING,5,0.02,corregido,True,25.925925925925924,40,6,54
HAMMING,5,0.02,corregido,True,25.925925925925924,40,6,54
HAMMING,5,0.02,ok_paridad,False,25.925925925925924,40,6,54
HAMMING,5,0.02,ok,True,25.925925925925924,40,6,54
HAMMING,5,0.02,ok_paridad,False,25.925925925925924,40,6,54
HAMMING,5,0.02,cabecera_perdida,False,25.925925925925924,40,6,54
HAMMING,5,0.02,ok,True,25.925925925925924,40,6,54
HAMMING,5,0.02,cabecera_perdida,False,25.925925925925924,40,6,54
HAMMING,5,0.02,ok,True,25.925925925925924,40,6,54
HAMMING,5,0.02,corregido,True,25.925925925925924,40,6,54
HAMMING,5,0.02,ok,True,25.925925925925924,40,6,54
HAMMING,5,0.02,ok,True,25.925925925925924,40,6,54
HAMMING,5,0.02,ok,True,25.925925925925924,40,6,54
HAMMING,5,0.02,cabecera_perdida,False,25.925925925925924,40,6,54
HAMMING,5,0.02,no_corregible,False,25.925925925925924,40,6,54
HAMMING,5,0.02,ok,True,25.925925925925924,40,6,54
HAMMING,5,0.02,corregido,True,25.925925925925924,40,6,54
HAMMING,5,0.02,no_corregible,False,25.925925925925924,40,6,54
HAMMING,5,0.02,ok,True,25.925925925925924,40,6,54
HAMMING,5,0.02,cabecera_perdida,False,25.925925925925924,40,6,54
HAMMING,5,0.02,corregido,True,25.925925925925924,40,6,54
HAMMING,5,0.02,corregido,True,25.925925925925924,40,6,54
HAMMING,5,0.02,corregido,True,25.925925925925924,40,6,54
HAMMING,5,0.02,corregido,True,25.925925925925924,40,6,54
HAMMING,5,0.02,corregido,True,25.925925925925924,40,6,54
HAMMING,5,0.02,corregido,True,25.925925925925924,40,6,54
HAMMING,5,0.02,ok,True,25.925925925925924,40,6,54
HAMMING,5,0.02,corregido,False,25.925925925925924,40,6,54
HAMMING,5,0.02,corregido,False,25.925925925925924,40,6,54
HAMMING,5,0.02,ok_paridad,False,25.925925925925924,40,6,54
HAMMING,5,0.02,ok,True,25.925925925925924,40,6,54
HAMMING,5,0.02,cabecera_perdida,False,25.925925925925924,40,6,54
HAMMING,5,0.02,corregido,False,25.925925925925924,40,6,54
HAMMING,5,0.02,cabecera_perdida,False,25.925925925925924,40,6,54
HAMMING,5,0.02,no_corregible,False,25.925925925925924,40,6,54
HAMMING,5,0.02,corregido,True,25.925925925925924,40,6,54
HAMMING,5,0.02,ok,True,25.925925925925924,40,6,54
HAMMING,5,0.02,no_corregible,False,25.925925925925924,40,6,54
HAMMING,5,0.02,cabecera_perdida,False,25.925925925925924,40,6,54
HAMMING,5,0.02,corregido,False,25.925925925925924,40,6,54
HAMMING,5,0.02,ok,True,25.925925925925924,40,6,54
HAMMING,5,0.02,ok,True,25.925925925925924,40,6,54
HAMMING,5,0.02,cabecera_perdida,False,25.925925925925924,40,6,54
HAMMING,5,0.02,corregido,True,25.925925925925924,40,6,54
HAMMING,5,0.02,cabecera_perdida,False,25.925925925925924,40,6,54
HAMMING,5,0.02,ok,True,25.925925925925924,40,6,54
HAMMING,5,0.02,corregido,False,25.925925925925924,40,6,54
HAMMING,5,0.02,ok,True,25.925925925925924,40,6,54
HAMMING,5,0.02,cabecera_perdida,False,25.925925925925924,40,6,54
HAMMING,5,0.02,corregido,True,25.925925925925924,40,6,54
HAMMING,5,0.02,corregido,True,25.925925925925924,40,6,54
HAMMING,5,0.02,ok,True,25.925925925925924,40,6,54
HAMMING,5,0.02,cabecera_perdida,False,25.925925925925924,40,6,54
HAMMING,5,0.02,cabecera_perdida,False,25.925925925925924,40,6,54
HAMMING,5,0.02,ok,True,25.925925925925924,40,6,54
HAMMING,5,0.02,ok,True,25.925925925925924,40,6,54
HAMMING,5,0.02,corregido,True,25.925925925925924,40,6,54
HAMMING,5,0.02,ok,True,25.925925925925924,40,6,54
HAMMING,5,0.02,corregido,False,25.925925925925924,40,6,54
HAMMING,5,0.02,corregido,True,25.925925925925924,40,6,54
HAMMING,5,0.02,ok,True,25.925925925925924,40,6,54
HAMMING,5,0.02,ok_paridad,False,25.925925925925924,40,6,54
HAMMING,5,0.02,no_corregible,False,25.925925925925924,40,6,54
HAMMING,5,0.02,cabecera_perdida,False,25.925925925925924,40,6,54
HAMMING,5,0.02,ok_paridad,False,25.925925925925924,40,6,54
HAMMING,5,0.02,cabecera_perdida,False,25.925925925925924,40,6,54
HAMMING,5,0.02,corregido,False,25.925925925925924,40,6,54
HAMMING,5,0.02,ok,True,25.925925925925924,40,6,54
HAMMING,5,0.02,corregido,False,25.925925925925924,40,6,54
HAMMING,5,0.02,ok,True,25.925925925925924,40,6,54
HAMMING,5,0.03,corregido,False,25.925925925925924,40,6,54
HAMMING,5,0.03,cabecera_perdida,False,25.925925925925924,40,6,54
HAMMING,5,0.03,ok,True,25.925925925925924,40,6,54
HAMMING,5,0.03,ok,True,25.925925925925924,40,6,54
HAMMING,5,0.03,corregido,True,25.925925925925924,40,6,54
HAMMING,5,0.03,corregido,False,25.925925925925924,40,6,54
HAMMING,5,0.03,no_corregible,False,25.925925925925924,40,6,54
HAMMING,5,0.03,ok,False,25.925925925925924,40,6,54
HAMMING,5,0.03,corregido,True,25.925925925925924,40,6,54
HAMMING,5,0.03,ok,True,25.925925925925924,40,6,54
HAMMING,5,0.03,corregido,True,25.925925925925924,40,6,54
HAMMING,5,0.03,corregido,True,25.925925925925924,40,6,54
HAMMING,5,0.03,corregido,False,25.925925925925924,40,6,54
HAMMING,5,0.03,cabecera_perdida,False,25.925925925925924,40,6,54
HAMMING,5,0.03,cabecera_perdida,False,25.925925925925924,40,6,54
HAMMING,5,0.03,corregido,False,25.925925925925924,40,6,54
HAMMING,5,0.03,cabecera_perdida,False,25.925925925925924,40,6,54
HAMMING,5,0.03,corregido,True,25.925925925925924,40,6,54
HAMMING,5,0.03,corregido,False,25.925925925925924,40,6,54
HAMMING,5,0.03,corregido,True,25.925925925925924,40,6,54
HAMMING,5,0.03,ok,True,25.925925925925924,40,6,54
HAMMING,5,0.03,corregido,True,25.925925925925924,40,6,54
HAMMING,5,0.03,corregido,True,25.925925925925924,40,6,54
HAMMING,5,0.03,corregido,True,25.925925925925924,40,6,54
HAMMING,5,0.03,cabecera_perdida,False,25.925925925925924,40,6,54
HAMMING,5,0.03,cabecera_perdida,False,25.925925925925924,40,6,54
HAMMING,5,0.03,corregido,False,25.925925925925924,40,6,54
HAMMING,5,0.03,ok_paridad,True,25.925925925925924,40,6,54
HAMMING,5,0.03,corregido,False,25.925925925925924,40,6,54
HAMMING,5,0.03,cabecera_perdida,False,25.925925925925924,40,6,54
HAMMING,5,0.03,corregido,True,25.925925925925924,40,6,54
HAMMING,5,0.03,corregido,True,25.925925925925924,40,6,54
HAMMING,5,0.03,corregido,True,25.925925925925924,40,6,54
HAMMING,5,0.03,ok_paridad,True,25.925925925925924,40,6,54
HAMMING,5,0.03,corregido,True,25.925925925925924,40,6,54
HAMMING,5,0.03,cabecera_perdida,False,25.925925925925924,40,6,54
HAMMING,5,0.03,corregido,False,25.925925925925924,40,6,54
HAMMING,5,0.03,ok_paridad,False,25.925925925925924,40,6,54
HAMMING,5,0.03,no_corregible,False,25.925925925925924,40,6,54
HAMMING,5,0.03,cabecera_perdida,False,25.925925925925924,40,6,54
HAMMING,5,0.03,ok,True,25.925925925925924,40,6,54
HAMMING,5,0.03,no_corregible,False,25.925925925925924,40,6,54
HAMMING,5,0.03,corregido,True,25.925925925925924,40,6,54
HAMMING,5,0.03,corregido,False,25.925925925925924,40,6,54
HAMMING,5,0.03,ok,True,25.925925925925924,40,6,54
HAMMING,5,0.03,ok_paridad,True,25.925925925925924,40,6,54
HAMMING,5,0.03,ok,True,25.925925925925924,40,6,54
HAMMING,5,0.03,corregido,True,25.925925925925924,40,6,54
HAMMING,5,0.03,corregido,True,25.925925925925924,40,6,54
HAMMING,5,0.03,ok,True,25.925925925925924,40,6,54
HAMMING,5,0.03,corregido,True,25.925925925925924,40,6,54
HAMMING,5,0.03,no_corregible,False,25.925925925925924,40,6,54
HAMMING,5,0.03,corregido,True,25.925925925925924,40,6,54
HAMMING,5,0.03,ok_paridad,True,25.925925925925924,40,6,54
HAMMING,5,0.03,no_corregible,False,25.925925925925924,40,6,54
HAMMING,5,0.03,cabecera_perdida,False,25.925925925925924,40,6,54
HAMMING,5,0.03,ok,True,25.925925925925924,40,6,54
HAMMING,5,0.03,ok,True,25.925925925925924,40,6,54
HAMMING,5,0.03,corregido,False,25.925925925925924,40,6,54
HAMMING,5,0.03,corregido,True,25.925925925925924,40,6,54
HAMMING,5,0.03,corregido,True,25.925925925925924,40,6,54
HAMMING,5,0.03,cabecera_perdida,False,25.925925925925924,40,6,54
HAMMING,5,0.03,cabecera_perdida,False,25.925925925925924,40,6,54
HAMMING,5,0.03,corregido,True,25.925925925925924,40,6,54
HAMMING,5,0.03,cabecera_perdida,False,25.925925925925924,40,6,54
HAMMING,5,0.03,no_corregible,False,25.925925925925924,40,6,54
HAMMING,5,0.03,corregido,False,25.925925925925924,40,6,54
HAMMING,5,0.03,corregido,True,25.925925925925924,40,6,54
HAMMING,5,0.03,corregido,True,25.925925925925924,40,6,54
HAMMING,5,0.03,corregido,False,25.925925925925924,40,6,54
HAMMING,5,0.03,ok,True,25.925925925925924,40,6,54
HAMMING,5,0.03,corregido,True,25.925925925925924,40,6,54
HAMMING,5,0.03,corregido,False,25.925925925925924,40,6,54
HAMMING,5,0.03,ok,True,25.925925925925924,40,6,54
HAMMING,5,0.03,corregido,True,25.925925925925924,40,6,54
HAMMING,5,0.03,cabecera_perdida,False,25.925925925925924,40,6,54
HAMMING,5,0.03,ok_paridad,False,25.925925925925924,40,6,54
HAMMING,5,0.03,no_corregible,False,25.925925925925924,40,6,54
HAMMING,5,0.03,corregido,False,25.925925925925924,40,6,54
HAMMING,5,0.03,ok,True,25.925925925925924,40,6,54
HAMMING,5,0.03,corregido,False,25.925925925925924,40,6,54
HAMMING,5,0.03,no_corregible,False,25.925925925925924,40,6,54
HAMMING,5,0.03,cabecera_perdida,False,25.925925925925924,40,6,54
HAMMING,5,0.03,corregido,False,25.925925925925924,40,6,54
HAMMING,5,0.03,cabecera_perdida,False,25.925925925925924,40,6,54
HAMMING,5,0.03,ok,True,25.925925925925924,40,6,54
HAMMING,5,0.03,corregido,False,25.925925925925924,40,6,54
HAMMING,5,0.03,cabecera_perdida,False,25.925925925925924,40,6,54
HAMMING,5,0.03,ok_paridad,False,25.925925925925924,40,6,54
HAMMING,5,0.03,corregido,True,25.925925925925924,40,6,54
HAMMING,5,0.03,corregido,False,25.925925925925924,40,6,54
HAMMING,5,0.03,corregido,True,25.925925925925924,40,6,54
HAMMING,5,0.03,corregido,True,25.925925925925924,40,6,54
HAMMING,5,0.03,cabecera_perdida,False,25.925925925925924,40,6,54
HAMMING,5,0.03,corregido,True,25.925925925925924,40,6,54
HAMMING,5,0.03,corregido,True,25.925925925925924,40,6,54
HAMMING,5,0.03,cabecera_perdida,False,25.925925925925924,40,6,54
HAMMING,5,0.03,corregido,True,25.925925925925924,40,6,54
HAMMING,5,0.03,corregido,False,25.925925925925924,40,6,54
HAMMING,5,0.03,ok,True,25.925925925925924,40,6,54
HAMMING,5,0.03,corregido,True,25.925925925925924,40,6,54
HAMMING,5,0.03,corregido,True,25.925925925925924,40,6,54
HAMMING,5,0.03,no_corregible,False,25.925925925925924,40,6,54
HAMMING,5,0.03,corregido,True,25.925925925925924,40,6,54
HAMMING,5,0.03,corregido,False,25.925925925925924,40,6,54
HAMMING,5,0.03,ok,True,25.925925925925924,40,6,54
HAMMING,5,0.03,cabecera_perdida,False,25.925925925925924,40,6,54
HAMMING,5,0.03,ok,True,25.925925925925924,40,6,54
HAMMING,5,0.03,cabecera_perdida,False,25.925925925925924,40,6,54
HAMMING,5,0.03,corregido,True,25.925925925925924,40,6,54
HAMMING,5,0.03,corregido,False,25.925925925925924,40,6,54
HAMMING,5,0.03,corregido,True,25.925925925925924,40,6,54
HAMMING,5,0.03,corregido,False,25.925925925925924,40,6,54
HAMMING,5,0.03,corregido,False,25.925925925925924,40,6,54
HAMMING,5,0.03,cabecera_perdida,False,25.925925925925924,40,6,54
HAMMING,5,0.03,corregido,False,25.925925925925924,40,6,54
HAMMING,5,0.03,cabecera_perdida,False,25.925925925925924,40,6,54
HAMMING,5,0.03,cabecera_perdida,False,25.925925925925924,40,6,54
HAMMING,5,0.03,cabecera_perdida,False,25.925925925925924,40,6,54
HAMMING,5,0.03,corregido,True,25.925925925925924,40,6,54
HAMMING,5,0.03,corregido,False,25.925925925925924,40,6,54
HAMMING,5,0.03,cabecera_perdida,False,25.925925925925924,40,6,54
HAMMING,5,0.03,cabecera_perdida,False,25.925925925925924,40,6,54
HAMMING,5,0.03,no_corregible,False,25.925925925925924,40,6,54
HAMMING,5,0.03,corregido,False,25.925925925925924,40,6,54
HAMMING,5,0.03,no_corregible,False,25.925925925925924,40,6,54
HAMMING,5,0.03,cabecera_perdida,False,25.925925925925924,40,6,54
HAMMING,5,0.03,ok,True,25.925925925925924,40,6,54
HAMMING,5,0.03,ok,True,25.925925925925924,40,6,54
HAMMING,5,0.03,ok_paridad,False,25.925925925925924,40,6,54
HAMMING,5,0.03,ok,True,25.925925925925924,40,6,54
HAMMING,5,0.03,cabecera_perdida,False,25.925925925925924,40,6,54
HAMMING,5,0.03,cabecera_perdida,False,25.925925925925924,40,6,54
HAMMING,5,0.03,corregido,True,25.925925925925924,40,6,54
HAMMING,5,0.03,corregido,False,25.925925925925924,40,6,54
HAMMING,5,0.03,ok,True,25.925925925925924,40,6,54
HAMMING,5,0.03,ok,True,25.925925925925924,40,6,54
HAMMING,5,0.03,corregido,False,25.925925925925924,40,6,54
HAMMING,5,0.03,ok,True,25.925925925925924,40,6,54
HAMMING,5,0.03,corregido,False,25.925925925925924,40,6,54
HAMMING,5,0.03,corregido,True,25.925925925925924,40,6,54
HAMMING,5,0.03,cabecera_perdida,False,25.925925925925924,40,6,54
HAMMING,5,0.03,corregido,True,25.925925925925924,40,6,54
HAMMING,5,0.03,cabecera_perdida,False,25.925925925925924,40,6,54
HAMMING,5,0.03,corregido,False,25.925925925925924,40,6,54
HAMMING,5,0.03,no_corregible,False,25.925925925925924,40,6,54
HAMMING,5,0.03,corregido,True,25.925925925925924,40,6,54
HAMMING,5,0.03,corregido,True,25.925925925925924,40,6,54
HAMMING,5,0.03,cabecera_perdida,False,25.925925925925924,40,6,54
HAMMING,5,0.03,cabecera_perdida,False,25.925925925925924,40,6,54
HAMMING,5,0.05,cabecera_perdida,False,25.925925925925924,40,6,54
HAMMING,5,0.05,corregido,False,25.925925925925924,40,6,54
HAMMING,5,0.05,ok_paridad,False,25.925925925925924,40,6,54
HAMMING,5,0.05,corregido,True,25.925925925925924,40,6,54
HAMMING,5,0.05,corregido,False,25.925925925925924,40,6,54
HAMMING,5,0.05,cabecera_perdida,False,25.925925925925924,40,6,54
HAMMING,5,0.05,ok,True,25.925925925925924,40,6,54
HAMMING,5,0.05,cabecera_perdida,False,25.925925925925924,40,6,54
HAMMING,5,0.05,corregido,True,25.925925925925924,40,6,54
HAMMING,5,0.05,corregido,False,25.925925925925924,40,6,54
HAMMING,5,0.05,corregido,False,25.925925925925924,40,6,54
HAMMING,5,0.05,corregido,True,25.925925925925924,40,6,54
HAMMING,5,0.05,corregido,False,25.925925925925924,40,6,54
HAMMING,5,0.05,no_corregible,False,25.925925925925924,40,6,54
HAMMING,5,0.05,cabecera_perdida,False,25.925925925925924,40,6,54
HAMMING,5,0.05,cabecera_perdida,False,25.925925925925924,40,6,54
HAMMING,5,0.05,corregido,False,25.925925925925924,40,6,54
HAMMING,5,0.05,no_corregible,False,25.925925925925924,40,6,54
HAMMING,5,0.05,corregido,True,25.925925925925924,40,6,54
HAMMING,5,0.05,cabecera_perdida,False,25.925925925925924,40,6,54
HAMMING,5,0.05,corregido,True,25.925925925925924,40,6,54
HAMMING,5,0.05,corregido,True,25.925925925925924,40,6,54
HAMMING,5,0.05,cabecera_perdida,False,25.925925925925924,40,6,54
HAMMING,5,0.05,cabecera_perdida,False,25.925925925925924,40,6,54
HAMMING,5,0.05,ok_paridad,True,25.925925925925924,40,6,54
HAMMING,5,0.05,cabecera_perdida,False,25.925925925925924,40,6,54
HAMMING,5,0.05,corregido,False,25.925925925925924,40,6,54
HAMMING,5,0.05,corregido,False,25.925925925925924,40,6,54
HAMMING,5,0.05,corregido,False,25.925925925925924,40,6,54
HAMMING,5,0.05,ok,True,25.925925925925924,40,6,54
HAMMING,5,0.05,ok_paridad,False,25.925925925925924,40,6,54
HAMMING,5,0.05,cabecera_perdida,False,25.925925925925924,40,6,54
HAMMING,5,0.05,cabecera_perdida,False,25.925925925925924,40,6,54
HAMMING,5,0.05,corregido,False,25.925925925925924,40,6,54
HAMMING,5,0.05,corregido,False,25.925925925925924,40,6,54
HAMMING,5,0.05,corregido,False,25.925925925925924,40,6,54
HAMMING,5,0.05,ok,True,25.925925925925924,40,6,54
HAMMING,5,0.05,corregido,False,25.925925925925924,40,6,54
HAMMING,5,0.05,no_corregible,False,25.925925925925924,40,6,54
HAMMING,5,0.05,corregido,True,25.925925925925924,40,6,54
HAMMING,5,0.05,corregido,True,25.925925925925924,40,6,54
HAMMING,5,0.05,corregido,True,25.925925925925924,40,6,54
HAMMING,5,0.05,ok,True,25.925925925925924,40,6,54
HAMMING,5,0.05,corregido,True,25.925925925925924,40,6,54
HAMMING,5,0.05,corregido,True,25.925925925925924,40,6,54
HAMMING,5,0.05,cabecera_perdida,False,25.925925925925924,40,6,54
HAMMING,5,0.05,cabecera_perdida,False,25.925925925925924,40,6,54
HAMMING,5,0.05,ok_paridad,False,25.925925925925924,40,6,54
HAMMING,5,0.05,corregido,False,25.925925925925924,40,6,54
HAMMING,5,0.05,ok_paridad,True,25.925925925925924,40,6,54
HAMMING,5,0.05,cabecera_perdida,False,25.925925925925924,40,6,54
HAMMING,5,0.05,ok,True,25.925925925925924,40,6,54
HAMMING,5,0.05,no_corregible,False,25.925925925925924,40,6,54
HAMMING,5,0.05,no_corregible,False,25.925925925925924,40,6,54
HAMMING,5,0.05,corregido,False,25.925925925925924,40,6,54
HAMMING,5,0.05,corregido,False,25.925925925925924,40,6,54
HAMMING,5,0.05,cabecera_perdida,False,25.925925925925924,40,6,54
HAMMING,5,0.05,corregido,False,25.925925925925924,40,6,54
HAMMING,5,0.05,ok_paridad,False,25.925925925925924,40,6,54
HAMMING,5,0.05,corregido,True,25.925925925925924,40,6,54
HAMMING,5,0.05,cabecera_perdida,False,25.925925925925924,40,6,54
HAMMING,5,0.05,no_corregible,False,25.925925925925924,40,6,54
HAMMING,5,0.05,corregido,False,25.925925925925924,40,6,54
HAMMING,5,0.05,corregido,False,25.925925925925924,40,6,54
HAMMING,5,0.05,cabecera_perdida,False,25.925925925925924,40,6,54
HAMMING,5,0.05,corregido,True,25.925925925925924,40,6,54
HAMMING,5,0.05,ok,True,25.925925925925924,40,6,54
HAMMING,5,0.05,corregido,True,25.925925925925924,40,6,54
HAMMING,5,0.05,no_corregible,False,25.925925925925924,40,6,54
HAMMING,5,0.05,corregido,True,25.925925925925924,40,6,54
HAMMING,5,0.05,cabecera_perdida,False,25.925925925925924,40,6,54
HAMMING,5,0.05,corregido,False,25.925925925925924,40,6,54
HAMMING,5,0.05,cabecera_perdida,False,25.925925925925924,40,6,54
HAMMING,5,0.05,corregido,False,25.925925925925924,40,6,54
HAMMING,5,0.05,cabecera_perdida,False,25.925925925925924,40,6,54
HAMMING,5,0.05,cabecera_perdida,False,25.925925925925924,40,6,54
HAMMING,5,0.05,corregido,True,25.925925925925924,40,6,54
HAMMING,5,0.05,no_corregible,False,25.925925925925924,40,6,54
HAMMING,5,0.05,cabecera_perdida,False,25.925925925925924,40,6,54
HAMMING,5,0.05,corregido,True,25.925925925925924,40,6,54
HAMMING,5,0.05,corregido,False,25.925925925925924,40,6,54
HAMMING,5,0.05,cabecera_perdida,False,25.925925925925924,40,6,54
HAMMING,5,0.05,cabecera_perdida,False,25.925925925925924,40,6,54
HAMMING,5,0.05,no_corregible,False,25.925925925925924,40,6,54
HAMMING,5,0.05,cabecera_perdida,False,25.925925925925924,40,6,54
HAMMING,5,0.05,cabecera_perdida,False,25.925925925925924,40,6,54
HAMMING,5,0.05,corregido,False,25.925925925925924,40,6,54
HAMMING,5,0.05,cabecera_perdida,False,25.925925925925924,40,6,54
HAMMING,5,0.05,ok,True,25.925925925925924,40,6,54
HAMMING,5,0.05,corregido,False,25.925925925925924,40,6,54
HAMMING,5,0.05,corregido,False,25.925925925925924,40,6,54
HAMMING,5,0.05,no_corregible,False,25.925925925925924,40,6,54
HAMMING,5,0.05,corregido,True,25.925925925925924,40,6,54
HAMMING,5,0.05,corregido,False,25.925925925925924,40,6,54
HAMMING,5,0.05,corregido,False,25.925925925925924,40,6,54
HAMMING,5,0.05,corregido,False,25.925925925925924,40,6,54
HAMMING,5,0.05,cabecera_perdida,False,25.925925925925924,40,6,54
HAMMING,5,0.05,corregido,True,25.925925925925924,40,6,54
HAMMING,5,0.05,cabecera_perdida,False,25.925925925925924,40,6,54
HAMMING,5,0.05,corregido,False,25.925925925925924,40,6,54
HAMMING,5,0.05,corregido,False,25.925925925925924,40,6,54
HAMMING,5,0.05,ok,True,25.925925925925924,40,6,54
HAMMING,5,0.05,no_corregible,False,25.925925925925924,40,6,54
HAMMING,5,0.05,ok_paridad,False,25.925925925925924,40,6,54
HAMMING,5,0.05,cabecera_perdida,False,25.925925925925924,40,6,54
HAMMING,5,0.05,ok_paridad,False,25.925925925925924,40,6,54
HAMMING,5,0.05,corregido,False,25.925925925925924,40,6,54
HAMMING,5,0.05,no_corregible,False,25.925925925925924,40,6,54
HAMMING,5,0.05,corregido,True,25.925925925925924,40,6,54
HAMMING,5,0.05,corregido,False,25.925925925925924,40,6,54
HAMMING,5,0.05,corregido,False,25.925925925925924,40,6,54
HAMMING,5,0.05,corregido,False,25.925925925925924,40,6,54
HAMMING,5,0.05,no_corregible,False,25.925925925925924,40,6,54
HAMMING,5,0.05,corregido,False,25.925925925925924,40,6,54
HAMMING,5,0.05,corregido,True,25.925925925925924,40,6,54
HAMMING,5,0.05,corregido,False,25.925925925925924,40,6,54
HAMMING,5,0.05,cabecera_perdida,False,25.925925925925924,40,6,54
HAMMING,5,0.05,corregido,True,25.925925925925924,40,6,54
HAMMING,5,0.05,ok_paridad,True,25.925925925925924,40,6,54
HAMMING,5,0.05,corregido,False,25.925925925925924,40,6,54
HAMMING,5,0.05,corregido,False,25.925925925925924,40,6,54
HAMMING,5,0.05,cabecera_perdida,False,25.925925925925924,40,6,54
HAMMING,5,0.05,corregido,False,25.925925925925924,40,6,54
HAMMING,5,0.05,no_corregible,False,25.925925925925924,40,6,54
HAMMING,5,0.05,ok,True,25.925925925925924,40,6,54
HAMMING,5,0.05,corregido,False,25.925925925925924,40,6,54
HAMMING,5,0.05,cabecera_perdida,False,25.925925925925924,40,6,54
HAMMING,5,0.05,cabecera_perdida,False,25.925925925925924,40,6,54
HAMMING,5,0.05,no_corregible,False,25.925925925925924,40,6,54
HAMMING,5,0.05,corregido,False,25.925925925925924,40,6,54
HAMMING,5,0.05,corregido,False,25.925925925925924,40,6,54
HAMMING,5,0.05,corregido,True,25.925925925925924,40,6,54
HAMMING,5,0.05,no_corregible,False,25.925925925925924,40,6,54
HAMMING,5,0.05,corregido,True,25.925925925925924,40,6,54
HAMMING,5,0.05,cabecera_perdida,False,25.925925925925924,40,6,54
HAMMING,5,0.05,corregido,False,25.925925925925924,40,6,54
HAMMING,5,0.05,corregido,False,25.925925925925924,40,6,54
HAMMING,5,0.05,corregido,True,25.925925925925924,40,6,54
HAMMING,5,0.05,corregido,True,25.925925925925924,40,6,54
HAMMING,5,0.05,cabecera_perdida,False,25.925925925925924,40,6,54
HAMMING,5,0.05,cabecera_perdida,False,25.925925925925924,40,6,54
HAMMING,5,0.05,cabecera_perdida,False,25.925925925925924,40,6,54
HAMMING,5,0.05,corregido,True,25.925925925925924,40,6,54
HAMMING,5,0.05,corregido,False,25.925925925925924,40,6,54
HAMMING,5,0.05,ok_paridad,False,25.925925925925924,40,6,54
HAMMING,5,0.05,corregido,False,25.925925925925924,40,6,54
HAMMING,5,0.05,corregido,False,25.925925925925924,40,6,54
HAMMING,5,0.05,cabecera_perdida,False,25.925925925925924,40,6,54
HAMMING,5,0.05,ok_paridad,False,25.925925925925924,40,6,54
HAMMING,5,0.05,cabecera_perdida,False,25.925925925925924,40,6,54
HAMMING,5,0.08,corregido,False,25.925925925925924,40,6,54
HAMMING,5,0.08,cabecera_perdida,False,25.925925925925924,40,6,54
HAMMING,5,0.08,cabecera_perdida,False,25.925925925925924,40,6,54
HAMMING,5,0.08,cabecera_perdida,False,25.925925925925924,40,6,54
HAMMING,5,0.08,cabecera_perdida,False,25.925925925925924,40,6,54
HAMMING,5,0.08,cabecera_perdida,False,25.925925925925924,40,6,54
HAMMING,5,0.08,cabecera_perdida,False,25.925925925925924,40,6,54
HAMMING,5,0.08,cabecera_perdida,False,25.925925925925924,40,6,54
HAMMING,5,0.08,corregido,False,25.925925925925924,40,6,54
HAMMING,5,0.08,ok_paridad,True,25.925925925925924,40,6,54
HAMMING,5,0.08,no_corregible,False,25.925925925925924,40,6,54
HAMMING,5,0.08,corregido,False,25.925925925925924,40,6,54
HAMMING,5,0.08,corregido,False,25.925925925925924,40,6,54
HAMMING,5,0.08,cabecera_perdida,False,25.925925925925924,40,6,54
HAMMING,5,0.08,cabecera_perdida,False,25.925925925925924,40,6,54
HAMMING,5,0.08,corregido,False,25.925925925925924,40,6,54
HAMMING,5,0.08,no_corregible,False,25.925925925925924,40,6,54
HAMMING,5,0.08,ok,True,25.925925925925924,40,6,54
HAMMING,5,0.08,corregido,False,25.925925925925924,40,6,54
HAMMING,5,0.08,corregido,False,25.925925925925924,40,6,54
HAMMING,5,0.08,ok_paridad,False,25.925925925925924,40,6,54
HAMMING,5,0.08,cabecera_perdida,False,25.925925925925924,40,6,54
HAMMING,5,0.08,no_corregible,False,25.925925925925924,40,6,54
HAMMING,5,0.08,cabecera_perdida,False,25.925925925925924,40,6,54
HAMMING,5,0.08,cabecera_perdida,False,25.925925925925924,40,6,54
HAMMING,5,0.08,no_corregible,False,25.925925925925924,40,6,54
HAMMING,5,0.08,cabecera_perdida,False,25.925925925925924,40,6,54
HAMMING,5,0.08,corregido,False,25.925925925925924,40,6,54
HAMMING,5,0.08,no_corregible,False,25.925925925925924,40,6,54
HAMMING,5,0.08,cabecera_perdida,False,25.925925925925924,40,6,54
HAMMING,5,0.08,cabecera_perdida,False,25.925925925925924,40,6,54
HAMMING,5,0.08,cabecera_perdida,False,25.925925925925924,40,6,54
HAMMING,5,0.08,corregido,False,25.925925925925924,40,6,54
HAMMING,5,0.08,cabecera_perdida,False,25.925925925925924,40,6,54
HAMMING,5,0.08,cabecera_perdida,False,25.925925925925924,40,6,54
HAMMING,5,0.08,corregido,True,25.925925925925924,40,6,54
HAMMING,5,0.08,ok_paridad,True,25.925925925925924,40,6,54
HAMMING,5,0.08,corregido,False,25.925925925925924,40,6,54
HAMMING,5,0.08,cabecera_perdida,False,25.925925925925924,40,6,54
HAMMING,5,0.08,corregido,False,25.925925925925924,40,6,54
HAMMING,5,0.08,cabecera_perdida,False,25.925925925925924,40,6,54
HAMMING,5,0.08,ok,False,25.925925925925924,40,6,54
HAMMING,5,0.08,cabecera_perdida,False,25.925925925925924,40,6,54
HAMMING,5,0.08,cabecera_perdida,False,25.925925925925924,40,6,54
HAMMING,5,0.08,cabecera_perdida,False,25.925925925925924,40,6,54
HAMMING,5,0.08,cabecera_perdida,False,25.925925925925924,40,6,54
HAMMING,5,0.08,cabecera_perdida,False,25.925925925925924,40,6,54
HAMMING,5,0.08,corregido,True,25.925925925925924,40,6,54
HAMMING,5,0.08,no_corregible,False,25.925925925925924,40,6,54
HAMMING,5,0.08,corregido,False,25.925925925925924,40,6,54
HAMMING,5,0.08,cabecera_perdida,False,25.925925925925924,40,6,54
HAMMING,5,0.08,cabecera_perdida,False,25.925925925925924,40,6,54
HAMMING,5,0.08,cabecera_perdida,False,25.925925925925924,40,6,54
HAMMING,5,0.08,cabecera_perdida,False,25.925925925925924,40,6,54
HAMMING,5,0.08,cabecera_perdida,False,25.925925925925924,40,6,54
HAMMING,5,0.08,no_corregible,False,25.925925925925924,40,6,54
HAMMING,5,0.08,cabecera_perdida,False,25.925925925925924,40,6,54
HAMMING,5,0.08,corregido,False,25.925925925925924,40,6,54
HAMMING,5,0.08,cabecera_perdida,False,25.925925925925924,40,6,54
HAMMING,5,0.08,cabecera_perdida,False,25.925925925925924,40,6,54
HAMMING,5,0.08,corregido,False,25.925925925925924,40,6,54
HAMMING,5,0.08,corregido,False,25.925925925925924,40,6,54
HAMMING,5,0.08,cabecera_perdida,False,25.925925925925924,40,6,54
HAMMING,5,0.08,cabecera_perdida,False,25.925925925925924,40,6,54
HAMMING,5,0.08,cabecera_perdida,False,25.925925925925924,40,6,54
HAMMING,5,0.08,cabecera_perdida,False,25.925925925925924,40,6,54
HAMMING,5,0.08,ok_paridad,False,25.925925925925924,40,6,54
HAMMING,5,0.08,cabecera_perdida,False,25.925925925925924,40,6,54
HAMMING,5,0.08,cabecera_perdida,False,25.925925925925924,40,6,54
HAMMING,5,0.08,corregido,True,25.925925925925924,40,6,54
HAMMING,5,0.08,no_corregible,False,25.925925925925924,40,6,54
HAMMING,5,0.08,cabecera_perdida,False,25.925925925925924,40,6,54
HAMMING,5,0.08,cabecera_perdida,False,25.925925925925924,40,6,54
HAMMING,5,0.08,corregido,False,25.925925925925924,40,6,54
HAMMING,5,0.08,corregido,False,25.925925925925924,40,6,54
HAMMING,5,0.08,corregido,False,25.925925925925924,40,6,54
HAMMING,5,0.08,corregido,False,25.925925925925924,40,6,54
HAMMING,5,0.08,no_corregible,False,25.925925925925924,40,6,54
HAMMING,5,0.08,corregido,True,25.925925925925924,40,6,54
HAMMING,5,0.08,cabecera_perdida,False,25.925925925925924,40,6,54
HAMMING,5,0.08,cabecera_perdida,False,25.925925925925924,40,6,54
HAMMING,5,0.08,cabecera_perdida,False,25.925925925925924,40,6,54
HAMMING,5,0.08,cabecera_perdida,False,25.925925925925924,40,6,54
HAMMING,5,0.08,no_corregible,False,25.925925925925924,40,6,54
HAMMING,5,0.08,cabecera_perdida,False,25.925925925925924,40,6,54
HAMMING,5,0.08,cabecera_perdida,False,25.925925925925924,40,6,54
HAMMING,5,0.08,corregido,False,25.925925925925924,40,6,54
HAMMING,5,0.08,no_corregible,False,25.925925925925924,40,6,54
HAMMING,5,0.08,ok,False,25.925925925925924,40,6,54
HAMMING,5,0.08,cabecera_perdida,False,25.925925925925924,40,6,54
HAMMING,5,0.08,corregido,False,25.925925925925924,40,6,54
HAMMING,5,0.08,corregido,False,25.925925925925924,40,6,54
HAMMING,5,0.08,ok_paridad,False,25.925925925925924,40,6,54
HAMMING,5,0.08,cabecera_perdida,False,25.925925925925924,40,6,54
HAMMING,5,0.08,no_corregible,False,25.925925925925924,40,6,54
HAMMING,5,0.08,cabecera_perdida,False,25.925925925925924,40,6,54
HAMMING,5,0.08,no_corregible,False,25.925925925925924,40,6,54
HAMMING,5,0.08,cabecera_perdida,False,25.925925925925924,40,6,54
HAMMING,5,0.08,ok_paridad,False,25.925925925925924,40,6,54
HAMMING,5,0.08,cabecera_perdida,False,25.925925925925924,40,6,54
HAMMING,5,0.08,corregido,True,25.925925925925924,40,6,54
HAMMING,5,0.08,cabecera_perdida,False,25.925925925925924,40,6,54
HAMMING,5,0.08,cabecera_perdida,False,25.925925925925924,40,6,54
HAMMING,5,0.08,ok,True,25.925925925925924,40,6,54
HAMMING,5,0.08,corregido,True,25.925925925925924,40,6,54
HAMMING,5,0.08,trama_invalida,False,25.925925925925924,40,6,54
HAMMING,5,0.08,no_corregible,False,25.925925925925924,40,6,54
HAMMING,5,0.08,cabecera_perdida,False,25.925925925925924,40,6,54
HAMMING,5,0.08,cabecera_perdida,False,25.925925925925924,40,6,54
HAMMING,5,0.08,ok,False,25.925925925925924,40,6,54
HAMMING,5,0.08,cabecera_perdida,False,25.925925925925924,40,6,54
HAMMING,5,0.08,corregido,False,25.925925925925924,40,6,54
HAMMING,5,0.08,ok_paridad,False,25.925925925925924,40,6,54
HAMMING,5,0.08,cabecera_perdida,False,25.925925925925924,40,6,54
HAMMING,5,0.08,corregido,False,25.925925925925924,40,6,54
HAMMING,5,0.08,cabecera_perdida,False,25.925925925925924,40,6,54
HAMMING,5,0.08,corregido,False,25.925925925925924,40,6,54
HAMMING,5,0.08,cabecera_perdida,False,25.925925925925924,40,6,54
HAMMING,5,0.08,cabecera_perdida,False,25.925925925925924,40,6,54
HAMMING,5,0.08,corregido,False,25.925925925925924,40,6,54
HAMMING,5,0.08,cabecera_perdida,False,25.925925925925924,40,6,54
HAMMING,5,0.08,cabecera_perdida,False,25.925925925925924,40,6,54
HAMMING,5,0.08,no_corregible,False,25.925925925925924,40,6,54
HAMMING,5,0.08,corregido,False,25.925925925925924,40,6,54
HAMMING,5,0.08,cabecera_perdida,False,25.925925925925924,40,6,54
HAMMING,5,0.08,corregido,False,25.925925925925924,40,6,54
HAMMING,5,0.08,cabecera_perdida,False,25.925925925925924,40,6,54
HAMMING,5,0.08,corregido,False,25.925925925925924,40,6,54
HAMMING,5,0.08,cabecera_perdida,False,25.925925925925924,40,6,54
HAMMING,5,0.08,corregido,False,25.925925925925924,40,6,54
HAMMING,5,0.08,corregido,False,25.925925925925924,40,6,54
HAMMING,5,0.08,no_corregible,False,25.925925925925924,40,6,54
HAMMING,5,0.08,cabecera_perdida,False,25.925925925925924,40,6,54
HAMMING,5,0.08,corregido,False,25.925925925925924,40,6,54
HAMMING,5,0.08,ok_paridad,False,25.925925925925924,40,6,54
HAMMING,5,0.08,ok,False,25.925925925925924,40,6,54
HAMMING,5,0.08,no_corregible,False,25.925925925925924,40,6,54
HAMMING,5,0.08,cabecera_perdida,False,25.925925925925924,40,6,54
HAMMING,5,0.08,cabecera_perdida,False,25.925925925925924,40,6,54
HAMMING,5,0.08,corregido,False,25.925925925925924,40,6,54
HAMMING,5,0.08,no_corregible,False,25.925925925925924,40,6,54
HAMMING,5,0.08,corregido,False,25.925925925925924,40,6,54
HAMMING,5,0.08,cabecera_perdida,False,25.925925925925924,40,6,54
HAMMING,5,0.08,cabecera_perdida,False,25.925925925925924,40,6,54
HAMMING,5,0.08,cabecera_perdida,False,25.925925925925924,40,6,54
HAMMING,5,0.08,cabecera_perdida,False,25.925925925925924,40,6,54
HAMMING,5,0.08,cabecera_perdida,False,25.925925925925924,40,6,54
HAMMING,5,0.08,cabecera_perdida,False,25.925925925925924,40,6,54
HAMMING,5,0.08,corregido,False,25.925925925925924,40,6,54
HAMMING,5,0.08,corregido,False,25.925925925925924,40,6,54
HAMMING,5,0.1,no_corregible,False,25.925925925925924,40,6,54
HAMMING,5,0.1,cabecera_perdida,False,25.925925925925924,40,6,54
HAMMING,5,0.1,cabecera_perdida,False,25.925925925925924,40,6,54
HAMMING,5,0.1,corregido,False,25.925925925925924,40,6,54
HAMMING,5,0.1,cabecera_perdida,False,25.925925925925924,40,6,54
HAMMING,5,0.1,corregido,False,25.925925925925924,40,6,54
HAMMING,5,0.1,cabecera_perdida,False,25.925925925925924,40,6,54
HAMMING,5,0.1,cabecera_perdida,False,25.925925925925924,40,6,54
HAMMING,5,0.1,corregido,False,25.925925925925924,40,6,54
HAMMING,5,0.1,cabecera_perdida,False,25.925925925925924,40,6,54
HAMMING,5,0.1,corregido,False,25.925925925925924,40,6,54
HAMMING,5,0.1,cabecera_perdida,False,25.925925925925924,40,6,54
HAMMING,5,0.1,cabecera_perdida,False,25.925925925925924,40,6,54
HAMMING,5,0.1,cabecera_perdida,False,25.925925925925924,40,6,54
HAMMING,5,0.1,ok_paridad,False,25.925925925925924,40,6,54
HAMMING,5,0.1,cabecera_perdida,False,25.925925925925924,40,6,54
HAMMING,5,0.1,cabecera_perdida,False,25.925925925925924,40,6,54
HAMMING,5,0.1,cabecera_perdida,False,25.925925925925924,40,6,54
HAMMING,5,0.1,cabecera_perdida,False,25.925925925925924,40,6,54
HAMMING,5,0.1,corregido,False,25.925925925925924,40,6,54
HAMMING,5,0.1,corregido,False,25.925925925925924,40,6,54
HAMMING,5,0.1,cabecera_perdida,False,25.925925925925924,40,6,54
HAMMING,5,0.1,cabecera_perdida,False,25.925925925925924,40,6,54
HAMMING,5,0.1,cabecera_perdida,False,25.925925925925924,40,6,54
HAMMING,5,0.1,corregido,False,25.925925925925924,40,6,54
HAMMING,5,0.1,cabecera_perdida,False,25.925925925925924,40,6,54
HAMMING,5,0.1,corregido,False,25.925925925925924,40,6,54
HAMMING,5,0.1,no_corregible,False,25.925925925925924,40,6,54
HAMMING,5,0.1,cabecera_perdida,False,25.925925925925924,40,6,54
HAMMING,5,0.1,corregido,False,25.925925925925924,40,6,54
HAMMING,5,0.1,corregido,False,25.925925925925924,40,6,54
HAMMING,5,0.1,cabecera_perdida,False,25.925925925925924,40,6,54
HAMMING,5,0.1,cabecera_perdida,False,25.925925925925924,40,6,54
HAMMING,5,0.1,cabecera_perdida,False,25.925925925925924,40,6,54
HAMMING,5,0.1,corregido,False,25.925925925925924,40,6,54
HAMMING,5,0.1,cabecera_perdida,False,25.925925925925924,40,6,54
HAMMING,5,0.1,no_corregible,False,25.925925925925924,40,6,54
HAMMING,5,0.1,cabecera_perdida,False,25.925925925925924,40,6,54
HAMMING,5,0.1,no_corregible,False,25.925925925925924,40,6,54
HAMMING,5,0.1,cabecera_perdida,False,25.925925925925924,40,6,54
HAMMING,5,0.1,cabecera_perdida,False,25.925925925925924,40,6,54
HAMMING,5,0.1,cabecera_perdida,False,25.925925925925924,40,6,54
HAMMING,5,0.1,no_corregible,False,25.925925925925924,40,6,54
HAMMING,5,0.1,cabecera_perdida,False,25.925925925925924,40,6,54
HAMMING,5,0.1,corregido,False,25.925925925925924,40,6,54
HAMMING,5,0.1,cabecera_perdida,False,25.925925925925924,40,6,54
HAMMING,5,0.1,corregido,False,25.925925925925924,40,6,54
HAMMING,5,0.1,cabecera_perdida,False,25.925925925925924,40,6,54
HAMMING,5,0.1,corregido,False,25.925925925925924,40,6,54
HAMMING,5,0.1,corregido,False,25.925925925925924,40,6,54
HAMMING,5,0.1,no_corregible,False,25.925925925925924,40,6,54
HAMMING,5,0.1,corregido,False,25.925925925925924,40,6,54
HAMMING,5,0.1,cabecera_perdida,False,25.925925925925924,40,6,54
HAMMING,5,0.1,cabecera_perdida,False,25.925925925925924,40,6,54
HAMMING,5,0.1,cabecera_perdida,False,25.925925925925924,40,6,54
HAMMING,5,0.1,corregido,False,25.925925925925924,40,6,54
HAMMING,5,0.1,ok_paridad,False,25.925925925925924,40,6,54
HAMMING,5,0.1,ok_paridad,False,25.925925925925924,40,6,54
HAMMING,5,0.1,corregido,False,25.925925925925924,40,6,54
HAMMING,5,0.1,corregido,False,25.925925925925924,40,6,54
HAMMING,5,0.1,no_corregible,False,25.925925925925924,40,6,54
HAMMING,5,0.1,cabecera_perdida,False,25.925925925925924,40,6,54
HAMMING,5,0.1,corregido,False,25.925925925925924,40,6,54
HAMMING,5,0.1,cabecera_perdida,False,25.925925925925924,40,6,54
HAMMING,5,0.1,cabecera_perdida,False,25.925925925925924,40,6,54
HAMMING,5,0.1,ok_paridad,False,25.925925925925924,40,6,54
HAMMING,5,0.1,corregido,False,25.925925925925924,40,6,54
HAMMING,5,0.1,corregido,False,25.925925925925924,40,6,54
HAMMING,5,0.1,cabecera_perdida,False,25.925925925925924,40,6,54
HAMMING,5,0.1,corregido,False,25.925925925925924,40,6,54
HAMMING,5,0.1,cabecera_perdida,False,25.925925925925924,40,6,54
HAMMING,5,0.1,cabecera_perdida,False,25.925925925925924,40,6,54
HAMMING,5,0.1,cabecera_perdida,False,25.925925925925924,40,6,54
HAMMING,5,0.1,corregido,False,25.925925925925924,40,6,54
HAMMING,5,0.1,corregido,False,25.925925925925924,40,6,54
HAMMING,5,0.1,cabecera_perdida,False,25.925925925925924,40,6,54
HAMMING,5,0.1,cabecera_perdida,False,25.925925925925924,40,6,54
HAMMING,5,0.1,corregido,False,25.925925925925924,40,6,54
HAMMING,5,0.1,cabecera_perdida,False,25.925925925925924,40,6,54
HAMMING,5,0.1,no_corregible,False,25.925925925925924,40,6,54
HAMMING,5,0.1,cabecera_perdida,False,25.925925925925924,40,6,54
HAMMING,5,0.1,no_corregible,False,25.925925925925924,40,6,54
HAMMING,5,0.1,no_corregible,False,25.925925925925924,40,6,54
HAMMING,5,0.1,cabecera_perdida,False,25.925925925925924,40,6,54
HAMMING,5,0.1,cabecera_perdida,False,25.925925925925924,40,6,54
HAMMING,5,0.1,cabecera_perdida,False,25.925925925925924,40,6,54
HAMMING,5,0.1,corregido,False,25.925925925925924,40,6,54
HAMMING,5,0.1,cabecera_perdida,False,25.925925925925924,40,6,54
HAMMING,5,0.1,cabecera_perdida,False,25.925925925925924,40,6,54
HAMMING,5,0.1,ok_paridad,False,25.925925925925924,40,6,54
HAMMING,5,0.1,cabecera_perdida,False,25.925925925925924,40,6,54
HAMMING,5,0.1,no_corregible,False,25.925925925925924,40,6,54
HAMMING,5,0.1,cabecera_perdida,False,25.925925925925924,40,6,54
HAMMING,5,0.1,cabecera_perdida,False,25.925925925925924,40,6,54
HAMMING,5,0.1,cabecera_perdida,False,25.925925925925924,40,6,54
HAMMING,5,0.1,cabecera_perdida,False,25.925925925925924,40,6,54
HAMMING,5,0.1,cabecera_perdida,False,25.925925925925924,40,6,54
HAMMING,5,0.1,cabecera_perdida,False,25.925925925925924,40,6,54
HAMMING,5,0.1,cabecera_perdida,False,25.925925925925924,40,6,54
HAMMING,5,0.1,corregido,False,25.925925925925924,40,6,54
HAMMING,5,0.1,cabecera_perdida,False,25.925925925925924,40,6,54
HAMMING,5,0.1,corregido,False,25.925925925925924,40,6,54
HAMMING,5,0.1,cabecera_perdida,False,25.925925925925924,40,6,54
HAMMING,5,0.1,cabecera_perdida,False,25.925925925925924,40,6,54
HAMMING,5,0.1,no_corregible,False,25.925925925925924,40,6,54
HAMMING,5,0.1,ok_paridad,False,25.925925925925924,40,6,54
HAMMING,5,0.1,no_corregible,False,25.925925925925924,40,6,54
HAMMING,5,0.1,corregido,False,25.925925925925924,40,6,54
HAMMING,5,0.1,corregido,False,25.925925925925924,40,6,54
HAMMING,5,0.1,corregido,False,25.925925925925924,40,6,54
HAMMING,5,0.1,corregido,False,25.925925925925924,40,6,54
HAMMING,5,0.1,cabecera_perdida,False,25.925925925925924,40,6,54
HAMMING,5,0.1,corregido,False,25.925925925925924,40,6,54
HAMMING,5,0.1,cabecera_perdida,False,25.925925925925924,40,6,54
HAMMING,5,0.1,no_corregible,False,25.925925925925924,40,6,54
HAMMING,5,0.1,no_corregible,False,25.925925925925924,40,6,54
HAMMING,5,0.1,cabecera_perdida,False,25.925925925925924,40,6,54
HAMMING,5,0.1,cabecera_perdida,False,25.925925925925924,40,6,54
HAMMING,5,0.1,cabecera_perdida,False,25.925925925925924,40,6,54
HAMMING,5,0.1,cabecera_perdida,False,25.925925925925924,40,6,54
HAMMING,5,0.1,corregido,False,25.925925925925924,40,6,54
HAMMING,5,0.1,corregido,False,25.925925925925924,40,6,54
HAMMING,5,0.1,ok,True,25.925925925925924,40,6,54
HAMMING,5,0.1,cabecera_perdida,False,25.925925925925924,40,6,54
HAMMING,5,0.1,cabecera_perdida,False,25.925925925925924,40,6,54
HAMMING,5,0.1,cabecera_perdida,False,25.925925925925924,40,6,54
HAMMING,5,0.1,corregido,False,25.925925925925924,40,6,54
HAMMING,5,0.1,trama_invalida,False,25.925925925925924,40,6,54
HAMMING,5,0.1,corregido,False,25.925925925925924,40,6,54
HAMMING,5,0.1,corregido,False,25.925925925925924,40,6,54
HAMMING,5,0.1,corregido,False,25.925925925925924,40,6,54
HAMMING,5,0.1,corregido,False,25.925925925925924,40,6,54
HAMMING,5,0.1,cabecera_perdida,False,25.925925925925924,40,6,54
HAMMING,5,0.1,cabecera_perdida,False,25.925925925925924,40,6,54
HAMMING,5,0.1,corregido,False,25.925925925925924,40,6,54
HAMMING,5,0.1,cabecera_perdida,False,25.925925925925924,40,6,54
HAMMING,5,0.1,cabecera_perdida,False,25.925925925925924,40,6,54
HAMMING,5,0.1,cabecera_perdida,False,25.925925925925924,40,6,54
HAMMING,5,0.1,no_corregible,False,25.925925925925924,40,6,54
HAMMING,5,0.1,no_corregible,False,25.925925925925924,40,6,54
HAMMING,5,0.1,cabecera_perdida,False,25.925925925925924,40,6,54
HAMMING,5,0.1,ok,False,25.925925925925924,40,6,54
HAMMING,5,0.1,cabecera_perdida,False,25.925925925925924,40,6,54
HAMMING,5,0.1,no_corregible,False,25.925925925925924,40,6,54
HAMMING,5,0.1,corregido,True,25.925925925925924,40,6,54
HAMMING,5,0.1,corregido,False,25.925925925925924,40,6,54
HAMMING,5,0.1,cabecera_perdida,False,25.925925925925924,40,6,54
HAMMING,5,0.1,no_corregible,False,25.925925925925924,40,6,54
HAMMING,5,0.1,corregido,False,25.925925925925924,40,6,54
HAMMING,5,0.1,cabecera_perdida,False,25.925925925925924,40,6,54
CRC32,20,0.0,ok,True,20.0,160,32,200
CRC32,20,0.0,ok,True,20.0,160,32,200
CRC32,20,0.0,ok,True,20.0,160,32,200
CRC32,20,0.0,ok,True,20.0,160,32,200
CRC32,20,0.0,ok,True,20.0,160,32,200
CRC32,20,0.0,ok,True,20.0,160,32,200
CRC32,20,0.0,ok,True,20.0,160,32,200
CRC32,20,0.0,ok,True,20.0,160,32,200
CRC32,20,0.0,ok,True,20.0,160,32,200
CRC32,20,0.0,ok,True,20.0,160,32,200
CRC32,20,0.0,ok,True,20.0,160,32,200
CRC32,20,0.0,ok,True,20.0,160,32,200
CRC32,20,0.0,ok,True,20.0,160,32,200
CRC32,20,0.0,ok,True,20.0,160,32,200
CRC32,20,0.0,ok,True,20.0,160,32,200
CRC32,20,0.0,ok,True,20.0,160,32,200
CRC32,20,0.0,ok,True,20.0,160,32,200
CRC32,20,0.0,ok,True,20.0,160,32,200
CRC32,20,0.0,ok,True,20.0,160,32,200
CRC32,20,0.0,ok,True,20.0,160,32,200
CRC32,20,0.0,ok,True,20.0,160,32,200
CRC32,20,0.0,ok,True,20.0,160,32,200
CRC32,20,0.0,ok,True,20.0,160,32,200
CRC32,20,0.0,ok,True,20.0,160,32,200
CRC32,20,0.0,ok,True,20.0,160,32,200
CRC32,20,0.0,ok,True,20.0,160,32,200
CRC32,20,0.0,ok,True,20.0,160,32,200
CRC32,20,0.0,ok,True,20.0,160,32,200
CRC32,20,0.0,ok,True,20.0,160,32,200
CRC32,20,0.0,ok,True,20.0,160,32,200
CRC32,20,0.0,ok,True,20.0,160,32,200
CRC32,20,0.0,ok,True,20.0,160,32,200
CRC32,20,0.0,ok,True,20.0,160,32,200
CRC32,20,0.0,ok,True,20.0,160,32,200
CRC32,20,0.0,ok,True,20.0,160,32,200
CRC32,20,0.0,ok,True,20.0,160,32,200
CRC32,20,0.0,ok,True,20.0,160,32,200
CRC32,20,0.0,ok,True,20.0,160,32,200
CRC32,20,0.0,ok,True,20.0,160,32,200
CRC32,20,0.0,ok,True,20.0,160,32,200
CRC32,20,0.0,ok,True,20.0,160,32,200
CRC32,20,0.0,ok,True,20.0,160,32,200
CRC32,20,0.0,ok,True,20.0,160,32,200
CRC32,20,0.0,ok,True,20.0,160,32,200
CRC32,20,0.0,ok,True,20.0,160,32,200
CRC32,20,0.0,ok,True,20.0,160,32,200
CRC32,20,0.0,ok,True,20.0,160,32,200
CRC32,20,0.0,ok,True,20.0,160,32,200
CRC32,20,0.0,ok,True,20.0,160,32,200
CRC32,20,0.0,ok,True,20.0,160,32,200
CRC32,20,0.0,ok,True,20.0,160,32,200
CRC32,20,0.0,ok,True,20.0,160,32,200
CRC32,20,0.0,ok,True,20.0,160,32,200
CRC32,20,0.0,ok,True,20.0,160,32,200
CRC32,20,0.0,ok,True,20.0,160,32,200
CRC32,20,0.0,ok,True,20.0,160,32,200
CRC32,20,0.0,ok,True,20.0,160,32,200
CRC32,20,0.0,ok,True,20.0,160,32,200
CRC32,20,0.0,ok,True,20.0,160,32,200
CRC32,20,0.0,ok,True,20.0,160,32,200
CRC32,20,0.0,ok,True,20.0,160,32,200
CRC32,20,0.0,ok,True,20.0,160,32,200
CRC32,20,0.0,ok,True,20.0,160,32,200
CRC32,20,0.0,ok,True,20.0,160,32,200
CRC32,20,0.0,ok,True,20.0,160,32,200
CRC32,20,0.0,ok,True,20.0,160,32,200
CRC32,20,0.0,ok,True,20.0,160,32,200
CRC32,20,0.0,ok,True,20.0,160,32,200
CRC32,20,0.0,ok,True,20.0,160,32,200
CRC32,20,0.0,ok,True,20.0,160,32,200
CRC32,20,0.0,ok,True,20.0,160,32,200
CRC32,20,0.0,ok,True,20.0,160,32,200
CRC32,20,0.0,ok,True,20.0,160,32,200
CRC32,20,0.0,ok,True,20.0,160,32,200
CRC32,20,0.0,ok,True,20.0,160,32,200
CRC32,20,0.0,ok,True,20.0,160,32,200
CRC32,20,0.0,ok,True,20.0,160,32,200
CRC32,20,0.0,ok,True,20.0,160,32,200
CRC32,20,0.0,ok,True,20.0,160,32,200
CRC32,20,0.0,ok,True,20.0,160,32,200
CRC32,20,0.0,ok,True,20.0,160,32,200
CRC32,20,0.0,ok,True,20.0,160,32,200
CRC32,20,0.0,ok,True,20.0,160,32,200
CRC32,20,0.0,ok,True,20.0,160,32,200
CRC32,20,0.0,ok,True,20.0,160,32,200
CRC32,20,0.0,ok,True,20.0,160,32,200
CRC32,20,0.0,ok,True,20.0,160,32,200
CRC32,20,0.0,ok,True,20.0,160,32,200
CRC32,20,0.0,ok,True,20.0,160,32,200
CRC32,20,0.0,ok,True,20.0,160,32,200
CRC32,20,0.0,ok,True,20.0,160,32,200
CRC32,20,0.0,ok,True,20.0,160,32,200
CRC32,20,0.0,ok,True,20.0,160,32,200
CRC32,20,0.0,ok,True,20.0,160,32,200
CRC32,20,0.0,ok,True,20.0,160,32,200
CRC32,20,0.0,ok,True,20.0,160,32,200
CRC32,20,0.0,ok,True,20.0,160,32,200
CRC32,20,0.0,ok,True,20.0,160,32,200
CRC32,20,0.0,ok,True,20.0,160,32,200
CRC32,20,0.0,ok,True,20.0,160,32,200
CRC32,20,0.0,ok,True,20.0,160,32,200
CRC32,20,0.0,ok,True,20.0,160,32,200
CRC32,20,0.0,ok,True,20.0,160,32,200
CRC32,20,0.0,ok,True,20.0,160,32,200
CRC32,20,0.0,ok,True,20.0,160,32,200
CRC32,20,0.0,ok,True,20.0,160,32,200
CRC32,20,0.0,ok,True,20.0,160,32,200
CRC32,20,0.0,ok,True,20.0,160,32,200
CRC32,20,0.0,ok,True,20.0,160,32,200
CRC32,20,0.0,ok,True,20.0,160,32,200
CRC32,20,0.0,ok,True,20.0,160,32,200
CRC32,20,0.0,ok,True,20.0,160,32,200
CRC32,20,0.0,ok,True,20.0,160,32,200
CRC32,20,0.0,ok,True,20.0,160,32,200
CRC32,20,0.0,ok,True,20.0,160,32,200
CRC32,20,0.0,ok,True,20.0,160,32,200
CRC32,20,0.0,ok,True,20.0,160,32,200
CRC32,20,0.0,ok,True,20.0,160,32,200
CRC32,20,0.0,ok,True,20.0,160,32,200
CRC32,20,0.0,ok,True,20.0,160,32,200
CRC32,20,0.0,ok,True,20.0,160,32,200
CRC32,20,0.0,ok,True,20.0,160,32,200
CRC32,20,0.0,ok,True,20.0,160,32,200
CRC32,20,0.0,ok,True,20.0,160,32,200
CRC32,20,0.0,ok,True,20.0,160,32,200
CRC32,20,0.0,ok,True,20.0,160,32,200
CRC32,20,0.0,ok,True,20.0,160,32,200
CRC32,20,0.0,ok,True,20.0,160,32,200
CRC32,20,0.0,ok,True,20.0,160,32,200
CRC32,20,0.0,ok,True,20.0,160,32,200
CRC32,20,0.0,ok,True,20.0,160,32,200
CRC32,20,0.0,ok,True,20.0,160,32,200
CRC32,20,0.0,ok,True,20.0,160,32,200
CRC32,20,0.0,ok,True,20.0,160,32,200
CRC32,20,0.0,ok,True,20.0,160,32,200
CRC32,20,0.0,ok,True,20.0,160,32,200
CRC32,20,0.0,ok,True,20.0,160,32,200
CRC32,20,0.0,ok,True,20.0,160,32,200
CRC32,20,0.0,ok,True,20.0,160,32,200
CRC32,20,0.0,ok,True,20.0,160,32,200
CRC32,20,0.0,ok,True,20.0,160,32,200
CRC32,20,0.0,ok,True,20.0,160,32,200
CRC32,20,0.0,ok,True,20.0,160,32,200
CRC32,20,0.0,ok,True,20.0,160,32,200
CRC32,20,0.0,ok,True,20.0,160,32,200
CRC32,20,0.0,ok,True,20.0,160,32,200
CRC32,20,0.0,ok,True,20.0,160,32,200
CRC32,20,0.0,ok,True,20.0,160,32,200
CRC32,20,0.0,ok,True,20.0,160,32,200
CRC32,20,0.0,ok,True,20.0,160,32,200
CRC32,20,0.001,detectado_no_corregido,False,20.0,160,32,200
CRC32,20,0.001,ok,True,20.0,160,32,200
CRC32,20,0.001,ok,True,20.0,160,32,200
CRC32,20,0.001,ok,True,20.0,160,32,200
CRC32,20,0.001,ok,True,20.0,160,32,200
CRC32,20,0.001,ok,True,20.0,160,32,200
CRC32,20,0.001,ok,True,20.0,160,32,200
CRC32,20,0.001,ok,True,20.0,160,32,200
CRC32,20,0.001,ok,True,20.0,160,32,200
CRC32,20,0.001,ok,True,20.0,160,32,200
CRC32,20,0.001,ok,True,20.0,160,32,200
CRC32,20,0.001,ok,True,20.0,160,32,200
CRC32,20,0.001,ok,True,20.0,160,32,200
CRC32,20,0.001,ok,True,20.0,160,32,200
CRC32,20,0.001,ok,True,20.0,160,32,200
CRC32,20,0.001,ok,True,20.0,160,32,200
CRC32,20,0.001,ok,True,20.0,160,32,200
CRC32,20,0.001,ok,True,20.0,160,32,200
CRC32,20,0.001,ok,True,20.0,160,32,200
CRC32,20,0.001,ok,True,20.0,160,32,200
CRC32,20,0.001,ok,True,20.0,160,32,200
CRC32,20,0.001,detectado_no_corregido,False,20.0,160,32,200
CRC32,20,0.001,ok,True,20.0,160,32,200
CRC32,20,0.001,ok,True,20.0,160,32,200
CRC32,20,0.001,ok,True,20.0,160,32,200
CRC32,20,0.001,detectado_no_corregido,False,20.0,160,32,200
CRC32,20,0.001,ok,True,20.0,160,32,200
CRC32,20,0.001,ok,True,20.0,160,32,200
CRC32,20,0.001,detectado_no_corregido,False,20.0,160,32,200
CRC32,20,0.001,detectado_no_corregido,False,20.0,160,32,200
CRC32,20,0.001,ok,True,20.0,160,32,200
CRC32,20,0.001,detectado_no_corregido,False,20.0,160,32,200
CRC32,20,0.001,ok,True,20.0,160,32,200
CRC32,20,0.001,ok,True,20.0,160,32,200
CRC32,20,0.001,detectado_no_corregido,False,20.0,160,32,200
CRC32,20,0.001,ok,True,20.0,160,32,200
CRC32,20,0.001,detectado_no_corregido,False,20.0,160,32,200
CRC32,20,0.001,ok,True,20.0,160,32,200
CRC32,20,0.001,detectado_no_corregido,False,20.0,160,32,200
CRC32,20,0.001,ok,True,20.0,160,32,200
CRC32,20,0.001,detectado_no_corregido,False,20.0,160,32,200
CRC32,20,0.001,detectado_no_corregido,False,20.0,160,32,200
CRC32,20,0.001,detectado_no_corregido,False,20.0,160,32,200
CRC32,20,0.001,ok,True,20.0,160,32,200
CRC32,20,0.001,ok,True,20.0,160,32,200
CRC32,20,0.001,ok,True,20.0,160,32,200
CRC32,20,0.001,ok,True,20.0,160,32,200
CRC32,20,0.001,detectado_no_corregido,False,20.0,160,32,200
CRC32,20,0.001,ok,True,20.0,160,32,200
CRC32,20,0.001,ok,True,20.0,160,32,200
CRC32,20,0.001,ok,True,20.0,160,32,200
CRC32,20,0.001,ok,True,20.0,160,32,200
CRC32,20,0.001,detectado_no_corregido,False,20.0,160,32,200
CRC32,20,0.001,ok,True,20.0,160,32,200
CRC32,20,0.001,ok,True,20.0,160,32,200
CRC32,20,0.001,ok,True,20.0,160,32,200
CRC32,20,0.001,ok,True,20.0,160,32,200
CRC32,20,0.001,detectado_no_corregido,False,20.0,160,32,200
CRC32,20,0.001,ok,True,20.0,160,32,200
CRC32,20,0.001,ok,True,20.0,160,32,200
CRC32,20,0.001,ok,True,20.0,160,32,200
CRC32,20,0.001,ok,True,20.0,160,32,200
CRC32,20,0.001,ok,True,20.0,160,32,200
CRC32,20,0.001,ok,True,20.0,160,32,200
CRC32,20,0.001,ok,True,20.0,160,32,200
CRC32,20,0.001,detectado_no_corregido,False,20.0,160,32,200
CRC32,20,0.001,ok,True,20.0,160,32,200
CRC32,20,0.001,ok,True,20.0,160,32,200
CRC32,20,0.001,ok,True,20.0,160,32,200
CRC32,20,0.001,ok,True,20.0,160,32,200
CRC32,20,0.001,ok,True,20.0,160,32,200
CRC32,20,0.001,ok,True,20.0,160,32,200
CRC32,20,0.001,ok,True,20.0,160,32,200
CRC32,20,0.001,detectado_no_corregido,False,20.0,160,32,200
CRC32,20,0.001,ok,True,20.0,160,32,200
CRC32,20,0.001,ok,True,20.0,160,32,200
CRC32,20,0.001,ok,True,20.0,160,32,200
CRC32,20,0.001,detectado_no_corregido,False,20.0,160,32,200
CRC32,20,0.001,ok,True,20.0,160,32,200
CRC32,20,0.001,ok,True,20.0,160,32,200
CRC32,20,0.001,ok,True,20.0,160,32,200
CRC32,20,0.001,ok,True,20.0,160,32,200
CRC32,20,0.001,ok,True,20.0,160,32,200
CRC32,20,0.001,ok,True,20.0,160,32,200
CRC32,20,0.001,ok,True,20.0,160,32,200
CRC32,20,0.001,ok,True,20.0,160,32,200
CRC32,20,0.001,detectado_no_corregido,False,20.0,160,32,200
CRC32,20,0.001,ok,True,20.0,160,32,200
CRC32,20,0.001,ok,True,20.0,160,32,200
CRC32,20,0.001,ok,True,20.0,160,32,200
CRC32,20,0.001,ok,True,20.0,160,32,200
CRC32,20,0.001,ok,True,20.0,160,32,200
CRC32,20,0.001,ok,True,20.0,160,32,200
CRC32,20,0.001,ok,True,20.0,160,32,200
CRC32,20,0.001,ok,True,20.0,160,32,200
CRC32,20,0.001,ok,True,20.0,160,32,200
CRC32,20,0.001,ok,True,20.0,160,32,200
CRC32,20,0.001,ok,True,20.0,160,32,200
CRC32,20,0.001,ok,True,20.0,160,32,200
CRC32,20,0.001,ok,True,20.0,160,32,200
CRC32,20,0.001,ok,True,20.0,160,32,200
CRC32,20,0.001,ok,True,20.0,160,32,200
CRC32,20,0.001,ok,True,20.0,160,32,200
CRC32,20,0.001,ok,True,20.0,160,32,200
CRC32,20,0.001,ok,True,20.0,160,32,200
CRC32,20,0.001,ok,True,20.0,160,32,200
CRC32,20,0.001,detectado_no_corregido,False,20.0,160,32,200
CRC32,20,0.001,detectado_no_corregido,False,20.0,160,32,200
CRC32,20,0.001,ok,True,20.0,160,32,200
CRC32,20,0.001,ok,True,20.0,160,32,200
CRC32,20,0.001,ok,True,20.0,160,32,200
CRC32,20,0.001,ok,True,20.0,160,32,200
CRC32,20,0.001,ok,True,20.0,160,32,200
CRC32,20,0.001,ok,True,20.0,160,32,200
CRC32,20,0.001,ok,True,20.0,160,32,200
CRC32,20,0.001,ok,True,20.0,160,32,200
CRC32,20,0.001,ok,True,20.0,160,32,200
CRC32,20,0.001,ok,True,20.0,160,32,200
CRC32,20,0.001,ok,True,20.0,160,32,200
CRC32,20,0.001,ok,True,20.0,160,32,200
CRC32,20,0.001,ok,True,20.0,160,32,200
CRC32,20,0.001,ok,True,20.0,160,32,200
CRC32,20,0.001,ok,True,20.0,160,32,200
CRC32,20,0.001,ok,True,20.0,160,32,200
CRC32,20,0.001,ok,True,20.0,160,32,200
CRC32,20,0.001,ok,True,20.0,160,32,200
CRC32,20,0.001,detectado_no_corregido,False,20.0,160,32,200
CRC32,20,0.001,ok,True,20.0,160,32,200
CRC32,20,0.001,ok,True,20.0,160,32,200
CRC32,20,0.001,ok,True,20.0,160,32,200
CRC32,20,0.001,ok,True,20.0,160,32,200
CRC32,20,0.001,detectado_no_corregido,False,20.0,160,32,200
CRC32,20,0.001,ok,True,20.0,160,32,200
CRC32,20,0.001,detectado_no_corregido,False,20.0,160,32,200
CRC32,20,0.001,ok,True,20.0,160,32,200
CRC32,20,0.001,ok,True,20.0,160,32,200
CRC32,20,0.001,ok,True,20.0,160,32,200
CRC32,20,0.001,ok,True,20.0,160,32,200
CRC32,20,0.001,cabecera_perdida,False,20.0,160,32,200
CRC32,20,0.001,ok,True,20.0,160,32,200
CRC32,20,0.001,detectado_no_corregido,False,20.0,160,32,200
CRC32,20,0.001,ok,True,20.0,160,32,200
CRC32,20,0.001,ok,True,20.0,160,32,200
CRC32,20,0.001,ok,True,20.0,160,32,200
CRC32,20,0.001,ok,True,20.0,160,32,200
CRC32,20,0.001,ok,True,20.0,160,32,200
CRC32,20,0.001,ok,True,20.0,160,32,200
CRC32,20,0.001,ok,True,20.0,160,32,200
CRC32,20,0.001,detectado_no_corregido,False,20.0,160,32,200
CRC32,20,0.001,detectado_no_corregido,False,20.0,160,32,200
CRC32,20,0.002,detectado_no_corregido,False,20.0,160,32,200
CRC32,20,0.002,ok,True,20.0,160,32,200
CRC32,20,0.002,ok,True,20.0,160,32,200
CRC32,20,0.002,ok,True,20.0,160,32,200
CRC32,20,0.002,detectado_no_corregido,False,20.0,160,32,200
CRC32,20,0.002,ok,True,20.0,160,32,200
CRC32,20,0.002,ok,True,20.0,160,32,200
CRC32,20,0.002,detectado_no_corregido,False,20.0,160,32,200
CRC32,20,0.002,ok,True,20.0,160,32,200
CRC32,20,0.002,ok,True,20.0,160,32,200
CRC32,20,0.002,ok,True,20.0,160,32,200
CRC32,20,0.002,detectado_no_corregido,False,20.0,160,32,200
CRC32,20,0.002,detectado_no_corregido,False,20.0,160,32,200
CRC32,20,0.002,ok,True,20.0,160,32,200
CRC32,20,0.002,detectado_no_corregido,False,20.0,160,32,200
CRC32,20,0.002,detectado_no_corregido,False,20.0,160,32,200
CRC32,20,0.002,ok,True,20.0,160,32,200
CRC32,20,0.002,detectado_no_corregido,False,20.0,160,32,200
CRC32,20,0.002,detectado_no_corregido,False,20.0,160,32,200
CRC32,20,0.002,detectado_no_corregido,False,20.0,160,32,200
CRC32,20,0.002,ok,True,20.0,160,32,200
CRC32,20,0.002,detectado_no_corregido,False,20.0,160,32,200
CRC32,20,0.002,ok,True,20.0,160,32,200
CRC32,20,0.002,ok,True,20.0,160,32,200
CRC32,20,0.002,ok,True,20.0,160,32,200
CRC32,20,0.002,ok,True,20.0,160,32,200
CRC32,20,0.002,detectado_no_corregido,False,20.0,160,32,200
CRC32,20,0.002,ok,True,20.0,160,32,200
CRC32,20,0.002,ok,True,20.0,160,32,200
CRC32,20,0.002,detectado_no_corregido,False,20.0,160,32,200
CRC32,20,0.002,detectado_no_corregido,False,20.0,160,32,200
CRC32,20,0.002,ok,True,20.0,160,32,200
CRC32,20,0.002,ok,True,20.0,160,32,200
CRC32,20,0.002,detectado_no_corregido,False,20.0,160,32,200
CRC32,20,0.002,ok,True,20.0,160,32,200
CRC32,20,0.002,ok,True,20.0,160,32,200
CRC32,20,0.002,detectado_no_corregido,False,20.0,160,32,200
CRC32,20,0.002,ok,True,20.0,160,32,200
CRC32,20,0.002,ok,True,20.0,160,32,200
CRC32,20,0.002,ok,True,20.0,160,32,200
CRC32,20,0.002,detectado_no_corregido,False,20.0,160,32,200
CRC32,20,0.002,ok,True,20.0,160,32,200
CRC32,20,0.002,ok,True,20.0,160,32,200
CRC32,20,0.002,detectado_no_corregido,False,20.0,160,32,200
CRC32,20,0.002,ok,True,20.0,160,32,200
CRC32,20,0.002,ok,True,20.0,160,32,200
CRC32,20,0.002,ok,True,20.0,160,32,200
CRC32,20,0.002,ok,True,20.0,160,32,200
CRC32,20,0.002,ok,True,20.0,160,32,200
CRC32,20,0.002,ok,True,20.0,160,32,200
CRC32,20,0.002,detectado_no_corregido,False,20.0,160,32,200
CRC32,20,0.002,ok,True,20.0,160,32,200
CRC32,20,0.002,ok,True,20.0,160,32,200
CRC32,20,0.002,detectado_no_corregido,False,20.0,160,32,200
CRC32,20,0.002,detectado_no_corregido,False,20.0,160,32,200
CRC32,20,0.002,detectado_no_corregido,False,20.0,160,32,200
CRC32,20,0.002,ok,True,20.0,160,32,200
CRC32,20,0.002,detectado_no_corregido,False,20.0,160,32,200
CRC32,20,0.002,ok,True,20.0,160,32,200
CRC32,20,0.002,ok,True,20.0,160,32,200
CRC32,20,0.002,ok,True,20.0,160,32,200
CRC32,20,0.002,ok,True,20.0,160,32,200
CRC32,20,0.002,ok,True,20.0,160,32,200
CRC32,20,0.002,detectado_no_corregido,False,20.0,160,32,200
CRC32,20,0.002,ok,True,20.0,160,32,200
CRC32,20,0.002,detectado_no_corregido,False,20.0,160,32,200
CRC32,20,0.002,ok,True,20.0,160,32,200
CRC32,20,0.002,ok,True,20.0,160,32,200
CRC32,20,0.002,detectado_no_corregido,False,20.0,160,32,200
CRC32,20,0.002,ok,True,20.0,160,32,200
CRC32,20,0.002,detectado_no_corregido,False,20.0,160,32,200
CRC32,20,0.002,detectado_no_corregido,False,20.0,160,32,200
CRC32,20,0.002,ok,True,20.0,160,32,200
CRC32,20,0.002,ok,True,20.0,160,32,200
CRC32,20,0.002,ok,True,20.0,160,32,200
CRC32,20,0.002,ok,True,20.0,160,32,200
CRC32,20,0.002,ok,True,20.0,160,32,200
CRC32,20,0.002,ok,True,20.0,160,32,200
CRC32,20,0.002,ok,True,20.0,160,32,200
CRC32,20,0.002,ok,True,20.0,160,32,200
CRC32,20,0.002,ok,True,20.0,160,32,200
CRC32,20,0.002,ok,True,20.0,160,32,200
CRC32,20,0.002,detectado_no_corregido,False,20.0,160,32,200
CRC32,20,0.002,ok,True,20.0,160,32,200
CRC32,20,0.002,detectado_no_corregido,False,20.0,160,32,200
CRC32,20,0.002,ok,True,20.0,160,32,200
CRC32,20,0.002,ok,True,20.0,160,32,200
CRC32,20,0.002,ok,True,20.0,160,32,200
CRC32,20,0.002,ok,True,20.0,160,32,200
CRC32,20,0.002,cabecera_perdida,False,20.0,160,32,200
CRC32,20,0.002,detectado_no_corregido,False,20.0,160,32,200
CRC32,20,0.002,ok,True,20.0,160,32,200
CRC32,20,0.002,ok,True,20.0,160,32,200
CRC32,20,0.002,ok,True,20.0,160,32,200
CRC32,20,0.002,detectado_no_corregido,False,20.0,160,32,200
CRC32,20,0.002,detectado_no_corregido,False,20.0,160,32,200
CRC32,20,0.002,ok,True,20.0,160,32,200
CRC32,20,0.002,ok,True,20.0,160,32,200
CRC32,20,0.002,ok,True,20.0,160,32,200
CRC32,20,0.002,detectado_no_corregido,False,20.0,160,32,200
CRC32,20,0.002,ok,True,20.0,160,32,200
CRC32,20,0.002,detectado_no_corregido,False,20.0,160,32,200
CRC32,20,0.002,ok,True,20.0,160,32,200
CRC32,20,0.002,detectado_no_corregido,False,20.0,160,32,200
CRC32,20,0.002,detectado_no_corregido,False,20.0,160,32,200
CRC32,20,0.002,ok,True,20.0,160,32,200
CRC32,20,0.002,detectado_no_corregido,False,20.0,160,32,200
CRC32,20,0.002,ok,True,20.0,160,32,200
CRC32,20,0.002,detectado_no_corregido,False,20.0,160,32,200
CRC32,20,0.002,ok,True,20.0,160,32,200
CRC32,20,0.002,ok,True,20.0,160,32,200
CRC32,20,0.002,detectado_no_corregido,False,20.0,160,32,200
CRC32,20,0.002,ok,True,20.0,160,32,200
CRC32,20,0.002,ok,True,20.0,160,32,200
CRC32,20,0.002,detectado_no_corregido,False,20.0,160,32,200
CRC32,20,0.002,ok,True,20.0,160,32,200
CRC32,20,0.002,ok,True,20.0,160,32,200
CRC32,20,0.002,ok,True,20.0,160,32,200
CRC32,20,0.002,detectado_no_corregido,False,20.0,160,32,200
CRC32,20,0.002,ok,True,20.0,160,32,200
CRC32,20,0.002,ok,True,20.0,160,32,200
CRC32,20,0.002,ok,True,20.0,160,32,200
CRC32,20,0.002,ok,True,20.0,160,32,200
CRC32,20,0.002,detectado_no_corregido,False,20.0,160,32,200
CRC32,20,0.002,ok,True,20.0,160,32,200
CRC32,20,0.002,ok,True,20.0,160,32,200
CRC32,20,0.002,detectado_no_corregido,False,20.0,160,32,200
CRC32,20,0.002,detectado_no_corregido,False,20.0,160,32,200
CRC32,20,0.002,detectado_no_corregido,False,20.0,160,32,200
CRC32,20,0.002,ok,True,20.0,160,32,200
CRC32,20,0.002,ok,True,20.0,160,32,200
CRC32,20,0.002,detectado_no_corregido,False,20.0,160,32,200
CRC32,20,0.002,ok,True,20.0,160,32,200
CRC32,20,0.002,detectado_no_corregido,False,20.0,160,32,200
CRC32,20,0.002,detectado_no_corregido,False,20.0,160,32,200
CRC32,20,0.002,ok,True,20.0,160,32,200
CRC32,20,0.002,detectado_no_corregido,False,20.0,160,32,200
CRC32,20,0.002,detectado_no_corregido,False,20.0,160,32,200
CRC32,20,0.002,ok,True,20.0,160,32,200
CRC32,20,0.002,ok,True,20.0,160,32,200
CRC32,20,0.002,ok,True,20.0,160,32,200
CRC32,20,0.002,detectado_no_corregido,False,20.0,160,32,200
CRC32,20,0.002,ok,True,20.0,160,32,200
CRC32,20,0.002,ok,True,20.0,160,32,200
CRC32,20,0.002,detectado_no_corregido,False,20.0,160,32,200
CRC32,20,0.002,ok,True,20.0,160,32,200
CRC32,20,0.002,ok,True,20.0,160,32,200
CRC32,20,0.002,ok,True,20.0,160,32,200
CRC32,20,0.002,ok,True,20.0,160,32,200
CRC32,20,0.002,detectado_no_corregido,False,20.0,160,32,200
CRC32,20,0.005,detectado_no_corregido,False,20.0,160,32,200
CRC32,20,0.005,detectado_no_corregido,False,20.0,160,32,200
CRC32,20,0.005,ok,True,20.0,160,32,200
CRC32,20,0.005,ok,True,20.0,160,32,200
CRC32,20,0.005,detectado_no_corregido,False,20.0,160,32,200
CRC32,20,0.005,detectado_no_corregido,False,20.0,160,32,200
CRC32,20,0.005,ok,True,20.0,160,32,200
CRC32,20,0.005,ok,True,20.0,160,32,200
CRC32,20,0.005,detectado_no_corregido,False,20.0,160,32,200
CRC32,20,0.005,detectado_no_corregido,False,20.0,160,32,200
CRC32,20,0.005,detectado_no_corregido,False,20.0,160,32,200
CRC32,20,0.005,ok,True,20.0,160,32,200
CRC32,20,0.005,detectado_no_corregido,False,20.0,160,32,200
CRC32,20,0.005,detectado_no_corregido,False,20.0,160,32,200
CRC32,20,0.005,detectado_no_corregido,False,20.0,160,32,200
CRC32,20,0.005,detectado_no_corregido,False,20.0,160,32,200
CRC32,20,0.005,detectado_no_corregido,False,20.0,160,32,200
CRC32,20,0.005,ok,True,20.0,160,32,200
CRC32,20,0.005,detectado_no_corregido,False,20.0,160,32,200
CRC32,20,0.005,ok,True,20.0,160,32,200
CRC32,20,0.005,detectado_no_corregido,False,20.0,160,32,200
CRC32,20,0.005,detectado_no_corregido,False,20.0,160,32,200
CRC32,20,0.005,detectado_no_corregido,False,20.0,160,32,200
CRC32,20,0.005,cabecera_perdida,False,20.0,160,32,200
CRC32,20,0.005,ok,True,20.0,160,32,200
CRC32,20,0.005,detectado_no_corregido,False,20.0,160,32,200
CRC32,20,0.005,ok,True,20.0,160,32,200
CRC32,20,0.005,ok,True,20.0,160,32,200
CRC32,20,0.005,detectado_no_corregido,False,20.0,160,32,200
CRC32,20,0.005,cabecera_perdida,False,20.0,160,32,200
CRC32,20,0.005,detectado_no_corregido,False,20.0,160,32,200
CRC32,20,0.005,ok,True,20.0,160,32,200
CRC32,20,0.005,detectado_no_corregido,False,20.0,160,32,200
CRC32,20,0.005,detectado_no_corregido,False,20.0,160,32,200
CRC32,20,0.005,detectado_no_corregido,False,20.0,160,32,200
CRC32,20,0.005,ok,True,20.0,160,32,200
CRC32,20,0.005,ok,True,20.0,160,32,200
CRC32,20,0.005,ok,True,20.0,160,32,200
CRC32,20,0.005,detectado_no_corregido,False,20.0,160,32,200
CRC32,20,0.005,detectado_no_corregido,False,20.0,160,32,200
CRC32,20,0.005,ok,True,20.0,160,32,200
CRC32,20,0.005,detectado_no_corregido,False,20.0,160,32,200
CRC32,20,0.005,detectado_no_corregido,False,20.0,160,32,200
CRC32,20,0.005,ok,True,20.0,160,32,200
CRC32,20,0.005,detectado_no_corregido,False,20.0,160,32,200
CRC32,20,0.005,detectado_no_corregido,False,20.0,160,32,200
CRC32,20,0.005,ok,True,20.0,160,32,200
CRC32,20,0.005,ok,True,20.0,160,32,200
CRC32,20,0.005,ok,True,20.0,160,32,200
CRC32,20,0.005,ok,True,20.0,160,32,200
CRC32,20,0.005,detectado_no_corregido,False,20.0,160,32,200
CRC32,20,0.005,detectado_no_corregido,False,20.0,160,32,200
CRC32,20,0.005,ok,True,20.0,160,32,200
CRC32,20,0.005,detectado_no_corregido,False,20.0,160,32,200
CRC32,20,0.005,ok,True,20.0,160,32,200
CRC32,20,0.005,detectado_no_corregido,False,20.0,160,32,200
CRC32,20,0.005,detectado_no_corregido,False,20.0,160,32,200
CRC32,20,0.005,detectado_no_corregido,False,20.0,160,32,200
CRC32,20,0.005,detectado_no_corregido,False,20.0,160,32,200
CRC32,20,0.005,detectado_no_corregido,False,20.0,160,32,200
CRC32,20,0.005,ok,True,20.0,160,32,200
CRC32,20,0.005,detectado_no_corregido,False,20.0,160,32,200
CRC32,20,0.005,ok,True,20.0,160,32,200
CRC32,20,0.005,cabecera_perdida,False,20.0,160,32,200
CRC32,20,0.005,detectado_no_corregido,False,20.0,160,32,200
CRC32,20,0.005,ok,True,20.0,160,32,200
CRC32,20,0.005,ok,True,20.0,160,32,200
CRC32,20,0.005,ok,True,20.0,160,32,200
CRC32,20,0.005,ok,True,20.0,160,32,200
CRC32,20,0.005,cabecera_perdida,False,20.0,160,32,200
CRC32,20,0.005,ok,True,20.0,160,32,200
CRC32,20,0.005,ok,True,20.0,160,32,200
CRC32,20,0.005,cabecera_perdida,False,20.0,160,32,200
CRC32,20,0.005,detectado_no_corregido,False,20.0,160,32,200
CRC32,20,0.005,ok,True,20.0,160,32,200
CRC32,20,0.005,detectado_no_corregido,False,20.0,160,32,200
CRC32,20,0.005,ok,True,20.0,160,32,200
CRC32,20,0.005,ok,True,20.0,160,32,200
CRC32,20,0.005,detectado_no_corregido,False,20.0,160,32,200
CRC32,20,0.005,detectado_no_corregido,False,20.0,160,32,200
CRC32,20,0.005,ok,True,20.0,160,32,200
CRC32,20,0.005,detectado_no_corregido,False,20.0,160,32,200
CRC32,20,0.005,detectado_no_corregido,False,20.0,160,32,200
CRC32,20,0.005,detectado_no_corregido,False,20.0,160,32,200
CRC32,20,0.005,detectado_no_corregido,False,20.0,160,32,200
CRC32,20,0.005,detectado_no_corregido,False,20.0,160,32,200
CRC32,20,0.005,detectado_no_corregido,False,20.0,160,32,200
CRC32,20,0.005,detectado_no_corregido,False,20.0,160,32,200
CRC32,20,0.005,detectado_no_corregido,False,20.0,160,32,200
CRC32,20,0.005,detectado_no_corregido,False,20.0,160,32,200
CRC32,20,0.005,ok,True,20.0,160,32,200
CRC32,20,0.005,detectado_no_corregido,False,20.0,160,32,200
CRC32,20,0.005,detectado_no_corregido,False,20.0,160,32,200
CRC32,20,0.005,ok,True,20.0,160,32,200
CRC32,20,0.005,detectado_no_corregido,False,20.0,160,32,200
CRC32,20,0.005,detectado_no_corregido,False,20.0,160,32,200
CRC32,20,0.005,detectado_no_corregido,False,20.0,160,32,200
CRC32,20,0.005,ok,True,20.0,160,32,200
CRC32,20,0.005,ok,True,20.0,160,32,200
CRC32,20,0.005,detectado_no_corregido,False,20.0,160,32,200
CRC32,20,0.005,detectado_no_corregido,False,20.0,160,32,200
CRC32,20,0.005,cabecera_perdida,False,20.0,160,32,200
CRC32,20,0.005,detectado_no_corregido,False,20.0,160,32,200
CRC32,20,0.005,ok,True,20.0,160,32,200
CRC32,20,0.005,detectado_no_corregido,False,20.0,160,32,200
CRC32,20,0.005,ok,True,20.0,160,32,200
CRC32,20,0.005,detectado_no_corregido,False,20.0,160,32,200
CRC32,20,0.005,detectado_no_corregido,False,20.0,160,32,200
CRC32,20,0.005,cabecera_perdida,False,20.0,160,32,200
CRC32,20,0.005,detectado_no_corregido,False,20.0,160,32,200
CRC32,20,0.005,detectado_no_corregido,False,20.0,160,32,200
CRC32,20,0.005,detectado_no_corregido,False,20.0,160,32,200
CRC32,20,0.005,cabecera_perdida,False,20.0,160,32,200
CRC32,20,0.005,ok,True,20.0,160,32,200
CRC32,20,0.005,detectado_no_corregido,False,20.0,160,32,200
CRC32,20,0.005,detectado_no_corregido,False,20.0,160,32,200
CRC32,20,0.005,detectado_no_corregido,False,20.0,160,32,200
CRC32,20,0.005,detectado_no_corregido,False,20.0,160,32,200
CRC32,20,0.005,detectado_no_corregido,False,20.0,160,32,200
CRC32,20,0.005,detectado_no_corregido,False,20.0,160,32,200
CRC32,20,0.005,detectado_no_corregido,False,20.0,160,32,200
CRC32,20,0.005,detectado_no_corregido,False,20.0,160,32,200
CRC32,20,0.005,ok,True,20.0,160,32,200
CRC32,20,0.005,ok,True,20.0,160,32,200
CRC32,20,0.005,cabecera_perdida,False,20.0,160,32,200
CRC32,20,0.005,detectado_no_corregido,False,20.0,160,32,200
CRC32,20,0.005,detectado_no_corregido,False,20.0,160,32,200
CRC32,20,0.005,detectado_no_corregido,False,20.0,160,32,200
CRC32,20,0.005,detectado_no_corregido,False,20.0,160,32,200
CRC32,20,0.005,ok,True,20.0,160,32,200
CRC32,20,0.005,ok,True,20.0,160,32,200
CRC32,20,0.005,ok,True,20.0,160,32,200
CRC32,20,0.005,detectado_no_corregido,False,20.0,160,32,200
CRC32,20,0.005,ok,True,20.0,160,32,200
CRC32,20,0.005,detectado_no_corregido,False,20.0,160,32,200
CRC32,20,0.005,ok,True,20.0,160,32,200
CRC32,20,0.005,detectado_no_corregido,False,20.0,160,32,200
CRC32,20,0.005,ok,True,20.0,160,32,200
CRC32,20,0.005,detectado_no_corregido,False,20.0,160,32,200
CRC32,20,0.005,ok,True,20.0,160,32,200
CRC32,20,0.005,ok,True,20.0,160,32,200
CRC32,20,0.005,ok,True,20.0,160,32,200
CRC32,20,0.005,ok,True,20.0,160,32,200
CRC32,20,0.005,detectado_no_corregido,False,20.0,160,32,200
CRC32,20,0.005,detectado_no_corregido,False,20.0,160,32,200
CRC32,20,0.005,ok,True,20.0,160,32,200
CRC32,20,0.005,ok,True,20.0,160,32,200
CRC32,20,0.005,cabecera_perdida,False,20.0,160,32,200
CRC32,20,0.005,detectado_no_corregido,False,20.0,160,32,200
CRC32,20,0.005,ok,True,20.0,160,32,200
CRC32,20,0.01,cabecera_perdida,False,20.0,160,32,200
CRC32,20,0.01,ok,True,20.0,160,32,200
CRC32,20,0.01,detectado_no_corregido,False,20.0,160,32,200
CRC32,20,0.01,detectado_no_corregido,False,20.0,160,32,200
CRC32,20,0.01,detectado_no_corregido,False,20.0,160,32,200
CRC32,20,0.01,detectado_no_corregido,False,20.0,160,32,200
CRC32,20,0.01,detectado_no_corregido,False,20.0,160,32,200
CRC32,20,0.01,detectado_no_corregido,False,20.0,160,32,200
CRC32,20,0.01,detectado_no_corregido,False,20.0,160,32,200
CRC32,20,0.01,detectado_no_corregido,False,20.0,160,32,200
CRC32,20,0.01,detectado_no_corregido,False,20.0,160,32,200
CRC32,20,0.01,detectado_no_corregido,False,20.0,160,32,200
CRC32,20,0.01,detectado_no_corregido,False,20.0,160,32,200
CRC32,20,0.01,cabecera_perdida,False,20.0,160,32,200
CRC32,20,0.01,detectado_no_corregido,False,20.0,160,32,200
CRC32,20,0.01,detectado_no_corregido,False,20.0,160,32,200
CRC32,20,0.01,cabecera_perdida,False,20.0,160,32,200
CRC32,20,0.01,detectado_no_corregido,False,20.0,160,32,200
CRC32,20,0.01,ok,True,20.0,160,32,200
CRC32,20,0.01,detectado_no_corregido,False,20.0,160,32,200
CRC32,20,0.01,detectado_no_corregido,False,20.0,160,32,200
CRC32,20,0.01,detectado_no_corregido,False,20.0,160,32,200
CRC32,20,0.01,detectado_no_corregido,False,20.0,160,32,200
CRC32,20,0.01,detectado_no_corregido,False,20.0,160,32,200
CRC32,20,0.01,detectado_no_corregido,False,20.0,160,32,200
CRC32,20,0.01,detectado_no_corregido,False,20.0,160,32,200
CRC32,20,0.01,ok,True,20.0,160,32,200
CRC32,20,0.01,detectado_no_corregido,False,20.0,160,32,200
CRC32,20,0.01,ok,True,20.0,160,32,200
CRC32,20,0.01,detectado_no_corregido,False,20.0,160,32,200
CRC32,20,0.01,detectado_no_corregido,False,20.0,160,32,200
CRC32,20,0.01,detectado_no_corregido,False,20.0,160,32,200
CRC32,20,0.01,detectado_no_corregido,False,20.0,160,32,200
CRC32,20,0.01,detectado_no_corregido,False,20.0,160,32,200
CRC32,20,0.01,ok,True,20.0,160,32,200
CRC32,20,0.01,detectado_no_corregido,False,20.0,160,32,200
CRC32,20,0.01,cabecera_perdida,False,20.0,160,32,200
CRC32,20,0.01,detectado_no_corregido,False,20.0,160,32,200
CRC32,20,0.01,cabecera_perdida,False,20.0,160,32,200
CRC32,20,0.01,detectado_no_corregido,False,20.0,160,32,200
CRC32,20,0.01,detectado_no_corregido,False,20.0,160,32,200
CRC32,20,0.01,detectado_no_corregido,False,20.0,160,32,200
CRC32,20,0.01,ok,True,20.0,160,32,200
CRC32,20,0.01,detectado_no_corregido,False,20.0,160,32,200
CRC32,20,0.01,detectado_no_corregido,False,20.0,160,32,200
CRC32,20,0.01,detectado_no_corregido,False,20.0,160,32,200
CRC32,20,0.01,cabecera_perdida,False,20.0,160,32,200
CRC32,20,0.01,ok,True,20.0,160,32,200
CRC32,20,0.01,cabecera_perdida,False,20.0,160,32,200
CRC32,20,0.01,detectado_no_corregido,False,20.0,160,32,200
CRC32,20,0.01,detectado_no_corregido,False,20.0,160,32,200
CRC32,20,0.01,detectado_no_corregido,False,20.0,160,32,200
CRC32,20,0.01,detectado_no_corregido,False,20.0,160,32,200
CRC32,20,0.01,detectado_no_corregido,False,20.0,160,32,200
CRC32,20,0.01,detectado_no_corregido,False,20.0,160,32,200
CRC32,20,0.01,detectado_no_corregido,False,20.0,160,32,200
CRC32,20,0.01,detectado_no_corregido,False,20.0,160,32,200
CRC32,20,0.01,detectado_no_corregido,False,20.0,160,32,200
CRC32,20,0.01,cabecera_perdida,False,20.0,160,32,200
CRC32,20,0.01,cabecera_perdida,False,20.0,160,32,200
CRC32,20,0.01,detectado_no_corregido,False,20.0,160,32,200
CRC32,20,0.01,ok,True,20.0,160,32,200
CRC32,20,0.01,cabecera_perdida,False,20.0,160,32,200
CRC32,20,0.01,ok,True,20.0,160,32,200
CRC32,20,0.01,detectado_no_corregido,False,20.0,160,32,200
CRC32,20,0.01,cabecera_perdida,False,20.0,160,32,200
CRC32,20,0.01,detectado_no_corregido,False,20.0,160,32,200
CRC32,20,0.01,detectado_no_corregido,False,20.0,160,32,200
CRC32,20,0.01,detectado_no_corregido,False,20.0,160,32,200
CRC32,20,0.01,detectado_no_corregido,False,20.0,160,32,200
CRC32,20,0.01,detectado_no_corregido,False,20.0,160,32,200
CRC32,20,0.01,detectado_no_corregido,False,20.0,160,32,200
CRC32,20,0.01,ok,True,20.0,160,32,200
CRC32,20,0.01,detectado_no_corregido,False,20.0,160,32,200
CRC32,20,0.01,ok,True,20.0,160,32,200
CRC32,20,0.01,cabecera_perdida,False,20.0,160,32,200
CRC32,20,0.01,detectado_no_corregido,False,20.0,160,32,200
CRC32,20,0.01,detectado_no_corregido,False,20.0,160,32,200
CRC32,20,0.01,detectado_no_corregido,False,20.0,160,32,200
CRC32,20,0.01,detectado_no_corregido,False,20.0,160,32,200
CRC32,20,0.01,cabecera_perdida,False,20.0,160,32,200
CRC32,20,0.01,cabecera_perdida,False,20.0,160,32,200
CRC32,20,0.01,detectado_no_corregido,False,20.0,160,32,200
CRC32,20,0.01,detectado_no_corregido,False,20.0,160,32,200
CRC32,20,0.01,ok,True,20.0,160,32,200
CRC32,20,0.01,detectado_no_corregido,False,20.0,160,32,200
CRC32,20,0.01,detectado_no_corregido,False,20.0,160,32,200
CRC32,20,0.01,detectado_no_corregido,False,20.0,160,32,200
CRC32,20,0.01,detectado_no_corregido,False,20.0,160,32,200
CRC32,20,0.01,detectado_no_corregido,False,20.0,160,32,200
CRC32,20,0.01,detectado_no_corregido,False,20.0,160,32,200
CRC32,20,0.01,detectado_no_corregido,False,20.0,160,32,200
CRC32,20,0.01,detectado_no_corregido,False,20.0,160,32,200
CRC32,20,0.01,detectado_no_corregido,False,20.0,160,32,200
CRC32,20,0.01,detectado_no_corregido,False,20.0,160,32,200
CRC32,20,0.01,detectado_no_corregido,False,20.0,160,32,200
CRC32,20,0.01,detectado_no_corregido,False,20.0,160,32,200
CRC32,20,0.01,detectado_no_corregido,False,20.0,160,32,200
CRC32,20,0.01,detectado_no_corregido,False,20.0,160,32,200
CRC32,20,0.01,detectado_no_corregido,False,20.0,160,32,200
CRC32,20,0.01,detectado_no_corregido,False,20.0,160,32,200
CRC32,20,0.01,detectado_no_corregido,False,20.0,160,32,200
CRC32,20,0.01,detectado_no_corregido,False,20.0,160,32,200
CRC32,20,0.01,cabecera_perdida,False,20.0,160,32,200
CRC32,20,0.01,ok,True,20.0,160,32,200
CRC32,20,0.01,detectado_no_corregido,False,20.0,160,32,200
CRC32,20,0.01,detectado_no_corregido,False,20.0,160,32,200
CRC32,20,0.01,detectado_no_corregido,False,20.0,160,32,200
CRC32,20,0.01,detectado_no_corregido,False,20.0,160,32,200
CRC32,20,0.01,detectado_no_corregido,False,20.0,160,32,200
CRC32,20,0.01,detectado_no_corregido,False,20.0,160,32,200
CRC32,20,0.01,detectado_no_corregido,False,20.0,160,32,200
CRC32,20,0.01,ok,True,20.0,160,32,200
CRC32,20,0.01,detectado_no_corregido,False,20.0,160,32,200
CRC32,20,0.01,detectado_no_corregido,False,20.0,160,32,200
CRC32,20,0.01,detectado_no_corregido,False,20.0,160,32,200
CRC32,20,0.01,cabecera_perdida,False,20.0,160,32,200
CRC32,20,0.01,detectado_no_corregido,False,20.0,160,32,200
CRC32,20,0.01,detectado_no_corregido,False,20.0,160,32,200
CRC32,20,0.01,detectado_no_corregido,False,20.0,160,32,200
CRC32,20,0.01,detectado_no_corregido,False,20.0,160,32,200
CRC32,20,0.01,detectado_no_corregido,False,20.0,160,32,200
CRC32,20,0.01,detectado_no_corregido,False,20.0,160,32,200
CRC32,20,0.01,ok,True,20.0,160,32,200
CRC32,20,0.01,detectado_no_corregido,False,20.0,160,32,200
CRC32,20,0.01,ok,True,20.0,160,32,200
CRC32,20,0.01,detectado_no_corregido,False,20.0,160,32,200
CRC32,20,0.01,ok,True,20.0,160,32,200
CRC32,20,0.01,detectado_no_corregido,False,20.0,160,32,200
CRC32,20,0.01,detectado_no_corregido,False,20.0,160,32,200
CRC32,20,0.01,detectado_no_corregido,False,20.0,160,32,200
CRC32,20,0.01,detectado_no_corregido,False,20.0,160,32,200
CRC32,20,0.01,detectado_no_corregido,False,20.0,160,32,200
CRC32,20,0.01,detectado_no_corregido,False,20.0,160,32,200
CRC32,20,0.01,detectado_no_corregido,False,20.0,160,32,200
CRC32,20,0.01,detectado_no_corregido,False,20.0,160,32,200
CRC32,20,0.01,detectado_no_corregido,False,20.0,160,32,200
CRC32,20,0.01,detectado_no_corregido,False,20.0,160,32,200
CRC32,20,0.01,ok,True,20.0,160,32,200
CRC32,20,0.01,detectado_no_corregido,False,20.0,160,32,200
CRC32,20,0.01,ok,True,20.0,160,32,200
CRC32,20,0.01,detectado_no_corregido,False,20.0,160,32,200
CRC32,20,0.01,detectado_no_corregido,False,20.0,160,32,200
CRC32,20,0.01,ok,True,20.0,160,32,200
CRC32,20,0.01,ok,True,20.0,160,32,200
CRC32,20,0.01,detectado_no_corregido,False,20.0,160,32,200
CRC32,20,0.01,detectado_no_corregido,False,20.0,160,32,200
CRC32,20,0.01,ok,True,20.0,160,32,200
CRC32,20,0.01,detectado_no_corregido,False,20.0,160,32,200
CRC32,20,0.01,detectado_no_corregido,False,20.0,160,32,200
CRC32,20,0.02,detectado_no_corregido,False,20.0,160,32,200
CRC32,20,0.02,detectado_no_corregido,False,20.0,160,32,200
CRC32,20,0.02,detectado_no_corregido,False,20.0,160,32,200
CRC32,20,0.02,detectado_no_corregido,False,20.0,160,32,200
CRC32,20,0.02,detectado_no_corregido,False,20.0,160,32,200
CRC32,20,0.02,cabecera_perdida,False,20.0,160,32,200
CRC32,20,0.02,detectado_no_corregido,False,20.0,160,32,200
CRC32,20,0.02,detectado_no_corregido,False,20.0,160,32,200
CRC32,20,0.02,detectado_no_corregido,False,20.0,160,32,200
CRC32,20,0.02,cabecera_perdida,False,20.0,160,32,200
CRC32,20,0.02,cabecera_perdida,False,20.0,160,32,200
CRC32,20,0.02,cabecera_perdida,False,20.0,160,32,200
CRC32,20,0.02,ok,True,20.0,160,32,200
CRC32,20,0.02,cabecera_perdida,False,20.0,160,32,200
CRC32,20,0.02,detectado_no_corregido,False,20.0,160,32,200
CRC32,20,0.02,detectado_no_corregido,False,20.0,160,32,200
CRC32,20,0.02,detectado_no_corregido,False,20.0,160,32,200
CRC32,20,0.02,cabecera_perdida,False,20.0,160,32,200
CRC32,20,0.02,detectado_no_corregido,False,20.0,160,32,200
CRC32,20,0.02,cabecera_perdida,False,20.0,160,32,200
CRC32,20,0.02,detectado_no_corregido,False,20.0,160,32,200
CRC32,20,0.02,detectado_no_corregido,False,20.0,160,32,200
CRC32,20,0.02,detectado_no_corregido,False,20.0,160,32,200
CRC32,20,0.02,detectado_no_corregido,False,20.0,160,32,200
CRC32,20,0.02,detectado_no_corregido,False,20.0,160,32,200
CRC32,20,0.02,detectado_no_corregido,False,20.0,160,32,200
CRC32,20,0.02,cabecera_perdida,False,20.0,160,32,200
CRC32,20,0.02,detectado_no_corregido,False,20.0,160,32,200
CRC32,20,0.02,cabecera_perdida,False,20.0,160,32,200
CRC32,20,0.02,detectado_no_corregido,False,20.0,160,32,200
CRC32,20,0.02,detectado_no_corregido,False,20.0,160,32,200
CRC32,20,0.02,detectado_no_corregido,False,20.0,160,32,200
CRC32,20,0.02,detectado_no_corregido,False,20.0,160,32,200
CRC32,20,0.02,detectado_no_corregido,False,20.0,160,32,200
CRC32,20,0.02,detectado_no_corregido,False,20.0,160,32,200
CRC32,20,0.02,detectado_no_corregido,False,20.0,160,32,200
CRC32,20,0.02,detectado_no_corregido,False,20.0,160,32,200
CRC32,20,0.02,detectado_no_corregido,False,20.0,160,32,200
CRC32,20,0.02,detectado_no_corregido,False,20.0,160,32,200
CRC32,20,0.02,detectado_no_corregido,False,20.0,160,32,200
CRC32,20,0.02,detectado_no_corregido,False,20.0,160,32,200
CRC32,20,0.02,detectado_no_corregido,False,20.0,160,32,200
CRC32,20,0.02,detectado_no_corregido,False,20.0,160,32,200
CRC32,20,0.02,detectado_no_corregido,False,20.0,160,32,200
CRC32,20,0.02,detectado_no_corregido,False,20.0,160,32,200
CRC32,20,0.02,cabecera_perdida,False,20.0,160,32,200
CRC32,20,0.02,detectado_no_corregido,False,20.0,160,32,200
CRC32,20,0.02,detectado_no_corregido,False,20.0,160,32,200
CRC32,20,0.02,detectado_no_corregido,False,20.0,160,32,200
CRC32,20,0.02,detectado_no_corregido,False,20.0,160,32,200
CRC32,20,0.02,detectado_no_corregido,False,20.0,160,32,200
CRC32,20,0.02,detectado_no_corregido,False,20.0,160,32,200
CRC32,20,0.02,cabecera_perdida,False,20.0,160,32,200
CRC32,20,0.02,detectado_no_corregido,False,20.0,160,32,200
CRC32,20,0.02,detectado_no_corregido,False,20.0,160,32,200
CRC32,20,0.02,detectado_no_corregido,False,20.0,160,32,200
CRC32,20,0.02,cabecera_perdida,False,20.0,160,32,200
CRC32,20,0.02,detectado_no_corregido,False,20.0,160,32,200
CRC32,20,0.02,detectado_no_corregido,False,20.0,160,32,200
CRC32,20,0.02,detectado_no_corregido,False,20.0,160,32,200
CRC32,20,0.02,detectado_no_corregido,False,20.0,160,32,200
CRC32,20,0.02,detectado_no_corregido,False,20.0,160,32,200
CRC32,20,0.02,detectado_no_corregido,False,20.0,160,32,200
CRC32,20,0.02,detectado_no_corregido,False,20.0,160,32,200
CRC32,20,0.02,detectado_no_corregido,False,20.0,160,32,200
CRC32,20,0.02,detectado_no_corregido,False,20.0,160,32,200
CRC32,20,0.02,cabecera_perdida,False,20.0,160,32,200
CRC32,20,0.02,detectado_no_corregido,False,20.0,160,32,200
CRC32,20,0.02,detectado_no_corregido,False,20.0,160,32,200
CRC32,20,0.02,detectado_no_corregido,False,20.0,160,32,200
CRC32,20,0.02,detectado_no_corregido,False,20.0,160,32,200
CRC32,20,0.02,detectado_no_corregido,False,20.0,160,32,200
CRC32,20,0.02,detectado_no_corregido,False,20.0,160,32,200
CRC32,20,0.02,detectado_no_corregido,False,20.0,160,32,200
CRC32,20,0.02,detectado_no_corregido,False,20.0,160,32,200
CRC32,20,0.02,detectado_no_corregido,False,20.0,160,32,200
CRC32,20,0.02,detectado_no_corregido,False,20.0,160,32,200
CRC32,20,0.02,detectado_no_corregido,False,20.0,160,32,200
CRC32,20,0.02,detectado_no_corregido,False,20.0,160,32,200
CRC32,20,0.02,detectado_no_corregido,False,20.0,160,32,200
CRC32,20,0.02,detectado_no_corregido,False,20.0,160,32,200
CRC32,20,0.02,cabecera_perdida,False,20.0,160,32,200
CRC32,20,0.02,detectado_no_corregido,False,20.0,160,32,200
CRC32,20,0.02,detectado_no_corregido,False,20.0,160,32,200
CRC32,20,0.02,detectado_no_corregido,False,20.0,160,32,200
CRC32,20,0.02,detectado_no_corregido,False,20.0,160,32,200
CRC32,20,0.02,detectado_no_corregido,False,20.0,160,32,200
CRC32,20,0.02,detectado_no_corregido,False,20.0,160,32,200
CRC32,20,0.02,detectado_no_corregido,False,20.0,160,32,200
CRC32,20,0.02,cabecera_perdida,False,20.0,160,32,200
CRC32,20,0.02,cabecera_perdida,False,20.0,160,32,200
CRC32,20,0.02,detectado_no_corregido,False,20.0,160,32,200
CRC32,20,0.02,detectado_no_corregido,False,20.0,160,32,200
CRC32,20,0.02,detectado_no_corregido,False,20.0,160,32,200
CRC32,20,0.02,detectado_no_corregido,False,20.0,160,32,200
CRC32,20,0.02,cabecera_perdida,False,20.0,160,32,200
CRC32,20,0.02,detectado_no_corregido,False,20.0,160,32,200
CRC32,20,0.02,cabecera_perdida,False,20.0,160,32,200
CRC32,20,0.02,cabecera_perdida,False,20.0,160,32,200
CRC32,20,0.02,detectado_no_corregido,False,20.0,160,32,200
CRC32,20,0.02,detectado_no_corregido,False,20.0,160,32,200
CRC32,20,0.02,detectado_no_corregido,False,20.0,160,32,200
CRC32,20,0.02,detectado_no_corregido,False,20.0,160,32,200
CRC32,20,0.02,detectado_no_corregido,False,20.0,160,32,200
CRC32,20,0.02,detectado_no_corregido,False,20.0,160,32,200
CRC32,20,0.02,detectado_no_corregido,False,20.0,160,32,200
CRC32,20,0.02,detectado_no_corregido,False,20.0,160,32,200
CRC32,20,0.02,detectado_no_corregido,False,20.0,160,32,200
CRC32,20,0.02,detectado_no_corregido,False,20.0,160,32,200
CRC32,20,0.02,cabecera_perdida,False,20.0,160,32,200
CRC32,20,0.02,cabecera_perdida,False,20.0,160,32,200
CRC32,20,0.02,detectado_no_corregido,False,20.0,160,32,200
CRC32,20,0.02,detectado_no_corregido,False,20.0,160,32,200
CRC32,20,0.02,detectado_no_corregido,False,20.0,160,32,200
CRC32,20,0.02,detectado_no_corregido,False,20.0,160,32,200
CRC32,20,0.02,detectado_no_corregido,False,20.0,160,32,200
CRC32,20,0.02,detectado_no_corregido,False,20.0,160,32,200
CRC32,20,0.02,cabecera_perdida,False,20.0,160,32,200
CRC32,20,0.02,detectado_no_corregido,False,20.0,160,32,200
CRC32,20,0.02,detectado_no_corregido,False,20.0,160,32,200
CRC32,20,0.02,detectado_no_corregido,False,20.0,160,32,200
CRC32,20,0.02,detectado_no_corregido,False,20.0,160,32,200
CRC32,20,0.02,detectado_no_corregido,False,20.0,160,32,200
CRC32,20,0.02,detectado_no_corregido,False,20.0,160,32,200
CRC32,20,0.02,detectado_no_corregido,False,20.0,160,32,200
CRC32,20,0.02,detectado_no_corregido,False,20.0,160,32,200
CRC32,20,0.02,cabecera_perdida,False,20.0,160,32,200
CRC32,20,0.02,detectado_no_corregido,False,20.0,160,32,200
CRC32,20,0.02,detectado_no_corregido,False,20.0,160,32,200
CRC32,20,0.02,detectado_no_corregido,False,20.0,160,32,200
CRC32,20,0.02,detectado_no_corregido,False,20.0,160,32,200
CRC32,20,0.02,detectado_no_corregido,False,20.0,160,32,200
CRC32,20,0.02,detectado_no_corregido,False,20.0,160,32,200
CRC32,20,0.02,detectado_no_corregido,False,20.0,160,32,200
CRC32,20,0.02,detectado_no_corregido,False,20.0,160,32,200
CRC32,20,0.02,detectado_no_corregido,False,20.0,160,32,200
CRC32,20,0.02,detectado_no_corregido,False,20.0,160,32,200
CRC32,20,0.02,detectado_no_corregido,False,20.0,160,32,200
CRC32,20,0.02,detectado_no_corregido,False,20.0,160,32,200
CRC32,20,0.02,detectado_no_corregido,False,20.0,160,32,200
CRC32,20,0.02,cabecera_perdida,False,20.0,160,32,200
CRC32,20,0.02,detectado_no_corregido,False,20.0,160,32,200
CRC32,20,0.02,cabecera_perdida,False,20.0,160,32,200
CRC32,20,0.02,detectado_no_corregido,False,20.0,160,32,200
CRC32,20,0.02,detectado_no_corregido,False,20.0,160,32,200
CRC32,20,0.02,detectado_no_corregido,False,20.0,160,32,200
CRC32,20,0.02,detectado_no_corregido,False,20.0,160,32,200
CRC32,20,0.02,detectado_no_corregido,False,20.0,160,32,200
CRC32,20,0.02,cabecera_perdida,False,20.0,160,32,200
CRC32,20,0.02,detectado_no_corregido,False,20.0,160,32,200
CRC32,20,0.03,cabecera_perdida,False,20.0,160,32,200
CRC32,20,0.03,detectado_no_corregido,False,20.0,160,32,200
CRC32,20,0.03,detectado_no_corregido,False,20.0,160,32,200
CRC32,20,0.03,cabecera_perdida,False,20.0,160,32,200
CRC32,20,0.03,cabecera_perdida,False,20.0,160,32,200
CRC32,20,0.03,detectado_no_corregido,False,20.0,160,32,200
CRC32,20,0.03,cabecera_perdida,False,20.0,160,32,200
CRC32,20,0.03,detectado_no_corregido,False,20.0,160,32,200
CRC32,20,0.03,detectado_no_corregido,False,20.0,160,32,200
CRC32,20,0.03,detectado_no_corregido,False,20.0,160,32,200
CRC32,20,0.03,detectado_no_corregido,False,20.0,160,32,200
CRC32,20,0.03,detectado_no_corregido,False,20.0,160,32,200
CRC32,20,0.03,detectado_no_corregido,False,20.0,160,32,200
CRC32,20,0.03,detectado_no_corregido,False,20.0,160,32,200
CRC32,20,0.03,detectado_no_corregido,False,20.0,160,32,200
CRC32,20,0.03,cabecera_perdida,False,20.0,160,32,200
CRC32,20,0.03,detectado_no_corregido,False,20.0,160,32,200
CRC32,20,0.03,detectado_no_corregido,False,20.0,160,32,200
CRC32,20,0.03,detectado_no_corregido,False,20.0,160,32,200
CRC32,20,0.03,cabecera_perdida,False,20.0,160,32,200
CRC32,20,0.03,detectado_no_corregido,False,20.0,160,32,200
CRC32,20,0.03,detectado_no_corregido,False,20.0,160,32,200
CRC32,20,0.03,detectado_no_corregido,False,20.0,160,32,200
CRC32,20,0.03,detectado_no_corregido,False,20.0,160,32,200
CRC32,20,0.03,cabecera_perdida,False,20.0,160,32,200
CRC32,20,0.03,cabecera_perdida,False,20.0,160,32,200
CRC32,20,0.03,detectado_no_corregido,False,20.0,160,32,200
CRC32,20,0.03,detectado_no_corregido,False,20.0,160,32,200
CRC32,20,0.03,detectado_no_corregido,False,20.0,160,32,200
CRC32,20,0.03,detectado_no_corregido,False,20.0,160,32,200
CRC32,20,0.03,detectado_no_corregido,False,20.0,160,32,200
CRC32,20,0.03,detectado_no_corregido,False,20.0,160,32,200
CRC32,20,0.03,detectado_no_corregido,False,20.0,160,32,200
CRC32,20,0.03,detectado_no_corregido,False,20.0,160,32,200
CRC32,20,0.03,detectado_no_corregido,False,20.0,160,32,200
CRC32,20,0.03,cabecera_perdida,False,20.0,160,32,200
CRC32,20,0.03,detectado_no_corregido,False,20.0,160,32,200
CRC32,20,0.03,detectado_no_corregido,False,20.0,160,32,200
CRC32,20,0.03,detectado_no_corregido,False,20.0,160,32,200
CRC32,20,0.03,detectado_no_corregido,False,20.0,160,32,200
CRC32,20,0.03,cabecera_perdida,False,20.0,160,32,200
CRC32,20,0.03,detectado_no_corregido,False,20.0,160,32,200
CRC32,20,0.03,detectado_no_corregido,False,20.0,160,32,200
CRC32,20,0.03,cabecera_perdida,False,20.0,160,32,200
CRC32,20,0.03,detectado_no_corregido,False,20.0,160,32,200
CRC32,20,0.03,detectado_no_corregido,False,20.0,160,32,200
CRC32,20,0.03,detectado_no_corregido,False,20.0,160,32,200
CRC32,20,0.03,cabecera_perdida,False,20.0,160,32,200
CRC32,20,0.03,detectado_no_corregido,False,20.0,160,32,200
CRC32,20,0.03,detectado_no_corregido,False,20.0,160,32,200
CRC32,20,0.03,detectado_no_corregido,False,20.0,160,32,200
CRC32,20,0.03,cabecera_perdida,False,20.0,160,32,200
CRC32,20,0.03,detectado_no_corregido,False,20.0,160,32,200
CRC32,20,0.03,detectado_no_corregido,False,20.0,160,32,200
CRC32,20,0.03,detectado_no_corregido,False,20.0,160,32,200
CRC32,20,0.03,cabecera_perdida,False,20.0,160,32,200
CRC32,20,0.03,detectado_no_corregido,False,20.0,160,32,200
CRC32,20,0.03,detectado_no_corregido,False,20.0,160,32,200
CRC32,20,0.03,cabecera_perdida,False,20.0,160,32,200
CRC32,20,0.03,detectado_no_corregido,False,20.0,160,32,200
CRC32,20,0.03,cabecera_perdida,False,20.0,160,32,200
CRC32,20,0.03,detectado_no_corregido,False,20.0,160,32,200
CRC32,20,0.03,detectado_no_corregido,False,20.0,160,32,200
CRC32,20,0.03,detectado_no_corregido,False,20.0,160,32,200
CRC32,20,0.03,cabecera_perdida,False,20.0,160,32,200
CRC32,20,0.03,detectado_no_corregido,False,20.0,160,32,200
CRC32,20,0.03,detectado_no_corregido,False,20.0,160,32,200
CRC32,20,0.03,detectado_no_corregido,False,20.0,160,32,200
CRC32,20,0.03,detectado_no_corregido,False,20.0,160,32,200
CRC32,20,0.03,detectado_no_corregido,False,20.0,160,32,200
CRC32,20,0.03,detectado_no_corregido,False,20.0,160,32,200
CRC32,20,0.03,detectado_no_corregido,False,20.0,160,32,200
CRC32,20,0.03,detectado_no_corregido,False,20.0,160,32,200
CRC32,20,0.03,ok,True,20.0,160,32,200
CRC32,20,0.03,cabecera_perdida,False,20.0,160,32,200
CRC32,20,0.03,detectado_no_corregido,False,20.0,160,32,200
CRC32,20,0.03,cabecera_perdida,False,20.0,160,32,200
CRC32,20,0.03,detectado_no_corregido,False,20.0,160,32,200
CRC32,20,0.03,detectado_no_corregido,False,20.0,160,32,200
CRC32,20,0.03,detectado_no_corregido,False,20.0,160,32,200
CRC32,20,0.03,cabecera_perdida,False,20.0,160,32,200
CRC32,20,0.03,cabecera_perdida,False,20.0,160,32,200
CRC32,20,0.03,detectado_no_corregido,False,20.0,160,32,200
CRC32,20,0.03,detectado_no_corregido,False,20.0,160,32,200
CRC32,20,0.03,detectado_no_corregido,False,20.0,160,32,200
CRC32,20,0.03,detectado_no_corregido,False,20.0,160,32,200
CRC32,20,0.03,detectado_no_corregido,False,20.0,160,32,200
CRC32,20,0.03,cabecera_perdida,False,20.0,160,32,200
CRC32,20,0.03,detectado_no_corregido,False,20.0,160,32,200
CRC32,20,0.03,detectado_no_corregido,False,20.0,160,32,200
CRC32,20,0.03,detectado_no_corregido,False,20.0,160,32,200
CRC32,20,0.03,detectado_no_corregido,False,20.0,160,32,200
CRC32,20,0.03,cabecera_perdida,False,20.0,160,32,200
CRC32,20,0.03,detectado_no_corregido,False,20.0,160,32,200
CRC32,20,0.03,detectado_no_corregido,False,20.0,160,32,200
CRC32,20,0.03,detectado_no_corregido,False,20.0,160,32,200
CRC32,20,0.03,cabecera_perdida,False,20.0,160,32,200
CRC32,20,0.03,detectado_no_corregido,False,20.0,160,32,200
CRC32,20,0.03,detectado_no_corregido,False,20.0,160,32,200
CRC32,20,0.03,detectado_no_corregido,False,20.0,160,32,200
CRC32,20,0.03,detectado_no_corregido,False,20.0,160,32,200
CRC32,20,0.03,detectado_no_corregido,False,20.0,160,32,200
CRC32,20,0.03,detectado_no_corregido,False,20.0,160,32,200
CRC32,20,0.03,detectado_no_corregido,False,20.0,160,32,200
CRC32,20,0.03,detectado_no_corregido,False,20.0,160,32,200
CRC32,20,0.03,detectado_no_corregido,False,20.0,160,32,200
CRC32,20,0.03,detectado_no_corregido,False,20.0,160,32,200
CRC32,20,0.03,detectado_no_corregido,False,20.0,160,32,200
CRC32,20,0.03,detectado_no_corregido,False,20.0,160,32,200
CRC32,20,0.03,detectado_no_corregido,False,20.0,160,32,200
CRC32,20,0.03,detectado_no_corregido,False,20.0,160,32,200
CRC32,20,0.03,detectado_no_corregido,False,20.0,160,32,200
CRC32,20,0.03,detectado_no_corregido,False,20.0,160,32,200
CRC32,20,0.03,detectado_no_corregido,False,20.0,160,32,200
CRC32,20,0.03,cabecera_perdida,False,20.0,160,32,200
CRC32,20,0.03,detectado_no_corregido,False,20.0,160,32,200
CRC32,20,0.03,detectado_no_corregido,False,20.0,160,32,200
CRC32,20,0.03,detectado_no_corregido,False,20.0,160,32,200
CRC32,20,0.03,cabecera_perdida,False,20.0,160,32,200
CRC32,20,0.03,cabecera_perdida,False,20.0,160,32,200
CRC32,20,0.03,detectado_no_corregido,False,20.0,160,32,200
CRC32,20,0.03,detectado_no_corregido,False,20.0,160,32,200
CRC32,20,0.03,detectado_no_corregido,False,20.0,160,32,200
CRC32,20,0.03,detectado_no_corregido,False,20.0,160,32,200
CRC32,20,0.03,cabecera_perdida,False,20.0,160,32,200
CRC32,20,0.03,detectado_no_corregido,False,20.0,160,32,200
CRC32,20,0.03,cabecera_perdida,False,20.0,160,32,200
CRC32,20,0.03,cabecera_perdida,False,20.0,160,32,200
CRC32,20,0.03,detectado_no_corregido,False,20.0,160,32,200
CRC32,20,0.03,cabecera_perdida,False,20.0,160,32,200
CRC32,20,0.03,cabecera_perdida,False,20.0,160,32,200
CRC32,20,0.03,detectado_no_corregido,False,20.0,160,32,200
CRC32,20,0.03,detectado_no_corregido,False,20.0,160,32,200
CRC32,20,0.03,detectado_no_corregido,False,20.0,160,32,200
CRC32,20,0.03,detectado_no_corregido,False,20.0,160,32,200
CRC32,20,0.03,detectado_no_corregido,False,20.0,160,32,200
CRC32,20,0.03,ok,True,20.0,160,32,200
CRC32,20,0.03,detectado_no_corregido,False,20.0,160,32,200
CRC32,20,0.03,detectado_no_corregido,False,20.0,160,32,200
CRC32,20,0.03,detectado_no_corregido,False,20.0,160,32,200
CRC32,20,0.03,detectado_no_corregido,False,20.0,160,32,200
CRC32,20,0.03,detectado_no_corregido,False,20.0,160,32,200
CRC32,20,0.03,detectado_no_corregido,False,20.0,160,32,200
CRC32,20,0.03,detectado_no_corregido,False,20.0,160,32,200
CRC32,20,0.03,detectado_no_corregido,False,20.0,160,32,200
CRC32,20,0.03,detectado_no_corregido,False,20.0,160,32,200
CRC32,20,0.03,cabecera_perdida,False,20.0,160,32,200
CRC32,20,0.03,detectado_no_corregido,False,20.0,160,32,200
CRC32,20,0.03,cabecera_perdida,False,20.0,160,32,200
CRC32,20,0.03,detectado_no_corregido,False,20.0,160,32,200
CRC32,20,0.05,cabecera_perdida,False,20.0,160,32,200
CRC32,20,0.05,detectado_no_corregido,False,20.0,160,32,200
CRC32,20,0.05,detectado_no_corregido,False,20.0,160,32,200
CRC32,20,0.05,detectado_no_corregido,False,20.0,160,32,200
CRC32,20,0.05,detectado_no_corregido,False,20.0,160,32,200
CRC32,20,0.05,cabecera_perdida,False,20.0,160,32,200
CRC32,20,0.05,cabecera_perdida,False,20.0,160,32,200
CRC32,20,0.05,detectado_no_corregido,False,20.0,160,32,200
CRC32,20,0.05,detectado_no_corregido,False,20.0,160,32,200
CRC32,20,0.05,detectado_no_corregido,False,20.0,160,32,200
CRC32,20,0.05,detectado_no_corregido,False,20.0,160,32,200
CRC32,20,0.05,detectado_no_corregido,False,20.0,160,32,200
CRC32,20,0.05,detectado_no_corregido,False,20.0,160,32,200
CRC32,20,0.05,detectado_no_corregido,False,20.0,160,32,200
CRC32,20,0.05,cabecera_perdida,False,20.0,160,32,200
CRC32,20,0.05,detectado_no_corregido,False,20.0,160,32,200
CRC32,20,0.05,detectado_no_corregido,False,20.0,160,32,200
CRC32,20,0.05,detectado_no_corregido,False,20.0,160,32,200
CRC32,20,0.05,detectado_no_corregido,False,20.0,160,32,200
CRC32,20,0.05,cabecera_perdida,False,20.0,160,32,200
CRC32,20,0.05,detectado_no_corregido,False,20.0,160,32,200
CRC32,20,0.05,detectado_no_corregido,False,20.0,160,32,200
CRC32,20,0.05,detectado_no_corregido,False,20.0,160,32,200
CRC32,20,0.05,detectado_no_corregido,False,20.0,160,32,200
CRC32,20,0.05,cabecera_perdida,False,20.0,160,32,200
CRC32,20,0.05,detectado_no_corregido,False,20.0,160,32,200
CRC32,20,0.05,cabecera_perdida,False,20.0,160,32,200
CRC32,20,0.05,detectado_no_corregido,False,20.0,160,32,200
CRC32,20,0.05,detectado_no_corregido,False,20.0,160,32,200
CRC32,20,0.05,detectado_no_corregido,False,20.0,160,32,200
CRC32,20,0.05,cabecera_perdida,False,20.0,160,32,200
CRC32,20,0.05,cabecera_perdida,False,20.0,160,32,200
CRC32,20,0.05,detectado_no_corregido,False,20.0,160,32,200
CRC32,20,0.05,cabecera_perdida,False,20.0,160,32,200
CRC32,20,0.05,detectado_no_corregido,False,20.0,160,32,200
CRC32,20,0.05,detectado_no_corregido,False,20.0,160,32,200
CRC32,20,0.05,detectado_no_corregido,False,20.0,160,32,200
CRC32,20,0.05,detectado_no_corregido,False,20.0,160,32,200
CRC32,20,0.05,detectado_no_corregido,False,20.0,160,32,200
CRC32,20,0.05,detectado_no_corregido,False,20.0,160,32,200
CRC32,20,0.05,cabecera_perdida,False,20.0,160,32,200
CRC32,20,0.05,detectado_no_corregido,False,20.0,160,32,200
CRC32,20,0.05,detectado_no_corregido,False,20.0,160,32,200
CRC32,20,0.05,detectado_no_corregido,False,20.0,160,32,200
CRC32,20,0.05,detectado_no_corregido,False,20.0,160,32,200
CRC32,20,0.05,detectado_no_corregido,False,20.0,160,32,200
CRC32,20,0.05,cabecera_perdida,False,20.0,160,32,200
CRC32,20,0.05,detectado_no_corregido,False,20.0,160,32,200
CRC32,20,0.05,detectado_no_corregido,False,20.0,160,32,200
CRC32,20,0.05,cabecera_perdida,False,20.0,160,32,200
CRC32,20,0.05,detectado_no_corregido,False,20.0,160,32,200
CRC32,20,0.05,detectado_no_corregido,False,20.0,160,32,200
CRC32,20,0.05,detectado_no_corregido,False,20.0,160,32,200
CRC32,20,0.05,detectado_no_corregido,False,20.0,160,32,200
CRC32,20,0.05,detectado_no_corregido,False,20.0,160,32,200
CRC32,20,0.05,detectado_no_corregido,False,20.0,160,32,200
CRC32,20,0.05,cabecera_perdida,False,20.0,160,32,200
CRC32,20,0.05,cabecera_perdida,False,20.0,160,32,200
CRC32,20,0.05,detectado_no_corregido,False,20.0,160,32,200
CRC32,20,0.05,cabecera_perdida,False,20.0,160,32,200
CRC32,20,0.05,detectado_no_corregido,False,20.0,160,32,200
CRC32,20,0.05,cabecera_perdida,False,20.0,160,32,200
CRC32,20,0.05,detectado_no_corregido,False,20.0,160,32,200
CRC32,20,0.05,detectado_no_corregido,False,20.0,160,32,200
CRC32,20,0.05,cabecera_perdida,False,20.0,160,32,200
CRC32,20,0.05,detectado_no_corregido,False,20.0,160,32,200
CRC32,20,0.05,cabecera_perdida,False,20.0,160,32,200
CRC32,20,0.05,cabecera_perdida,False,20.0,160,32,200
CRC32,20,0.05,detectado_no_corregido,False,20.0,160,32,200
CRC32,20,0.05,cabecera_perdida,False,20.0,160,32,200
CRC32,20,0.05,cabecera_perdida,False,20.0,160,32,200
CRC32,20,0.05,detectado_no_corregido,False,20.0,160,32,200
CRC32,20,0.05,detectado_no_corregido,False,20.0,160,32,200
CRC32,20,0.05,cabecera_perdida,False,20.0,160,32,200
CRC32,20,0.05,cabecera_perdida,False,20.0,160,32,200
CRC32,20,0.05,detectado_no_corregido,False,20.0,160,32,200
CRC32,20,0.05,cabecera_perdida,False,20.0,160,32,200
CRC32,20,0.05,detectado_no_corregido,False,20.0,160,32,200
CRC32,20,0.05,detectado_no_corregido,False,20.0,160,32,200
CRC32,20,0.05,cabecera_perdida,False,20.0,160,32,200
CRC32,20,0.05,detectado_no_corregido,False,20.0,160,32,200
CRC32,20,0.05,detectado_no_corregido,False,20.0,160,32,200
CRC32,20,0.05,detectado_no_corregido,False,20.0,160,32,200
CRC32,20,0.05,detectado_no_corregido,False,20.0,160,32,200
CRC32,20,0.05,cabecera_perdida,False,20.0,160,32,200
CRC32,20,0.05,detectado_no_corregido,False,20.0,160,32,200
CRC32,20,0.05,cabecera_perdida,False,20.0,160,32,200
CRC32,20,0.05,detectado_no_corregido,False,20.0,160,32,200
CRC32,20,0.05,cabecera_perdida,False,20.0,160,32,200
CRC32,20,0.05,detectado_no_corregido,False,20.0,160,32,200
CRC32,20,0.05,cabecera_perdida,False,20.0,160,32,200
CRC32,20,0.05,cabecera_perdida,False,20.0,160,32,200
CRC32,20,0.05,detectado_no_corregido,False,20.0,160,32,200
CRC32,20,0.05,detectado_no_corregido,False,20.0,160,32,200
CRC32,20,0.05,detectado_no_corregido,False,20.0,160,32,200
CRC32,20,0.05,cabecera_perdida,False,20.0,160,32,200
CRC32,20,0.05,cabecera_perdida,False,20.0,160,32,200
CRC32,20,0.05,cabecera_perdida,False,20.0,160,32,200
CRC32,20,0.05,detectado_no_corregido,False,20.0,160,32,200
CRC32,20,0.05,detectado_no_corregido,False,20.0,160,32,200
CRC32,20,0.05,detectado_no_corregido,False,20.0,160,32,200
CRC32,20,0.05,cabecera_perdida,False,20.0,160,32,200
CRC32,20,0.05,detectado_no_corregido,False,20.0,160,32,200
CRC32,20,0.05,cabecera_perdida,False,20.0,160,32,200
CRC32,20,0.05,cabecera_perdida,False,20.0,160,32,200
CRC32,20,0.05,cabecera_perdida,False,20.0,160,32,200
CRC32,20,0.05,cabecera_perdida,False,20.0,160,32,200
CRC32,20,0.05,cabecera_perdida,False,20.0,160,32,200
CRC32,20,0.05,detectado_no_corregido,False,20.0,160,32,200
CRC32,20,0.05,detectado_no_corregido,False,20.0,160,32,200
CRC32,20,0.05,detectado_no_corregido,False,20.0,160,32,200
CRC32,20,0.05,cabecera_perdida,False,20.0,160,32,200
CRC32,20,0.05,detectado_no_corregido,False,20.0,160,32,200
CRC32,20,0.05,cabecera_perdida,False,20.0,160,32,200
CRC32,20,0.05,cabecera_perdida,False,20.0,160,32,200
CRC32,20,0.05,detectado_no_corregido,False,20.0,160,32,200
CRC32,20,0.05,cabecera_perdida,False,20.0,160,32,200
CRC32,20,0.05,detectado_no_corregido,False,20.0,160,32,200
CRC32,20,0.05,detectado_no_corregido,False,20.0,160,32,200
CRC32,20,0.05,detectado_no_corregido,False,20.0,160,32,200
CRC32,20,0.05,detectado_no_corregido,False,20.0,160,32,200
CRC32,20,0.05,detectado_no_corregido,False,20.0,160,32,200
CRC32,20,0.05,detectado_no_corregido,False,20.0,160,32,200
CRC32,20,0.05,cabecera_perdida,False,20.0,160,32,200
CRC32,20,0.05,detectado_no_corregido,False,20.0,160,32,200
CRC32,20,0.05,cabecera_perdida,False,20.0,160,32,200
CRC32,20,0.05,detectado_no_corregido,False,20.0,160,32,200
CRC32,20,0.05,detectado_no_corregido,False,20.0,160,32,200
CRC32,20,0.05,detectado_no_corregido,False,20.0,160,32,200
CRC32,20,0.05,detectado_no_corregido,False,20.0,160,32,200
CRC32,20,0.05,cabecera_perdida,False,20.0,160,32,200
CRC32,20,0.05,detectado_no_corregido,False,20.0,160,32,200
CRC32,20,0.05,detectado_no_corregido,False,20.0,160,32,200
CRC32,20,0.05,cabecera_perdida,False,20.0,160,32,200
CRC32,20,0.05,detectado_no_corregido,False,20.0,160,32,200
CRC32,20,0.05,detectado_no_corregido,False,20.0,160,32,200
CRC32,20,0.05,cabecera_perdida,False,20.0,160,32,200
CRC32,20,0.05,detectado_no_corregido,False,20.0,160,32,200
CRC32,20,0.05,detectado_no_corregido,False,20.0,160,32,200
CRC32,20,0.05,detectado_no_corregido,False,20.0,160,32,200
CRC32,20,0.05,cabecera_perdida,False,20.0,160,32,200
CRC32,20,0.05,detectado_no_corregido,False,20.0,160,32,200
CRC32,20,0.05,detectado_no_corregido,False,20.0,160,32,200
CRC32,20,0.05,cabecera_perdida,False,20.0,160,32,200
CRC32,20,0.05,detectado_no_corregido,False,20.0,160,32,200
CRC32,20,0.05,cabecera_perdida,False,20.0,160,32,200
CRC32,20,0.05,cabecera_perdida,False,20.0,160,32,200
CRC32,20,0.05,cabecera_perdida,False,20.0,160,32,200
CRC32,20,0.05,detectado_no_corregido,False,20.0,160,32,200
CRC32,20,0.05,cabecera_perdida,False,20.0,160,32,200
CRC32,20,0.08,detectado_no_corregido,False,20.0,160,32,200
CRC32,20,0.08,detectado_no_corregido,False,20.0,160,32,200
CRC32,20,0.08,cabecera_perdida,False,20.0,160,32,200
CRC32,20,0.08,detectado_no_corregido,False,20.0,160,32,200
CRC32,20,0.08,cabecera_perdida,False,20.0,160,32,200
CRC32,20,0.08,detectado_no_corregido,False,20.0,160,32,200
CRC32,20,0.08,detectado_no_corregido,False,20.0,160,32,200
CRC32,20,0.08,cabecera_perdida,False,20.0,160,32,200
CRC32,20,0.08,cabecera_perdida,False,20.0,160,32,200
CRC32,20,0.08,detectado_no_corregido,False,20.0,160,32,200
CRC32,20,0.08,cabecera_perdida,False,20.0,160,32,200
CRC32,20,0.08,cabecera_perdida,False,20.0,160,32,200
CRC32,20,0.08,cabecera_perdida,False,20.0,160,32,200
CRC32,20,0.08,detectado_no_corregido,False,20.0,160,32,200
CRC32,20,0.08,cabecera_perdida,False,20.0,160,32,200
CRC32,20,0.08,detectado_no_corregido,False,20.0,160,32,200
CRC32,20,0.08,cabecera_perdida,False,20.0,160,32,200
CRC32,20,0.08,cabecera_perdida,False,20.0,160,32,200
CRC32,20,0.08,detectado_no_corregido,False,20.0,160,32,200
CRC32,20,0.08,detectado_no_corregido,False,20.0,160,32,200
CRC32,20,0.08,cabecera_perdida,False,20.0,160,32,200
CRC32,20,0.08,cabecera_perdida,False,20.0,160,32,200
CRC32,20,0.08,detectado_no_corregido,False,20.0,160,32,200
CRC32,20,0.08,cabecera_perdida,False,20.0,160,32,200
CRC32,20,0.08,detectado_no_corregido,False,20.0,160,32,200
CRC32,20,0.08,cabecera_perdida,False,20.0,160,32,200
CRC32,20,0.08,detectado_no_corregido,False,20.0,160,32,200
CRC32,20,0.08,cabecera_perdida,False,20.0,160,32,200
CRC32,20,0.08,cabecera_perdida,False,20.0,160,32,200
CRC32,20,0.08,detectado_no_corregido,False,20.0,160,32,200
CRC32,20,0.08,detectado_no_corregido,False,20.0,160,32,200
CRC32,20,0.08,cabecera_perdida,False,20.0,160,32,200
CRC32,20,0.08,cabecera_perdida,False,20.0,160,32,200
CRC32,20,0.08,cabecera_perdida,False,20.0,160,32,200
CRC32,20,0.08,cabecera_perdida,False,20.0,160,32,200
CRC32,20,0.08,detectado_no_corregido,False,20.0,160,32,200
CRC32,20,0.08,detectado_no_corregido,False,20.0,160,32,200
CRC32,20,0.08,detectado_no_corregido,False,20.0,160,32,200
CRC32,20,0.08,cabecera_perdida,False,20.0,160,32,200
CRC32,20,0.08,detectado_no_corregido,False,20.0,160,32,200
CRC32,20,0.08,detectado_no_corregido,False,20.0,160,32,200
CRC32,20,0.08,detectado_no_corregido,False,20.0,160,32,200
CRC32,20,0.08,detectado_no_corregido,False,20.0,160,32,200
CRC32,20,0.08,detectado_no_corregido,False,20.0,160,32,200
CRC32,20,0.08,cabecera_perdida,False,20.0,160,32,200
CRC32,20,0.08,cabecera_perdida,False,20.0,160,32,200
CRC32,20,0.08,detectado_no_corregido,False,20.0,160,32,200
CRC32,20,0.08,cabecera_perdida,False,20.0,160,32,200
CRC32,20,0.08,detectado_no_corregido,False,20.0,160,32,200
CRC32,20,0.08,detectado_no_corregido,False,20.0,160,32,200
CRC32,20,0.08,cabecera_perdida,False,20.0,160,32,200
CRC32,20,0.08,detectado_no_corregido,False,20.0,160,32,200
CRC32,20,0.08,cabecera_perdida,False,20.0,160,32,200
CRC32,20,0.08,detectado_no_corregido,False,20.0,160,32,200
CRC32,20,0.08,cabecera_perdida,False,20.0,160,32,200
CRC32,20,0.08,detectado_no_corregido,False,20.0,160,32,200
CRC32,20,0.08,detectado_no_corregido,False,20.0,160,32,200
CRC32,20,0.08,cabecera_perdida,False,20.0,160,32,200
CRC32,20,0.08,detectado_no_corregido,False,20.0,160,32,200
CRC32,20,0.08,detectado_no_corregido,False,20.0,160,32,200
CRC32,20,0.08,cabecera_perdida,False,20.0,160,32,200
CRC32,20,0.08,cabecera_perdida,False,20.0,160,32,200
CRC32,20,0.08,cabecera_perdida,False,20.0,160,32,200
CRC32,20,0.08,detectado_no_corregido,False,20.0,160,32,200
CRC32,20,0.08,detectado_no_corregido,False,20.0,160,32,200
CRC32,20,0.08,cabecera_perdida,False,20.0,160,32,200
CRC32,20,0.08,detectado_no_corregido,False,20.0,160,32,200
CRC32,20,0.08,cabecera_perdida,False,20.0,160,32,200
CRC32,20,0.08,detectado_no_corregido,False,20.0,160,32,200
CRC32,20,0.08,detectado_no_corregido,False,20.0,160,32,200
CRC32,20,0.08,cabecera_perdida,False,20.0,160,32,200
CRC32,20,0.08,detectado_no_corregido,False,20.0,160,32,200
CRC32,20,0.08,detectado_no_corregido,False,20.0,160,32,200
CRC32,20,0.08,detectado_no_corregido,False,20.0,160,32,200
CRC32,20,0.08,detectado_no_corregido,False,20.0,160,32,200
CRC32,20,0.08,detectado_no_corregido,False,20.0,160,32,200
CRC32,20,0.08,cabecera_perdida,False,20.0,160,32,200
CRC32,20,0.08,detectado_no_corregido,False,20.0,160,32,200
CRC32,20,0.08,cabecera_perdida,False,20.0,160,32,200
CRC32,20,0.08,detectado_no_corregido,False,20.0,160,32,200
CRC32,20,0.08,cabecera_perdida,False,20.0,160,32,200
CRC32,20,0.08,cabecera_perdida,False,20.0,160,32,200
CRC32,20,0.08,detectado_no_corregido,False,20.0,160,32,200
CRC32,20,0.08,cabecera_perdida,False,20.0,160,32,200
CRC32,20,0.08,detectado_no_corregido,False,20.0,160,32,200
CRC32,20,0.08,detectado_no_corregido,False,20.0,160,32,200
CRC32,20,0.08,cabecera_perdida,False,20.0,160,32,200
CRC32,20,0.08,cabecera_perdida,False,20.0,160,32,200
CRC32,20,0.08,detectado_no_corregido,False,20.0,160,32,200
CRC32,20,0.08,detectado_no_corregido,False,20.0,160,32,200
CRC32,20,0.08,detectado_no_corregido,False,20.0,160,32,200
CRC32,20,0.08,cabecera_perdida,False,20.0,160,32,200
CRC32,20,0.08,cabecera_perdida,False,20.0,160,32,200
CRC32,20,0.08,detectado_no_corregido,False,20.0,160,32,200
CRC32,20,0.08,detectado_no_corregido,False,20.0,160,32,200
CRC32,20,0.08,detectado_no_corregido,False,20.0,160,32,200
CRC32,20,0.08,cabecera_perdida,False,20.0,160,32,200
CRC32,20,0.08,cabecera_perdida,False,20.0,160,32,200
CRC32,20,0.08,cabecera_perdida,False,20.0,160,32,200
CRC32,20,0.08,cabecera_perdida,False,20.0,160,32,200
CRC32,20,0.08,detectado_no_corregido,False,20.0,160,32,200
CRC32,20,0.08,cabecera_perdida,False,20.0,160,32,200
CRC32,20,0.08,detectado_no_corregido,False,20.0,160,32,200
CRC32,20,0.08,detectado_no_corregido,False,20.0,160,32,200
CRC32,20,0.08,cabecera_perdida,False,20.0,160,32,200
CRC32,20,0.08,detectado_no_corregido,False,20.0,160,32,200
CRC32,20,0.08,detectado_no_corregido,False,20.0,160,32,200
CRC32,20,0.08,cabecera_perdida,False,20.0,160,32,200
CRC32,20,0.08,detectado_no_corregido,False,20.0,160,32,200
CRC32,20,0.08,cabecera_perdida,False,20.0,160,32,200
CRC32,20,0.08,cabecera_perdida,False,20.0,160,32,200
CRC32,20,0.08,detectado_no_corregido,False,20.0,160,32,200
CRC32,20,0.08,detectado_no_corregido,False,20.0,160,32,200
CRC32,20,0.08,detectado_no_corregido,False,20.0,160,32,200
CRC32,20,0.08,cabecera_perdida,False,20.0,160,32,200
CRC32,20,0.08,detectado_no_corregido,False,20.0,160,32,200
CRC32,20,0.08,cabecera_perdida,False,20.0,160,32,200
CRC32,20,0.08,detectado_no_corregido,False,20.0,160,32,200
CRC32,20,0.08,cabecera_perdida,False,20.0,160,32,200
CRC32,20,0.08,cabecera_perdida,False,20.0,160,32,200
CRC32,20,0.08,cabecera_perdida,False,20.0,160,32,200
CRC32,20,0.08,cabecera_perdida,False,20.0,160,32,200
CRC32,20,0.08,cabecera_perdida,False,20.0,160,32,200
CRC32,20,0.08,detectado_no_corregido,False,20.0,160,32,200
CRC32,20,0.08,detectado_no_corregido,False,20.0,160,32,200
CRC32,20,0.08,cabecera_perdida,False,20.0,160,32,200
CRC32,20,0.08,detectado_no_corregido,False,20.0,160,32,200
CRC32,20,0.08,detectado_no_corregido,False,20.0,160,32,200
CRC32,20,0.08,cabecera_perdida,False,20.0,160,32,200
CRC32,20,0.08,detectado_no_corregido,False,20.0,160,32,200
CRC32,20,0.08,cabecera_perdida,False,20.0,160,32,200
CRC32,20,0.08,cabecera_perdida,False,20.0,160,32,200
CRC32,20,0.08,detectado_no_corregido,False,20.0,160,32,200
CRC32,20,0.08,cabecera_perdida,False,20.0,160,32,200
CRC32,20,0.08,detectado_no_corregido,False,20.0,160,32,200
CRC32,20,0.08,detectado_no_corregido,False,20.0,160,32,200
CRC32,20,0.08,cabecera_perdida,False,20.0,160,32,200
CRC32,20,0.08,cabecera_perdida,False,20.0,160,32,200
CRC32,20,0.08,detectado_no_corregido,False,20.0,160,32,200
CRC32,20,0.08,detectado_no_corregido,False,20.0,160,32,200
CRC32,20,0.08,detectado_no_corregido,False,20.0,160,32,200
CRC32,20,0.08,cabecera_perdida,False,20.0,160,32,200
CRC32,20,0.08,detectado_no_corregido,False,20.0,160,32,200
CRC32,20,0.08,cabecera_perdida,False,20.0,160,32,200
CRC32,20,0.08,cabecera_perdida,False,20.0,160,32,200
CRC32,20,0.08,detectado_no_corregido,False,20.0,160,32,200
CRC32,20,0.08,detectado_no_corregido,False,20.0,160,32,200
CRC32,20,0.08,detectado_no_corregido,False,20.0,160,32,200
CRC32,20,0.08,detectado_no_corregido,False,20.0,160,32,200
CRC32,20,0.08,cabecera_perdida,False,20.0,160,32,200
CRC32,20,0.1,cabecera_perdida,False,20.0,160,32,200
CRC32,20,0.1,cabecera_perdida,False,20.0,160,32,200
CRC32,20,0.1,cabecera_perdida,False,20.0,160,32,200
CRC32,20,0.1,detectado_no_corregido,False,20.0,160,32,200
CRC32,20,0.1,detectado_no_corregido,False,20.0,160,32,200
CRC32,20,0.1,cabecera_perdida,False,20.0,160,32,200
CRC32,20,0.1,detectado_no_corregido,False,20.0,160,32,200
CRC32,20,0.1,cabecera_perdida,False,20.0,160,32,200
CRC32,20,0.1,cabecera_perdida,False,20.0,160,32,200
CRC32,20,0.1,cabecera_perdida,False,20.0,160,32,200
CRC32,20,0.1,detectado_no_corregido,False,20.0,160,32,200
CRC32,20,0.1,cabecera_perdida,False,20.0,160,32,200
CRC32,20,0.1,detectado_no_corregido,False,20.0,160,32,200
CRC32,20,0.1,detectado_no_corregido,False,20.0,160,32,200
CRC32,20,0.1,cabecera_perdida,False,20.0,160,32,200
CRC32,20,0.1,cabecera_perdida,False,20.0,160,32,200
CRC32,20,0.1,cabecera_perdida,False,20.0,160,32,200
CRC32,20,0.1,cabecera_perdida,False,20.0,160,32,200
CRC32,20,0.1,cabecera_perdida,False,20.0,160,32,200
CRC32,20,0.1,detectado_no_corregido,False,20.0,160,32,200
CRC32,20,0.1,detectado_no_corregido,False,20.0,160,32,200
CRC32,20,0.1,detectado_no_corregido,False,20.0,160,32,200
CRC32,20,0.1,cabecera_perdida,False,20.0,160,32,200
CRC32,20,0.1,detectado_no_corregido,False,20.0,160,32,200
CRC32,20,0.1,cabecera_perdida,False,20.0,160,32,200
CRC32,20,0.1,cabecera_perdida,False,20.0,160,32,200
CRC32,20,0.1,cabecera_perdida,False,20.0,160,32,200
CRC32,20,0.1,cabecera_perdida,False,20.0,160,32,200
CRC32,20,0.1,detectado_no_corregido,False,20.0,160,32,200
CRC32,20,0.1,detectado_no_corregido,False,20.0,160,32,200
CRC32,20,0.1,detectado_no_corregido,False,20.0,160,32,200
CRC32,20,0.1,cabecera_perdida,False,20.0,160,32,200
CRC32,20,0.1,cabecera_perdida,False,20.0,160,32,200
CRC32,20,0.1,detectado_no_corregido,False,20.0,160,32,200
CRC32,20,0.1,detectado_no_corregido,False,20.0,160,32,200
CRC32,20,0.1,detectado_no_corregido,False,20.0,160,32,200
CRC32,20,0.1,detectado_no_corregido,False,20.0,160,32,200
CRC32,20,0.1,cabecera_perdida,False,20.0,160,32,200
CRC32,20,0.1,cabecera_perdida,False,20.0,160,32,200
CRC32,20,0.1,cabecera_perdida,False,20.0,160,32,200
CRC32,20,0.1,detectado_no_corregido,False,20.0,160,32,200
CRC32,20,0.1,detectado_no_corregido,False,20.0,160,32,200
CRC32,20,0.1,cabecera_perdida,False,20.0,160,32,200
CRC32,20,0.1,cabecera_perdida,False,20.0,160,32,200
CRC32,20,0.1,detectado_no_corregido,False,20.0,160,32,200
CRC32,20,0.1,detectado_no_corregido,False,20.0,160,32,200
CRC32,20,0.1,detectado_no_corregido,False,20.0,160,32,200
CRC32,20,0.1,cabecera_perdida,False,20.0,160,32,200
CRC32,20,0.1,detectado_no_corregido,False,20.0,160,32,200
CRC32,20,0.1,cabecera_perdida,False,20.0,160,32,200
CRC32,20,0.1,cabecera_perdida,False,20.0,160,32,200
CRC32,20,0.1,cabecera_perdida,False,20.0,160,32,200
CRC32,20,0.1,cabecera_perdida,False,20.0,160,32,200
CRC32,20,0.1,cabecera_perdida,False,20.0,160,32,200
CRC32,20,0.1,cabecera_perdida,False,20.0,160,32,200
CRC32,20,0.1,cabecera_perdida,False,20.0,160,32,200
CRC32,20,0.1,cabecera_perdida,False,20.0,160,32,200
CRC32,20,0.1,detectado_no_corregido,False,20.0,160,32,200
CRC32,20,0.1,detectado_no_corregido,False,20.0,160,32,200
CRC32,20,0.1,cabecera_perdida,False,20.0,160,32,200
CRC32,20,0.1,detectado_no_corregido,False,20.0,160,32,200
CRC32,20,0.1,cabecera_perdida,False,20.0,160,32,200
CRC32,20,0.1,cabecera_perdida,False,20.0,160,32,200
CRC32,20,0.1,detectado_no_corregido,False,20.0,160,32,200
CRC32,20,0.1,detectado_no_corregido,False,20.0,160,32,200
CRC32,20,0.1,cabecera_perdida,False,20.0,160,32,200
CRC32,20,0.1,cabecera_perdida,False,20.0,160,32,200
CRC32,20,0.1,cabecera_perdida,False,20.0,160,32,200
CRC32,20,0.1,cabecera_perdida,False,20.0,160,32,200
CRC32,20,0.1,cabecera_perdida,False,20.0,160,32,200
CRC32,20,0.1,cabecera_perdida,False,20.0,160,32,200
CRC32,20,0.1,cabecera_perdida,False,20.0,160,32,200
CRC32,20,0.1,detectado_no_corregido,False,20.0,160,32,200
CRC32,20,0.1,detectado_no_corregido,False,20.0,160,32,200
CRC32,20,0.1,cabecera_perdida,False,20.0,160,32,200
CRC32,20,0.1,cabecera_perdida,False,20.0,160,32,200
CRC32,20,0.1,cabecera_perdida,False,20.0,160,32,200
CRC32,20,0.1,cabecera_perdida,False,20.0,160,32,200
CRC32,20,0.1,cabecera_perdida,False,20.0,160,32,200
CRC32,20,0.1,detectado_no_corregido,False,20.0,160,32,200
CRC32,20,0.1,cabecera_perdida,False,20.0,160,32,200
CRC32,20,0.1,detectado_no_corregido,False,20.0,160,32,200
CRC32,20,0.1,cabecera_perdida,False,20.0,160,32,200
CRC32,20,0.1,cabecera_perdida,False,20.0,160,32,200
CRC32,20,0.1,cabecera_perdida,False,20.0,160,32,200
CRC32,20,0.1,cabecera_perdida,False,20.0,160,32,200
CRC32,20,0.1,detectado_no_corregido,False,20.0,160,32,200
CRC32,20,0.1,detectado_no_corregido,False,20.0,160,32,200
CRC32,20,0.1,cabecera_perdida,False,20.0,160,32,200
CRC32,20,0.1,cabecera_perdida,False,20.0,160,32,200
CRC32,20,0.1,cabecera_perdida,False,20.0,160,32,200
CRC32,20,0.1,cabecera_perdida,False,20.0,160,32,200
CRC32,20,0.1,cabecera_perdida,False,20.0,160,32,200
CRC32,20,0.1,cabecera_perdida,False,20.0,160,32,200
CRC32,20,0.1,detectado_no_corregido,False,20.0,160,32,200
CRC32,20,0.1,cabecera_perdida,False,20.0,160,32,200
CRC32,20,0.1,cabecera_perdida,False,20.0,160,32,200
CRC32,20,0.1,detectado_no_corregido,False,20.0,160,32,200
CRC32,20,0.1,cabecera_perdida,False,20.0,160,32,200
CRC32,20,0.1,detectado_no_corregido,False,20.0,160,32,200
CRC32,20,0.1,cabecera_perdida,False,20.0,160,32,200
CRC32,20,0.1,detectado_no_corregido,False,20.0,160,32,200
CRC32,20,0.1,cabecera_perdida,False,20.0,160,32,200
CRC32,20,0.1,cabecera_perdida,False,20.0,160,32,200
CRC32,20,0.1,detectado_no_corregido,False,20.0,160,32,200
CRC32,20,0.1,detectado_no_corregido,False,20.0,160,32,200
CRC32,20,0.1,cabecera_perdida,False,20.0,160,32,200
CRC32,20,0.1,cabecera_perdida,False,20.0,160,32,200
CRC32,20,0.1,cabecera_perdida,False,20.0,160,32,200
CRC32,20,0.1,cabecera_perdida,False,20.0,160,32,200
CRC32,20,0.1,cabecera_perdida,False,20.0,160,32,200
CRC32,20,0.1,detectado_no_corregido,False,20.0,160,32,200
CRC32,20,0.1,cabecera_perdida,False,20.0,160,32,200
CRC32,20,0.1,cabecera_perdida,False,20.0,160,32,200
CRC32,20,0.1,cabecera_perdida,False,20.0,160,32,200
CRC32,20,0.1,cabecera_perdida,False,20.0,160,32,200
CRC32,20,0.1,detectado_no_corregido,False,20.0,160,32,200
CRC32,20,0.1,detectado_no_corregido,False,20.0,160,32,200
CRC32,20,0.1,cabecera_perdida,False,20.0,160,32,200
CRC32,20,0.1,detectado_no_corregido,False,20.0,160,32,200
CRC32,20,0.1,cabecera_perdida,False,20.0,160,32,200
CRC32,20,0.1,cabecera_perdida,False,20.0,160,32,200
CRC32,20,0.1,cabecera_perdida,False,20.0,160,32,200
CRC32,20,0.1,detectado_no_corregido,False,20.0,160,32,200
CRC32,20,0.1,detectado_no_corregido,False,20.0,160,32,200
CRC32,20,0.1,detectado_no_corregido,False,20.0,160,32,200
CRC32,20,0.1,detectado_no_corregido,False,20.0,160,32,200
CRC32,20,0.1,detectado_no_corregido,False,20.0,160,32,200
CRC32,20,0.1,detectado_no_corregido,False,20.0,160,32,200
CRC32,20,0.1,cabecera_perdida,False,20.0,160,32,200
CRC32,20,0.1,detectado_no_corregido,False,20.0,160,32,200
CRC32,20,0.1,detectado_no_corregido,False,20.0,160,32,200
CRC32,20,0.1,detectado_no_corregido,False,20.0,160,32,200
CRC32,20,0.1,detectado_no_corregido,False,20.0,160,32,200
CRC32,20,0.1,cabecera_perdida,False,20.0,160,32,200
CRC32,20,0.1,cabecera_perdida,False,20.0,160,32,200
CRC32,20,0.1,detectado_no_corregido,False,20.0,160,32,200
CRC32,20,0.1,detectado_no_corregido,False,20.0,160,32,200
CRC32,20,0.1,detectado_no_corregido,False,20.0,160,32,200
CRC32,20,0.1,detectado_no_corregido,False,20.0,160,32,200
CRC32,20,0.1,cabecera_perdida,False,20.0,160,32,200
CRC32,20,0.1,detectado_no_corregido,False,20.0,160,32,200
CRC32,20,0.1,detectado_no_corregido,False,20.0,160,32,200
CRC32,20,0.1,cabecera_perdida,False,20.0,160,32,200
CRC32,20,0.1,cabecera_perdida,False,20.0,160,32,200
CRC32,20,0.1,detectado_no_corregido,False,20.0,160,32,200
CRC32,20,0.1,detectado_no_corregido,False,20.0,160,32,200
CRC32,20,0.1,detectado_no_corregido,False,20.0,160,32,200
CRC32,20,0.1,cabecera_perdida,False,20.0,160,32,200
CRC32,20,0.1,cabecera_perdida,False,20.0,160,32,200
HAMMING,20,0.0,ok,True,9.090909090909092,160,8,176
HAMMING,20,0.0,ok,True,9.090909090909092,160,8,176
HAMMING,20,0.0,ok,True,9.090909090909092,160,8,176
HAMMING,20,0.0,ok,True,9.090909090909092,160,8,176
HAMMING,20,0.0,ok,True,9.090909090909092,160,8,176
HAMMING,20,0.0,ok,True,9.090909090909092,160,8,176
HAMMING,20,0.0,ok,True,9.090909090909092,160,8,176
HAMMING,20,0.0,ok,True,9.090909090909092,160,8,176
HAMMING,20,0.0,ok,True,9.090909090909092,160,8,176
HAMMING,20,0.0,ok,True,9.090909090909092,160,8,176
HAMMING,20,0.0,ok,True,9.090909090909092,160,8,176
HAMMING,20,0.0,ok,True,9.090909090909092,160,8,176
HAMMING,20,0.0,ok,True,9.090909090909092,160,8,176
HAMMING,20,0.0,ok,True,9.090909090909092,160,8,176
HAMMING,20,0.0,ok,True,9.090909090909092,160,8,176
HAMMING,20,0.0,ok,True,9.090909090909092,160,8,176
HAMMING,20,0.0,ok,True,9.090909090909092,160,8,176
HAMMING,20,0.0,ok,True,9.090909090909092,160,8,176
HAMMING,20,0.0,ok,True,9.090909090909092,160,8,176
HAMMING,20,0.0,ok,True,9.090909090909092,160,8,176
HAMMING,20,0.0,ok,True,9.090909090909092,160,8,176
HAMMING,20,0.0,ok,True,9.090909090909092,160,8,176
HAMMING,20,0.0,ok,True,9.090909090909092,160,8,176
HAMMING,20,0.0,ok,True,9.090909090909092,160,8,176
HAMMING,20,0.0,ok,True,9.090909090909092,160,8,176
HAMMING,20,0.0,ok,True,9.090909090909092,160,8,176
HAMMING,20,0.0,ok,True,9.090909090909092,160,8,176
HAMMING,20,0.0,ok,True,9.090909090909092,160,8,176
HAMMING,20,0.0,ok,True,9.090909090909092,160,8,176
HAMMING,20,0.0,ok,True,9.090909090909092,160,8,176
HAMMING,20,0.0,ok,True,9.090909090909092,160,8,176
HAMMING,20,0.0,ok,True,9.090909090909092,160,8,176
HAMMING,20,0.0,ok,True,9.090909090909092,160,8,176
HAMMING,20,0.0,ok,True,9.090909090909092,160,8,176
HAMMING,20,0.0,ok,True,9.090909090909092,160,8,176
HAMMING,20,0.0,ok,True,9.090909090909092,160,8,176
HAMMING,20,0.0,ok,True,9.090909090909092,160,8,176
HAMMING,20,0.0,ok,True,9.090909090909092,160,8,176
HAMMING,20,0.0,ok,True,9.090909090909092,160,8,176
HAMMING,20,0.0,ok,True,9.090909090909092,160,8,176
HAMMING,20,0.0,ok,True,9.090909090909092,160,8,176
HAMMING,20,0.0,ok,True,9.090909090909092,160,8,176
HAMMING,20,0.0,ok,True,9.090909090909092,160,8,176
HAMMING,20,0.0,ok,True,9.090909090909092,160,8,176
HAMMING,20,0.0,ok,True,9.090909090909092,160,8,176
HAMMING,20,0.0,ok,True,9.090909090909092,160,8,176
HAMMING,20,0.0,ok,True,9.090909090909092,160,8,176
HAMMING,20,0.0,ok,True,9.090909090909092,160,8,176
HAMMING,20,0.0,ok,True,9.090909090909092,160,8,176
HAMMING,20,0.0,ok,True,9.090909090909092,160,8,176
HAMMING,20,0.0,ok,True,9.090909090909092,160,8,176
HAMMING,20,0.0,ok,True,9.090909090909092,160,8,176
HAMMING,20,0.0,ok,True,9.090909090909092,160,8,176
HAMMING,20,0.0,ok,True,9.090909090909092,160,8,176
HAMMING,20,0.0,ok,True,9.090909090909092,160,8,176
HAMMING,20,0.0,ok,True,9.090909090909092,160,8,176
HAMMING,20,0.0,ok,True,9.090909090909092,160,8,176
HAMMING,20,0.0,ok,True,9.090909090909092,160,8,176
HAMMING,20,0.0,ok,True,9.090909090909092,160,8,176
HAMMING,20,0.0,ok,True,9.090909090909092,160,8,176
HAMMING,20,0.0,ok,True,9.090909090909092,160,8,176
HAMMING,20,0.0,ok,True,9.090909090909092,160,8,176
HAMMING,20,0.0,ok,True,9.090909090909092,160,8,176
HAMMING,20,0.0,ok,True,9.090909090909092,160,8,176
HAMMING,20,0.0,ok,True,9.090909090909092,160,8,176
HAMMING,20,0.0,ok,True,9.090909090909092,160,8,176
HAMMING,20,0.0,ok,True,9.090909090909092,160,8,176
HAMMING,20,0.0,ok,True,9.090909090909092,160,8,176
HAMMING,20,0.0,ok,True,9.090909090909092,160,8,176
HAMMING,20,0.0,ok,True,9.090909090909092,160,8,176
HAMMING,20,0.0,ok,True,9.090909090909092,160,8,176
HAMMING,20,0.0,ok,True,9.090909090909092,160,8,176
HAMMING,20,0.0,ok,True,9.090909090909092,160,8,176
HAMMING,20,0.0,ok,True,9.090909090909092,160,8,176
HAMMING,20,0.0,ok,True,9.090909090909092,160,8,176
HAMMING,20,0.0,ok,True,9.090909090909092,160,8,176
HAMMING,20,0.0,ok,True,9.090909090909092,160,8,176
HAMMING,20,0.0,ok,True,9.090909090909092,160,8,176
HAMMING,20,0.0,ok,True,9.090909090909092,160,8,176
HAMMING,20,0.0,ok,True,9.090909090909092,160,8,176
HAMMING,20,0.0,ok,True,9.090909090909092,160,8,176
HAMMING,20,0.0,ok,True,9.090909090909092,160,8,176
HAMMING,20,0.0,ok,True,9.090909090909092,160,8,176
HAMMING,20,0.0,ok,True,9.090909090909092,160,8,176
HAMMING,20,0.0,ok,True,9.090909090909092,160,8,176
HAMMING,20,0.0,ok,True,9.090909090909092,160,8,176
HAMMING,20,0.0,ok,True,9.090909090909092,160,8,176
HAMMING,20,0.0,ok,True,9.090909090909092,160,8,176
HAMMING,20,0.0,ok,True,9.090909090909092,160,8,176
HAMMING,20,0.0,ok,True,9.090909090909092,160,8,176
HAMMING,20,0.0,ok,True,9.090909090909092,160,8,176
HAMMING,20,0.0,ok,True,9.090909090909092,160,8,176
HAMMING,20,0.0,ok,True,9.090909090909092,160,8,176
HAMMING,20,0.0,ok,True,9.090909090909092,160,8,176
HAMMING,20,0.0,ok,True,9.090909090909092,160,8,176
HAMMING,20,0.0,ok,True,9.090909090909092,160,8,176
HAMMING,20,0.0,ok,True,9.090909090909092,160,8,176
HAMMING,20,0.0,ok,True,9.090909090909092,160,8,176
HAMMING,20,0.0,ok,True,9.090909090909092,160,8,176
HAMMING,20,0.0,ok,True,9.090909090909092,160,8,176
HAMMING,20,0.0,ok,True,9.090909090909092,160,8,176
HAMMING,20,0.0,ok,True,9.090909090909092,160,8,176
HAMMING,20,0.0,ok,True,9.090909090909092,160,8,176
HAMMING,20,0.0,ok,True,9.090909090909092,160,8,176
HAMMING,20,0.0,ok,True,9.090909090909092,160,8,176
HAMMING,20,0.0,ok,True,9.090909090909092,160,8,176
HAMMING,20,0.0,ok,True,9.090909090909092,160,8,176
HAMMING,20,0.0,ok,True,9.090909090909092,160,8,176
HAMMING,20,0.0,ok,True,9.090909090909092,160,8,176
HAMMING,20,0.0,ok,True,9.090909090909092,160,8,176
HAMMING,20,0.0,ok,True,9.090909090909092,160,8,176
HAMMING,20,0.0,ok,True,9.090909090909092,160,8,176
HAMMING,20,0.0,ok,True,9.090909090909092,160,8,176
HAMMING,20,0.0,ok,True,9.090909090909092,160,8,176
HAMMING,20,0.0,ok,True,9.090909090909092,160,8,176
HAMMING,20,0.0,ok,True,9.090909090909092,160,8,176
HAMMING,20,0.0,ok,True,9.090909090909092,160,8,176
HAMMING,20,0.0,ok,True,9.090909090909092,160,8,176
HAMMING,20,0.0,ok,True,9.090909090909092,160,8,176
HAMMING,20,0.0,ok,True,9.090909090909092,160,8,176
HAMMING,20,0.0,ok,True,9.090909090909092,160,8,176
HAMMING,20,0.0,ok,True,9.090909090909092,160,8,176
HAMMING,20,0.0,ok,True,9.090909090909092,160,8,176
HAMMING,20,0.0,ok,True,9.090909090909092,160,8,176
HAMMING,20,0.0,ok,True,9.090909090909092,160,8,176
HAMMING,20,0.0,ok,True,9.090909090909092,160,8,176
HAMMING,20,0.0,ok,True,9.090909090909092,160,8,176
HAMMING,20,0.0,ok,True,9.090909090909092,160,8,176
HAMMING,20,0.0,ok,True,9.090909090909092,160,8,176
HAMMING,20,0.0,ok,True,9.090909090909092,160,8,176
HAMMING,20,0.0,ok,True,9.090909090909092,160,8,176
HAMMING,20,0.0,ok,True,9.090909090909092,160,8,176
HAMMING,20,0.0,ok,True,9.090909090909092,160,8,176
HAMMING,20,0.0,ok,True,9.090909090909092,160,8,176
HAMMING,20,0.0,ok,True,9.090909090909092,160,8,176
HAMMING,20,0.0,ok,True,9.090909090909092,160,8,176
HAMMING,20,0.0,ok,True,9.090909090909092,160,8,176
HAMMING,20,0.0,ok,True,9.090909090909092,160,8,176
HAMMING,20,0.0,ok,True,9.090909090909092,160,8,176
HAMMING,20,0.0,ok,True,9.090909090909092,160,8,176
HAMMING,20,0.0,ok,True,9.090909090909092,160,8,176
HAMMING,20,0.0,ok,True,9.090909090909092,160,8,176
HAMMING,20,0.0,ok,True,9.090909090909092,160,8,176
HAMMING,20,0.0,ok,True,9.090909090909092,160,8,176
HAMMING,20,0.0,ok,True,9.090909090909092,160,8,176
HAMMING,20,0.0,ok,True,9.090909090909092,160,8,176
HAMMING,20,0.0,ok,True,9.090909090909092,160,8,176
HAMMING,20,0.0,ok,True,9.090909090909092,160,8,176
HAMMING,20,0.0,ok,True,9.090909090909092,160,8,176
HAMMING,20,0.0,ok,True,9.090909090909092,160,8,176
HAMMING,20,0.001,ok,True,9.090909090909092,160,8,176
HAMMING,20,0.001,ok,True,9.090909090909092,160,8,176
HAMMING,20,0.001,ok,True,9.090909090909092,160,8,176
HAMMING,20,0.001,ok,True,9.090909090909092,160,8,176
HAMMING,20,0.001,ok,True,9.090909090909092,160,8,176
HAMMING,20,0.001,ok,True,9.090909090909092,160,8,176
HAMMING,20,0.001,ok,True,9.090909090909092,160,8,176
HAMMING,20,0.001,ok,True,9.090909090909092,160,8,176
HAMMING,20,0.001,ok,True,9.090909090909092,160,8,176
HAMMING,20,0.001,ok,True,9.090909090909092,160,8,176
HAMMING,20,0.001,ok,True,9.090909090909092,160,8,176
HAMMING,20,0.001,ok,True,9.090909090909092,160,8,176
HAMMING,20,0.001,ok,True,9.090909090909092,160,8,176
HAMMING,20,0.001,ok,True,9.090909090909092,160,8,176
HAMMING,20,0.001,ok,True,9.090909090909092,160,8,176
HAMMING,20,0.001,ok,True,9.090909090909092,160,8,176
HAMMING,20,0.001,corregido,True,9.090909090909092,160,8,176
HAMMING,20,0.001,ok,True,9.090909090909092,160,8,176
HAMMING,20,0.001,ok,True,9.090909090909092,160,8,176
HAMMING,20,0.001,ok,True,9.090909090909092,160,8,176
HAMMING,20,0.001,ok,True,9.090909090909092,160,8,176
HAMMING,20,0.001,ok,True,9.090909090909092,160,8,176
HAMMING,20,0.001,ok,True,9.090909090909092,160,8,176
HAMMING,20,0.001,ok,True,9.090909090909092,160,8,176
HAMMING,20,0.001,ok,True,9.090909090909092,160,8,176
HAMMING,20,0.001,corregido,True,9.090909090909092,160,8,176
HAMMING,20,0.001,ok,True,9.090909090909092,160,8,176
HAMMING,20,0.001,ok,True,9.090909090909092,160,8,176
HAMMING,20,0.001,ok,True,9.090909090909092,160,8,176
HAMMING,20,0.001,ok,True,9.090909090909092,160,8,176
HAMMING,20,0.001,ok,True,9.090909090909092,160,8,176
HAMMING,20,0.001,ok,True,9.090909090909092,160,8,176
HAMMING,20,0.001,ok,True,9.090909090909092,160,8,176
HAMMING,20,0.001,ok,True,9.090909090909092,160,8,176
HAMMING,20,0.001,ok,True,9.090909090909092,160,8,176
HAMMING,20,0.001,corregido,True,9.090909090909092,160,8,176
HAMMING,20,0.001,corregido,True,9.090909090909092,160,8,176
HAMMING,20,0.001,ok,True,9.090909090909092,160,8,176
HAMMING,20,0.001,ok,True,9.090909090909092,160,8,176
HAMMING,20,0.001,ok,True,9.090909090909092,160,8,176
HAMMING,20,0.001,ok,True,9.090909090909092,160,8,176
HAMMING,20,0.001,corregido,True,9.090909090909092,160,8,176
HAMMING,20,0.001,ok,True,9.090909090909092,160,8,176
HAMMING,20,0.001,ok,True,9.090909090909092,160,8,176
HAMMING,20,0.001,ok,True,9.090909090909092,160,8,176
HAMMING,20,0.001,ok,True,9.090909090909092,160,8,176
HAMMING,20,0.001,ok,True,9.090909090909092,160,8,176
HAMMING,20,0.001,cabecera_perdida,False,9.090909090909092,160,8,176
HAMMING,20,0.001,ok,True,9.090909090909092,160,8,176
HAMMING,20,0.001,ok,True,9.090909090909092,160,8,176
HAMMING,20,0.001,ok,True,9.090909090909092,160,8,176
HAMMING,20,0.001,corregido,True,9.090909090909092,160,8,176
HAMMING,20,0.001,ok,True,9.090909090909092,160,8,176
HAMMING,20,0.001,ok,True,9.090909090909092,160,8,176
HAMMING,20,0.001,ok,True,9.090909090909092,160,8,176
HAMMING,20,0.001,ok,True,9.090909090909092,160,8,176
HAMMING,20,0.001,ok,True,9.090909090909092,160,8,176
HAMMING,20,0.001,corregido,True,9.090909090909092,160,8,176
HAMMING,20,0.001,ok,True,9.090909090909092,160,8,176
HAMMING,20,0.001,ok,True,9.090909090909092,160,8,176
HAMMING,20,0.001,ok,True,9.090909090909092,160,8,176
HAMMING,20,0.001,ok,True,9.090909090909092,160,8,176
HAMMING,20,0.001,ok,True,9.090909090909092,160,8,176
HAMMING,20,0.001,ok,True,9.090909090909092,160,8,176
HAMMING,20,0.001,ok,True,9.090909090909092,160,8,176
HAMMING,20,0.001,ok,True,9.090909090909092,160,8,176
HAMMING,20,0.001,ok,True,9.090909090909092,160,8,176
HAMMING,20,0.001,corregido,True,9.090909090909092,160,8,176
HAMMING,20,0.001,ok,True,9.090909090909092,160,8,176
HAMMING,20,0.001,ok,True,9.090909090909092,160,8,176
HAMMING,20,0.001,ok,True,9.090909090909092,160,8,176
HAMMING,20,0.001,ok,True,9.090909090909092,160,8,176
HAMMING,20,0.001,ok,True,9.090909090909092,160,8,176
HAMMING,20,0.001,ok,True,9.090909090909092,160,8,176
HAMMING,20,0.001,ok,True,9.090909090909092,160,8,176
HAMMING,20,0.001,ok,True,9.090909090909092,160,8,176
HAMMING,20,0.001,corregido,False,9.090909090909092,160,8,176
HAMMING,20,0.001,ok,True,9.090909090909092,160,8,176
HAMMING,20,0.001,corregido,True,9.090909090909092,160,8,176
HAMMING,20,0.001,ok,True,9.090909090909092,160,8,176
HAMMING,20,0.001,ok,True,9.090909090909092,160,8,176
HAMMING,20,0.001,ok,True,9.090909090909092,160,8,176
HAMMING,20,0.001,ok,True,9.090909090909092,160,8,176
HAMMING,20,0.001,ok,True,9.090909090909092,160,8,176
HAMMING,20,0.001,ok,True,9.090909090909092,160,8,176
HAMMING,20,0.001,ok,True,9.090909090909092,160,8,176
HAMMING,20,0.001,ok,True,9.090909090909092,160,8,176
HAMMING,20,0.001,ok,True,9.090909090909092,160,8,176
HAMMING,20,0.001,ok,True,9.090909090909092,160,8,176
HAMMING,20,0.001,ok,True,9.090909090909092,160,8,176
HAMMING,20,0.001,ok,True,9.090909090909092,160,8,176
HAMMING,20,0.001,ok,True,9.090909090909092,160,8,176
HAMMING,20,0.001,ok,True,9.090909090909092,160,8,176
HAMMING,20,0.001,ok,True,9.090909090909092,160,8,176
HAMMING,20,0.001,ok,True,9.090909090909092,160,8,176
HAMMING,20,0.001,ok,True,9.090909090909092,160,8,176
HAMMING,20,0.001,ok,True,9.090909090909092,160,8,176
HAMMING,20,0.001,ok,True,9.090909090909092,160,8,176
HAMMING,20,0.001,ok,True,9.090909090909092,160,8,176
HAMMING,20,0.001,ok,True,9.090909090909092,160,8,176
HAMMING,20,0.001,ok,True,9.090909090909092,160,8,176
HAMMING,20,0.001,corregido,True,9.090909090909092,160,8,176
HAMMING,20,0.001,ok,True,9.090909090909092,160,8,176
HAMMING,20,0.001,ok,True,9.090909090909092,160,8,176
HAMMING,20,0.001,corregido,True,9.090909090909092,160,8,176
HAMMING,20,0.001,ok,True,9.090909090909092,160,8,176
HAMMING,20,0.001,ok,True,9.090909090909092,160,8,176
HAMMING,20,0.001,ok_paridad,True,9.090909090909092,160,8,176
HAMMING,20,0.001,ok,True,9.090909090909092,160,8,176
HAMMING,20,0.001,ok,True,9.090909090909092,160,8,176
HAMMING,20,0.001,ok,True,9.090909090909092,160,8,176
HAMMING,20,0.001,ok,True,9.090909090909092,160,8,176
HAMMING,20,0.001,ok,True,9.090909090909092,160,8,176
HAMMING,20,0.001,ok,True,9.090909090909092,160,8,176
HAMMING,20,0.001,ok,True,9.090909090909092,160,8,176
HAMMING,20,0.001,ok,True,9.090909090909092,160,8,176
HAMMING,20,0.001,ok,True,9.090909090909092,160,8,176
HAMMING,20,0.001,ok,True,9.090909090909092,160,8,176
HAMMING,20,0.001,ok,True,9.090909090909092,160,8,176
HAMMING,20,0.001,ok,True,9.090909090909092,160,8,176
HAMMING,20,0.001,ok,True,9.090909090909092,160,8,176
HAMMING,20,0.001,ok,True,9.090909090909092,160,8,176
HAMMING,20,0.001,ok,True,9.090909090909092,160,8,176
HAMMING,20,0.001,ok_paridad,True,9.090909090909092,160,8,176
HAMMING,20,0.001,ok_paridad,False,9.090909090909092,160,8,176
HAMMING,20,0.001,ok,True,9.090909090909092,160,8,176
HAMMING,20,0.001,corregido,True,9.090909090909092,160,8,176
HAMMING,20,0.001,ok,True,9.090909090909092,160,8,176
HAMMING,20,0.001,ok,True,9.090909090909092,160,8,176
HAMMING,20,0.001,ok,True,9.090909090909092,160,8,176
HAMMING,20,0.001,ok,True,9.090909090909092,160,8,176
HAMMING,20,0.001,ok,True,9.090909090909092,160,8,176
HAMMING,20,0.001,ok,True,9.090909090909092,160,8,176
HAMMING,20,0.001,ok,True,9.090909090909092,160,8,176
HAMMING,20,0.001,ok,True,9.090909090909092,160,8,176
HAMMING,20,0.001,ok,True,9.090909090909092,160,8,176
HAMMING,20,0.001,ok,True,9.090909090909092,160,8,176
HAMMING,20,0.001,ok,True,9.090909090909092,160,8,176
HAMMING,20,0.001,corregido,False,9.090909090909092,160,8,176
HAMMING,20,0.001,ok,True,9.090909090909092,160,8,176
HAMMING,20,0.001,ok,True,9.090909090909092,160,8,176
HAMMING,20,0.001,ok,True,9.090909090909092,160,8,176
HAMMING,20,0.001,ok,True,9.090909090909092,160,8,176
HAMMING,20,0.001,ok,True,9.090909090909092,160,8,176
HAMMING,20,0.001,ok,True,9.090909090909092,160,8,176
HAMMING,20,0.001,corregido,True,9.090909090909092,160,8,176
HAMMING,20,0.001,ok,True,9.090909090909092,160,8,176
HAMMING,20,0.001,ok,True,9.090909090909092,160,8,176
HAMMING,20,0.001,ok,True,9.090909090909092,160,8,176
HAMMING,20,0.001,no_corregible,False,9.090909090909092,160,8,176
HAMMING,20,0.002,ok,True,9.090909090909092,160,8,176
HAMMING,20,0.002,no_corregible,False,9.090909090909092,160,8,176
HAMMING,20,0.002,ok,True,9.090909090909092,160,8,176
HAMMING,20,0.002,corregido,False,9.090909090909092,160,8,176
HAMMING,20,0.002,ok,True,9.090909090909092,160,8,176
HAMMING,20,0.002,ok,True,9.090909090909092,160,8,176
HAMMING,20,0.002,ok,True,9.090909090909092,160,8,176
HAMMING,20,0.002,ok,True,9.090909090909092,160,8,176
HAMMING,20,0.002,ok_paridad,True,9.090909090909092,160,8,176
HAMMING,20,0.002,ok,True,9.090909090909092,160,8,176
HAMMING,20,0.002,ok,True,9.090909090909092,160,8,176
HAMMING,20,0.002,corregido,False,9.090909090909092,160,8,176
HAMMING,20,0.002,corregido,True,9.090909090909092,160,8,176
HAMMING,20,0.002,corregido,True,9.090909090909092,160,8,176
HAMMING,20,0.002,ok,True,9.090909090909092,160,8,176
HAMMING,20,0.002,ok,True,9.090909090909092,160,8,176
HAMMING,20,0.002,ok,True,9.090909090909092,160,8,176
HAMMING,20,0.002,corregido,True,9.090909090909092,160,8,176
HAMMING,20,0.002,ok,True,9.090909090909092,160,8,176
HAMMING,20,0.002,ok,True,9.090909090909092,160,8,176
HAMMING,20,0.002,ok,True,9.090909090909092,160,8,176
HAMMING,20,0.002,ok,True,9.090909090909092,160,8,176
HAMMING,20,0.002,ok_paridad,True,9.090909090909092,160,8,176
HAMMING,20,0.002,ok,True,9.090909090909092,160,8,176
HAMMING,20,0.002,corregido,True,9.090909090909092,160,8,176
HAMMING,20,0.002,ok,True,9.090909090909092,160,8,176
HAMMING,20,0.002,corregido,True,9.090909090909092,160,8,176
HAMMING,20,0.002,ok,True,9.090909090909092,160,8,176
HAMMING,20,0.002,ok,True,9.090909090909092,160,8,176
HAMMING,20,0.002,ok,True,9.090909090909092,160,8,176
HAMMING,20,0.002,ok,True,9.090909090909092,160,8,176
HAMMING,20,0.002,ok,True,9.090909090909092,160,8,176
HAMMING,20,0.002,ok,True,9.090909090909092,160,8,176
HAMMING,20,0.002,corregido,True,9.090909090909092,160,8,176
HAMMING,20,0.002,ok,True,9.090909090909092,160,8,176
HAMMING,20,0.002,ok,True,9.090909090909092,160,8,176
HAMMING,20,0.002,corregido,True,9.090909090909092,160,8,176
HAMMING,20,0.002,ok,True,9.090909090909092,160,8,176
HAMMING,20,0.002,corregido,False,9.090909090909092,160,8,176
HAMMING,20,0.002,corregido,True,9.090909090909092,160,8,176
HAMMING,20,0.002,ok,True,9.090909090909092,160,8,176
HAMMING,20,0.002,ok,True,9.090909090909092,160,8,176
HAMMING,20,0.002,corregido,True,9.090909090909092,160,8,176
HAMMING,20,0.002,ok,True,9.090909090909092,160,8,176
HAMMING,20,0.002,ok,True,9.090909090909092,160,8,176
HAMMING,20,0.002,ok,True,9.090909090909092,160,8,176
HAMMING,20,0.002,ok,True,9.090909090909092,160,8,176
HAMMING,20,0.002,ok,True,9.090909090909092,160,8,176
HAMMING,20,0.002,ok,True,9.090909090909092,160,8,176
HAMMING,20,0.002,ok,True,9.090909090909092,160,8,176
HAMMING,20,0.002,corregido,True,9.090909090909092,160,8,176
HAMMING,20,0.002,ok,True,9.090909090909092,160,8,176
HAMMING,20,0.002,ok,True,9.090909090909092,160,8,176
HAMMING,20,0.002,ok,True,9.090909090909092,160,8,176
HAMMING,20,0.002,corregido,False,9.090909090909092,160,8,176
HAMMING,20,0.002,corregido,True,9.090909090909092,160,8,176
HAMMING,20,0.002,ok,True,9.090909090909092,160,8,176
HAMMING,20,0.002,ok,True,9.090909090909092,160,8,176
HAMMING,20,0.002,corregido,False,9.090909090909092,160,8,176
HAMMING,20,0.002,ok,True,9.090909090909092,160,8,176
HAMMING,20,0.002,corregido,True,9.090909090909092,160,8,176
HAMMING,20,0.002,corregido,False,9.090909090909092,160,8,176
HAMMING,20,0.002,ok,True,9.090909090909092,160,8,176
HAMMING,20,0.002,corregido,True,9.090909090909092,160,8,176
HAMMING,20,0.002,ok,True,9.090909090909092,160,8,176
HAMMING,20,0.002,corregido,False,9.090909090909092,160,8,176
HAMMING,20,0.002,ok,True,9.090909090909092,160,8,176
HAMMING,20,0.002,corregido,True,9.090909090909092,160,8,176
HAMMING,20,0.002,ok,True,9.090909090909092,160,8,176
HAMMING,20,0.002,ok,True,9.090909090909092,160,8,176
HAMMING,20,0.002,ok,True,9.090909090909092,160,8,176
HAMMING,20,0.002,ok,True,9.090909090909092,160,8,176
HAMMING,20,0.002,corregido,True,9.090909090909092,160,8,176
HAMMING,20,0.002,ok,True,9.090909090909092,160,8,176
HAMMING,20,0.002,ok,True,9.090909090909092,160,8,176
HAMMING,20,0.002,corregido,True,9.090909090909092,160,8,176
HAMMING,20,0.002,ok,True,9.090909090909092,160,8,176
HAMMING,20,0.002,corregido,True,9.090909090909092,160,8,176
HAMMING,20,0.002,corregido,True,9.090909090909092,160,8,176
HAMMING,20,0.002,ok,True,9.090909090909092,160,8,176
HAMMING,20,0.002,ok,True,9.090909090909092,160,8,176
HAMMING,20,0.002,ok,True,9.090909090909092,160,8,176
HAMMING,20,0.002,corregido,True,9.090909090909092,160,8,176
HAMMING,20,0.002,corregido,True,9.090909090909092,160,8,176
HAMMING,20,0.002,ok,True,9.090909090909092,160,8,176
HAMMING,20,0.002,corregido,True,9.090909090909092,160,8,176
HAMMING,20,0.002,ok,True,9.090909090909092,160,8,176
HAMMING,20,0.002,corregido,True,9.090909090909092,160,8,176
HAMMING,20,0.002,ok,True,9.090909090909092,160,8,176
HAMMING,20,0.002,ok,True,9.090909090909092,160,8,176
HAMMING,20,0.002,ok,True,9.090909090909092,160,8,176
HAMMING,20,0.002,ok,True,9.090909090909092,160,8,176
HAMMING,20,0.002,corregido,True,9.090909090909092,160,8,176
HAMMING,20,0.002,corregido,True,9.090909090909092,160,8,176
HAMMING,20,0.002,ok,True,9.090909090909092,160,8,176
HAMMING,20,0.002,corregido,True,9.090909090909092,160,8,176
HAMMING,20,0.002,corregido,True,9.090909090909092,160,8,176
HAMMING,20,0.002,ok,True,9.090909090909092,160,8,176
HAMMING,20,0.002,ok,True,9.090909090909092,160,8,176
HAMMING,20,0.002,ok,True,9.090909090909092,160,8,176
HAMMING,20,0.002,ok,True,9.090909090909092,160,8,176
HAMMING,20,0.002,ok,True,9.090909090909092,160,8,176
HAMMING,20,0.002,ok,True,9.090909090909092,160,8,176
HAMMING,20,0.002,corregido,True,9.090909090909092,160,8,176
HAMMING,20,0.002,ok,True,9.090909090909092,160,8,176
HAMMING,20,0.002,ok,True,9.090909090909092,160,8,176
HAMMING,20,0.002,corregido,True,9.090909090909092,160,8,176
HAMMING,20,0.002,corregido,True,9.090909090909092,160,8,176
HAMMING,20,0.002,ok,True,9.090909090909092,160,8,176
HAMMING,20,0.002,corregido,True,9.090909090909092,160,8,176
HAMMING,20,0.002,corregido,True,9.090909090909092,160,8,176
HAMMING,20,0.002,ok,True,9.090909090909092,160,8,176
HAMMING,20,0.002,ok,True,9.090909090909092,160,8,176
HAMMING,20,0.002,corregido,True,9.090909090909092,160,8,176
HAMMING,20,0.002,corregido,True,9.090909090909092,160,8,176
HAMMING,20,0.002,ok,True,9.090909090909092,160,8,176
HAMMING,20,0.002,ok_paridad,True,9.090909090909092,160,8,176
HAMMING,20,0.002,corregido,True,9.090909090909092,160,8,176
HAMMING,20,0.002,corregido,True,9.090909090909092,160,8,176
HAMMING,20,0.002,ok,True,9.090909090909092,160,8,176
HAMMING,20,0.002,ok,True,9.090909090909092,160,8,176
HAMMING,20,0.002,ok,True,9.090909090909092,160,8,176
HAMMING,20,0.002,ok,True,9.090909090909092,160,8,176
HAMMING,20,0.002,ok,True,9.090909090909092,160,8,176
HAMMING,20,0.002,ok,True,9.090909090909092,160,8,176
HAMMING,20,0.002,ok,True,9.090909090909092,160,8,176
HAMMING,20,0.002,ok,True,9.090909090909092,160,8,176
HAMMING,20,0.002,ok,True,9.090909090909092,160,8,176
HAMMING,20,0.002,ok,True,9.090909090909092,160,8,176
HAMMING,20,0.002,corregido,True,9.090909090909092,160,8,176
HAMMING,20,0.002,ok,True,9.090909090909092,160,8,176
HAMMING,20,0.002,ok,True,9.090909090909092,160,8,176
HAMMING,20,0.002,ok,True,9.090909090909092,160,8,176
HAMMING,20,0.002,corregido,True,9.090909090909092,160,8,176
HAMMING,20,0.002,ok,True,9.090909090909092,160,8,176
HAMMING,20,0.002,ok,True,9.090909090909092,160,8,176
HAMMING,20,0.002,ok,True,9.090909090909092,160,8,176
HAMMING,20,0.002,corregido,True,9.090909090909092,160,8,176
HAMMING,20,0.002,ok,True,9.090909090909092,160,8,176
HAMMING,20,0.002,corregido,True,9.090909090909092,160,8,176
HAMMING,20,0.002,corregido,True,9.090909090909092,160,8,176
HAMMING,20,0.002,corregido,False,9.090909090909092,160,8,176
HAMMING,20,0.002,ok,True,9.090909090909092,160,8,176
HAMMING,20,0.002,corregido,True,9.090909090909092,160,8,176
HAMMING,20,0.002,ok,True,9.090909090909092,160,8,176
HAMMING,20,0.002,ok,True,9.090909090909092,160,8,176
HAMMING,20,0.002,ok,True,9.090909090909092,160,8,176
HAMMING,20,0.002,ok,True,9.090909090909092,160,8,176
HAMMING,20,0.002,ok,True,9.090909090909092,160,8,176
HAMMING,20,0.002,corregido,True,9.090909090909092,160,8,176
HAMMING,20,0.005,corregido,True,9.090909090909092,160,8,176
HAMMING,20,0.005,ok,True,9.090909090909092,160,8,176
HAMMING,20,0.005,corregido,True,9.090909090909092,160,8,176
HAMMING,20,0.005,corregido,True,9.090909090909092,160,8,176
HAMMING,20,0.005,corregido,False,9.090909090909092,160,8,176
HAMMING,20,0.005,ok,True,9.090909090909092,160,8,176
HAMMING,20,0.005,corregido,False,9.090909090909092,160,8,176
HAMMING,20,0.005,corregido,True,9.090909090909092,160,8,176
HAMMING,20,0.005,corregido,True,9.090909090909092,160,8,176
HAMMING,20,0.005,corregido,False,9.090909090909092,160,8,176
HAMMING,20,0.005,ok,True,9.090909090909092,160,8,176
HAMMING,20,0.005,ok,True,9.090909090909092,160,8,176
HAMMING,20,0.005,corregido,True,9.090909090909092,160,8,176
HAMMING,20,0.005,corregido,True,9.090909090909092,160,8,176
HAMMING,20,0.005,ok,True,9.090909090909092,160,8,176
HAMMING,20,0.005,ok,True,9.090909090909092,160,8,176
HAMMING,20,0.005,ok,True,9.090909090909092,160,8,176
HAMMING,20,0.005,ok,True,9.090909090909092,160,8,176
HAMMING,20,0.005,ok,True,9.090909090909092,160,8,176
HAMMING,20,0.005,ok,True,9.090909090909092,160,8,176
HAMMING,20,0.005,ok,True,9.090909090909092,160,8,176
HAMMING,20,0.005,ok,True,9.090909090909092,160,8,176
HAMMING,20,0.005,ok,True,9.090909090909092,160,8,176
HAMMING,20,0.005,ok,True,9.090909090909092,160,8,176
HAMMING,20,0.005,no_corregible,False,9.090909090909092,160,8,176
HAMMING,20,0.005,no_corregible,False,9.090909090909092,160,8,176
HAMMING,20,0.005,corregido,False,9.090909090909092,160,8,176
HAMMING,20,0.005,ok,True,9.090909090909092,160,8,176
HAMMING,20,0.005,corregido,True,9.090909090909092,160,8,176
HAMMING,20,0.005,corregido,True,9.090909090909092,160,8,176
HAMMING,20,0.005,cabecera_perdida,False,9.090909090909092,160,8,176
HAMMING,20,0.005,ok,True,9.090909090909092,160,8,176
HAMMING,20,0.005,corregido,True,9.090909090909092,160,8,176
HAMMING,20,0.005,corregido,False,9.090909090909092,160,8,176
HAMMING,20,0.005,ok,True,9.090909090909092,160,8,176
HAMMING,20,0.005,ok,True,9.090909090909092,160,8,176
HAMMING,20,0.005,ok,True,9.090909090909092,160,8,176
HAMMING,20,0.005,ok,True,9.090909090909092,160,8,176
HAMMING,20,0.005,ok,True,9.090909090909092,160,8,176
HAMMING,20,0.005,ok,True,9.090909090909092,160,8,176
HAMMING,20,0.005,corregido,False,9.090909090909092,160,8,176
HAMMING,20,0.005,ok,True,9.090909090909092,160,8,176
HAMMING,20,0.005,ok,True,9.090909090909092,160,8,176
HAMMING,20,0.005,ok_paridad,True,9.090909090909092,160,8,176
HAMMING,20,0.005,corregido,True,9.090909090909092,160,8,176
HAMMING,20,0.005,corregido,False,9.090909090909092,160,8,176
HAMMING,20,0.005,corregido,True,9.090909090909092,160,8,176
HAMMING,20,0.005,cabecera_perdida,False,9.090909090909092,160,8,176
HAMMING,20,0.005,ok,True,9.090909090909092,160,8,176
HAMMING,20,0.005,corregido,True,9.090909090909092,160,8,176
HAMMING,20,0.005,corregido,False,9.090909090909092,160,8,176
HAMMING,20,0.005,corregido,True,9.090909090909092,160,8,176
HAMMING,20,0.005,ok,True,9.090909090909092,160,8,176
HAMMING,20,0.005,ok,True,9.090909090909092,160,8,176
HAMMING,20,0.005,ok,True,9.090909090909092,160,8,176
HAMMING,20,0.005,ok,True,9.090909090909092,160,8,176
HAMMING,20,0.005,ok,True,9.090909090909092,160,8,176
HAMMING,20,0.005,corregido,True,9.090909090909092,160,8,176
HAMMING,20,0.005,ok,True,9.090909090909092,160,8,176
HAMMING,20,0.005,ok,True,9.090909090909092,160,8,176
HAMMING,20,0.005,ok_paridad,True,9.090909090909092,160,8,176
HAMMING,20,0.005,corregido,True,9.090909090909092,160,8,176
HAMMING,20,0.005,corregido,True,9.090909090909092,160,8,176
HAMMING,20,0.005,corregido,True,9.090909090909092,160,8,176
HAMMING,20,0.005,corregido,True,9.090909090909092,160,8,176
HAMMING,20,0.005,cabecera_perdida,False,9.090909090909092,160,8,176
HAMMING,20,0.005,corregido,True,9.090909090909092,160,8,176
HAMMING,20,0.005,corregido,True,9.090909090909092,160,8,176
HAMMING,20,0.005,ok,True,9.090909090909092,160,8,176
HAMMING,20,0.005,ok,True,9.090909090909092,160,8,176
HAMMING,20,0.005,ok,True,9.090909090909092,160,8,176
HAMMING,20,0.005,corregido,False,9.090909090909092,160,8,176
HAMMING,20,0.005,corregido,True,9.090909090909092,160,8,176
HAMMING,20,0.005,ok,True,9.090909090909092,160,8,176
HAMMING,20,0.005,ok,True,9.090909090909092,160,8,176
HAMMING,20,0.005,corregido,True,9.090909090909092,160,8,176
HAMMING,20,0.005,ok,True,9.090909090909092,160,8,176
HAMMING,20,0.005,ok,True,9.090909090909092,160,8,176
HAMMING,20,0.005,ok,True,9.090909090909092,160,8,176
HAMMING,20,0.005,corregido,True,9.090909090909092,160,8,176
HAMMING,20,0.005,ok,True,9.090909090909092,160,8,176
HAMMING,20,0.005,corregido,True,9.090909090909092,160,8,176
HAMMING,20,0.005,corregido,True,9.090909090909092,160,8,176
HAMMING,20,0.005,ok,True,9.090909090909092,160,8,176
HAMMING,20,0.005,ok_paridad,True,9.090909090909092,160,8,176
HAMMING,20,0.005,ok_paridad,True,9.090909090909092,160,8,176
HAMMING,20,0.005,ok,True,9.090909090909092,160,8,176
HAMMING,20,0.005,corregido,True,9.090909090909092,160,8,176
HAMMING,20,0.005,ok,True,9.090909090909092,160,8,176
HAMMING,20,0.005,cabecera_perdida,False,9.090909090909092,160,8,176
HAMMING,20,0.005,corregido,True,9.090909090909092,160,8,176
HAMMING,20,0.005,ok,True,9.090909090909092,160,8,176
HAMMING,20,0.005,corregido,True,9.090909090909092,160,8,176
HAMMING,20,0.005,ok,True,9.090909090909092,160,8,176
HAMMING,20,0.005,corregido,False,9.090909090909092,160,8,176
HAMMING,20,0.005,corregido,True,9.090909090909092,160,8,176
HAMMING,20,0.005,cabecera_perdida,False,9.090909090909092,160,8,176
HAMMING,20,0.005,corregido,True,9.090909090909092,160,8,176
HAMMING,20,0.005,no_corregible,False,9.090909090909092,160,8,176
HAMMING,20,0.005,corregido,True,9.090909090909092,160,8,176
HAMMING,20,0.005,corregido,False,9.090909090909092,160,8,176
HAMMING,20,0.005,corregido,True,9.090909090909092,160,8,176
HAMMING,20,0.005,corregido,True,9.090909090909092,160,8,176
HAMMING,20,0.005,ok,True,9.090909090909092,160,8,176
HAMMING,20,0.005,corregido,True,9.090909090909092,160,8,176
HAMMING,20,0.005,corregido,True,9.090909090909092,160,8,176
HAMMING,20,0.005,ok,True,9.090909090909092,160,8,176
HAMMING,20,0.005,corregido,True,9.090909090909092,160,8,176
HAMMING,20,0.005,no_corregible,False,9.090909090909092,160,8,176
HAMMING,20,0.005,ok,True,9.090909090909092,160,8,176
HAMMING,20,0.005,ok,True,9.090909090909092,160,8,176
HAMMING,20,0.005,corregido,True,9.090909090909092,160,8,176
HAMMING,20,0.005,corregido,True,9.090909090909092,160,8,176
HAMMING,20,0.005,ok,True,9.090909090909092,160,8,176
HAMMING,20,0.005,ok_paridad,True,9.090909090909092,160,8,176
HAMMING,20,0.005,corregido,True,9.090909090909092,160,8,176
HAMMING,20,0.005,ok,True,9.090909090909092,160,8,176
HAMMING,20,0.005,corregido,True,9.090909090909092,160,8,176
HAMMING,20,0.005,no_corregible,False,9.090909090909092,160,8,176
HAMMING,20,0.005,corregido,False,9.090909090909092,160,8,176
HAMMING,20,0.005,no_corregible,False,9.090909090909092,160,8,176
HAMMING,20,0.005,corregido,True,9.090909090909092,160,8,176
HAMMING,20,0.005,corregido,False,9.090909090909092,160,8,176
HAMMING,20,0.005,corregido,True,9.090909090909092,160,8,176
HAMMING,20,0.005,corregido,True,9.090909090909092,160,8,176
HAMMING,20,0.005,cabecera_perdida,False,9.090909090909092,160,8,176
HAMMING,20,0.005,corregido,True,9.090909090909092,160,8,176
HAMMING,20,0.005,ok,True,9.090909090909092,160,8,176
HAMMING,20,0.005,no_corregible,False,9.090909090909092,160,8,176
HAMMING,20,0.005,ok,True,9.090909090909092,160,8,176
HAMMING,20,0.005,ok,True,9.090909090909092,160,8,176
HAMMING,20,0.005,no_corregible,False,9.090909090909092,160,8,176
HAMMING,20,0.005,corregido,False,9.090909090909092,160,8,176
HAMMING,20,0.005,corregido,False,9.090909090909092,160,8,176
HAMMING,20,0.005,corregido,True,9.090909090909092,160,8,176
HAMMING,20,0.005,corregido,True,9.090909090909092,160,8,176
HAMMING,20,0.005,corregido,True,9.090909090909092,160,8,176
HAMMING,20,0.005,ok,True,9.090909090909092,160,8,176
HAMMING,20,0.005,corregido,False,9.090909090909092,160,8,176
HAMMING,20,0.005,ok,True,9.090909090909092,160,8,176
HAMMING,20,0.005,corregido,True,9.090909090909092,160,8,176
HAMMING,20,0.005,ok,True,9.090909090909092,160,8,176
HAMMING,20,0.005,ok,True,9.090909090909092,160,8,176
HAMMING,20,0.005,corregido,True,9.090909090909092,160,8,176
HAMMING,20,0.005,ok,True,9.090909090909092,160,8,176
HAMMING,20,0.005,corregido,True,9.090909090909092,160,8,176
HAMMING,20,0.005,ok,True,9.090909090909092,160,8,176
HAMMING,20,0.005,corregido,True,9.090909090909092,160,8,176
HAMMING,20,0.005,ok,True,9.090909090909092,160,8,176
HAMMING,20,0.005,cabecera_perdida,False,9.090909090909092,160,8,176
HAMMING,20,0.01,ok,True,9.090909090909092,160,8,176
HAMMING,20,0.01,corregido,True,9.090909090909092,160,8,176
HAMMING,20,0.01,corregido,False,9.090909090909092,160,8,176
HAMMING,20,0.01,corregido,False,9.090909090909092,160,8,176
HAMMING,20,0.01,corregido,False,9.090909090909092,160,8,176
HAMMING,20,0.01,ok,True,9.090909090909092,160,8,176
HAMMING,20,0.01,no_corregible,False,9.090909090909092,160,8,176
HAMMING,20,0.01,corregido,False,9.090909090909092,160,8,176
HAMMING,20,0.01,no_corregible,False,9.090909090909092,160,8,176
HAMMING,20,0.01,corregido,False,9.090909090909092,160,8,176
HAMMING,20,0.01,corregido,True,9.090909090909092,160,8,176
HAMMING,20,0.01,corregido,True,9.090909090909092,160,8,176
HAMMING,20,0.01,corregido,True,9.090909090909092,160,8,176
HAMMING,20,0.01,cabecera_perdida,False,9.090909090909092,160,8,176
HAMMING,20,0.01,corregido,True,9.090909090909092,160,8,176
HAMMING,20,0.01,no_corregible,False,9.090909090909092,160,8,176
HAMMING,20,0.01,corregido,False,9.090909090909092,160,8,176
HAMMING,20,0.01,corregido,True,9.090909090909092,160,8,176
HAMMING,20,0.01,no_corregible,False,9.090909090909092,160,8,176
HAMMING,20,0.01,corregido,False,9.090909090909092,160,8,176
HAMMING,20,0.01,corregido,False,9.090909090909092,160,8,176
HAMMING,20,0.01,ok,True,9.090909090909092,160,8,176
HAMMING,20,0.01,cabecera_perdida,False,9.090909090909092,160,8,176
HAMMING,20,0.01,corregido,False,9.090909090909092,160,8,176
HAMMING,20,0.01,corregido,True,9.090909090909092,160,8,176
HAMMING,20,0.01,no_corregible,False,9.090909090909092,160,8,176
HAMMING,20,0.01,corregido,True,9.090909090909092,160,8,176
HAMMING,20,0.01,corregido,False,9.090909090909092,160,8,176
HAMMING,20,0.01,ok,True,9.090909090909092,160,8,176
HAMMING,20,0.01,corregido,False,9.090909090909092,160,8,176
HAMMING,20,0.01,corregido,False,9.090909090909092,160,8,176
HAMMING,20,0.01,cabecera_perdida,False,9.090909090909092,160,8,176
HAMMING,20,0.01,corregido,True,9.090909090909092,160,8,176
HAMMING,20,0.01,corregido,True,9.090909090909092,160,8,176
HAMMING,20,0.01,no_corregible,False,9.090909090909092,160,8,176
HAMMING,20,0.01,ok,True,9.090909090909092,160,8,176
HAMMING,20,0.01,no_corregible,False,9.090909090909092,160,8,176
HAMMING,20,0.01,ok,True,9.090909090909092,160,8,176
HAMMING,20,0.01,no_corregible,False,9.090909090909092,160,8,176
HAMMING,20,0.01,no_corregible,False,9.090909090909092,160,8,176
HAMMING,20,0.01,cabecera_perdida,False,9.090909090909092,160,8,176
HAMMING,20,0.01,ok,True,9.090909090909092,160,8,176
HAMMING,20,0.01,no_corregible,False,9.090909090909092,160,8,176
HAMMING,20,0.01,cabecera_perdida,False,9.090909090909092,160,8,176
HAMMING,20,0.01,ok_paridad,False,9.090909090909092,160,8,176
HAMMING,20,0.01,corregido,False,9.090909090909092,160,8,176
HAMMING,20,0.01,corregido,False,9.090909090909092,160,8,176
HAMMING,20,0.01,cabecera_perdida,False,9.090909090909092,160,8,176
HAMMING,20,0.01,corregido,True,9.090909090909092,160,8,176
HAMMING,20,0.01,corregido,False,9.090909090909092,160,8,176
HAMMING,20,0.01,cabecera_perdida,False,9.090909090909092,160,8,176
HAMMING,20,0.01,cabecera_perdida,False,9.090909090909092,160,8,176
HAMMING,20,0.01,corregido,True,9.090909090909092,160,8,176
HAMMING,20,0.01,no_corregible,False,9.090909090909092,160,8,176
HAMMING,20,0.01,corregido,False,9.090909090909092,160,8,176
HAMMING,20,0.01,no_corregible,False,9.090909090909092,160,8,176
HAMMING,20,0.01,ok,True,9.090909090909092,160,8,176
HAMMING,20,0.01,ok,True,9.090909090909092,160,8,176
HAMMING,20,0.01,corregido,False,9.090909090909092,160,8,176
HAMMING,20,0.01,corregido,True,9.090909090909092,160,8,176
HAMMING,20,0.01,corregido,False,9.090909090909092,160,8,176
HAMMING,20,0.01,corregido,False,9.090909090909092,160,8,176
HAMMING,20,0.01,ok,True,9.090909090909092,160,8,176
HAMMING,20,0.01,no_corregible,False,9.090909090909092,160,8,176
HAMMING,20,0.01,corregido,True,9.090909090909092,160,8,176
HAMMING,20,0.01,corregido,False,9.090909090909092,160,8,176
HAMMING,20,0.01,corregido,True,9.090909090909092,160,8,176
HAMMING,20,0.01,ok,True,9.090909090909092,160,8,176
HAMMING,20,0.01,corregido,False,9.090909090909092,160,8,176
HAMMING,20,0.01,no_corregible,False,9.090909090909092,160,8,176
HAMMING,20,0.01,no_corregible,False,9.090909090909092,160,8,176
HAMMING,20,0.01,no_corregible,False,9.090909090909092,160,8,176
HAMMING,20,0.01,no_corregible,False,9.090909090909092,160,8,176
HAMMING,20,0.01,corregido,True,9.090909090909092,160,8,176
HAMMING,20,0.01,cabecera_perdida,False,9.090909090909092,160,8,176
HAMMING,20,0.01,no_corregible,False,9.090909090909092,160,8,176
HAMMING,20,0.01,corregido,True,9.090909090909092,160,8,176
HAMMING,20,0.01,corregido,True,9.090909090909092,160,8,176
HAMMING,20,0.01,ok,True,9.090909090909092,160,8,176
HAMMING,20,0.01,corregido,True,9.090909090909092,160,8,176
HAMMING,20,0.01,ok_paridad,False,9.090909090909092,160,8,176
HAMMING,20,0.01,corregido,False,9.090909090909092,160,8,176
HAMMING,20,0.01,ok,True,9.090909090909092,160,8,176
HAMMING,20,0.01,corregido,True,9.090909090909092,160,8,176
HAMMING,20,0.01,corregido,True,9.090909090909092,160,8,176
HAMMING,20,0.01,corregido,False,9.090909090909092,160,8,176
HAMMING,20,0.01,corregido,True,9.090909090909092,160,8,176
HAMMING,20,0.01,corregido,False,9.090909090909092,160,8,176
HAMMING,20,0.01,corregido,False,9.090909090909092,160,8,176
HAMMING,20,0.01,ok,True,9.090909090909092,160,8,176
HAMMING,20,0.01,corregido,False,9.090909090909092,160,8,176
HAMMING,20,0.01,no_corregible,False,9.090909090909092,160,8,176
HAMMING,20,0.01,corregido,True,9.090909090909092,160,8,176
HAMMING,20,0.01,no_corregible,False,9.090909090909092,160,8,176
HAMMING,20,0.01,no_corregible,False,9.090909090909092,160,8,176
HAMMING,20,0.01,corregido,False,9.090909090909092,160,8,176
HAMMING,20,0.01,no_corregible,False,9.090909090909092,160,8,176
HAMMING,20,0.01,corregido,False,9.090909090909092,160,8,176
HAMMING,20,0.01,corregido,True,9.090909090909092,160,8,176
HAMMING,20,0.01,corregido,False,9.090909090909092,160,8,176
HAMMING,20,0.01,corregido,True,9.090909090909092,160,8,176
HAMMING,20,0.01,cabecera_perdida,False,9.090909090909092,160,8,176
HAMMING,20,0.01,no_corregible,False,9.090909090909092,160,8,176
HAMMING,20,0.01,corregido,False,9.090909090909092,160,8,176
HAMMING,20,0.01,ok,True,9.090909090909092,160,8,176
HAMMING,20,0.01,corregido,True,9.090909090909092,160,8,176
HAMMING,20,0.01,corregido,False,9.090909090909092,160,8,176
HAMMING,20,0.01,corregido,True,9.090909090909092,160,8,176
HAMMING,20,0.01,corregido,True,9.090909090909092,160,8,176
HAMMING,20,0.01,no_corregible,False,9.090909090909092,160,8,176
HAMMING,20,0.01,corregido,True,9.090909090909092,160,8,176
HAMMING,20,0.01,no_corregible,False,9.090909090909092,160,8,176
HAMMING,20,0.01,ok,True,9.090909090909092,160,8,176
HAMMING,20,0.01,no_corregible,False,9.090909090909092,160,8,176
HAMMING,20,0.01,ok,True,9.090909090909092,160,8,176
HAMMING,20,0.01,corregido,False,9.090909090909092,160,8,176
HAMMING,20,0.01,corregido,True,9.090909090909092,160,8,176
HAMMING,20,0.01,corregido,False,9.090909090909092,160,8,176
HAMMING,20,0.01,no_corregible,False,9.090909090909092,160,8,176
HAMMING,20,0.01,corregido,True,9.090909090909092,160,8,176
HAMMING,20,0.01,corregido,True,9.090909090909092,160,8,176
HAMMING,20,0.01,ok,True,9.090909090909092,160,8,176
HAMMING,20,0.01,corregido,True,9.090909090909092,160,8,176
HAMMING,20,0.01,no_corregible,False,9.090909090909092,160,8,176
HAMMING,20,0.01,corregido,True,9.090909090909092,160,8,176
HAMMING,20,0.01,corregido,False,9.090909090909092,160,8,176
HAMMING,20,0.01,corregido,False,9.090909090909092,160,8,176
HAMMING,20,0.01,ok,True,9.090909090909092,160,8,176
HAMMING,20,0.01,corregido,False,9.090909090909092,160,8,176
HAMMING,20,0.01,corregido,False,9.090909090909092,160,8,176
HAMMING,20,0.01,corregido,False,9.090909090909092,160,8,176
HAMMING,20,0.01,corregido,True,9.090909090909092,160,8,176
HAMMING,20,0.01,corregido,True,9.090909090909092,160,8,176
HAMMING,20,0.01,corregido,True,9.090909090909092,160,8,176
HAMMING,20,0.01,ok,True,9.090909090909092,160,8,176
HAMMING,20,0.01,corregido,True,9.090909090909092,160,8,176
HAMMING,20,0.01,ok_paridad,False,9.090909090909092,160,8,176
HAMMING,20,0.01,ok,True,9.090909090909092,160,8,176
HAMMING,20,0.01,corregido,True,9.090909090909092,160,8,176
HAMMING,20,0.01,corregido,False,9.090909090909092,160,8,176
HAMMING,20,0.01,corregido,True,9.090909090909092,160,8,176
HAMMING,20,0.01,corregido,True,9.090909090909092,160,8,176
HAMMING,20,0.01,cabecera_perdida,False,9.090909090909092,160,8,176
HAMMING,20,0.01,corregido,True,9.090909090909092,160,8,176
HAMMING,20,0.01,corregido,False,9.090909090909092,160,8,176
HAMMING,20,0.01,corregido,False,9.090909090909092,160,8,176
HAMMING,20,0.01,corregido,False,9.090909090909092,160,8,176
HAMMING,20,0.01,corregido,True,9.090909090909092,160,8,176
HAMMING,20,0.01,no_corregible,False,9.090909090909092,160,8,176
HAMMING,20,0.01,no_corregible,False,9.090909090909092,160,8,176
HAMMING,20,0.02,cabecera_perdida,False,9.090909090909092,160,8,176
HAMMING,20,0.02,cabecera_perdida,False,9.090909090909092,160,8,176
HAMMING,20,0.02,corregido,True,9.090909090909092,160,8,176
HAMMING,20,0.02,no_corregible,False,9.090909090909092,160,8,176
HAMMING,20,0.02,no_corregible,False,9.090909090909092,160,8,176
HAMMING,20,0.02,corregido,False,9.090909090909092,160,8,176
HAMMING,20,0.02,corregido,False,9.090909090909092,160,8,176
HAMMING,20,0.02,corregido,False,9.090909090909092,160,8,176
HAMMING,20,0.02,no_corregible,False,9.090909090909092,160,8,176
HAMMING,20,0.02,corregido,False,9.090909090909092,160,8,176
HAMMING,20,0.02,corregido,False,9.090909090909092,160,8,176
HAMMING,20,0.02,corregido,False,9.090909090909092,160,8,176
HAMMING,20,0.02,ok_paridad,False,9.090909090909092,160,8,176
HAMMING,20,0.02,corregido,True,9.090909090909092,160,8,176
HAMMING,20,0.02,corregido,False,9.090909090909092,160,8,176
HAMMING,20,0.02,corregido,False,9.090909090909092,160,8,176
HAMMING,20,0.02,corregido,True,9.090909090909092,160,8,176
HAMMING,20,0.02,corregido,False,9.090909090909092,160,8,176
HAMMING,20,0.02,ok,True,9.090909090909092,160,8,176
HAMMING,20,0.02,no_corregible,False,9.090909090909092,160,8,176
HAMMING,20,0.02,corregido,True,9.090909090909092,160,8,176
HAMMING,20,0.02,no_corregible,False,9.090909090909092,160,8,176
HAMMING,20,0.02,corregido,False,9.090909090909092,160,8,176
HAMMING,20,0.02,corregido,False,9.090909090909092,160,8,176
HAMMING,20,0.02,no_corregible,False,9.090909090909092,160,8,176
HAMMING,20,0.02,cabecera_perdida,False,9.090909090909092,160,8,176
HAMMING,20,0.02,corregido,False,9.090909090909092,160,8,176
HAMMING,20,0.02,cabecera_perdida,False,9.090909090909092,160,8,176
HAMMING,20,0.02,cabecera_perdida,False,9.090909090909092,160,8,176
HAMMING,20,0.02,corregido,False,9.090909090909092,160,8,176
HAMMING,20,0.02,no_corregible,False,9.090909090909092,160,8,176
HAMMING,20,0.02,corregido,False,9.090909090909092,160,8,176
HAMMING,20,0.02,cabecera_perdida,False,9.090909090909092,160,8,176
HAMMING,20,0.02,cabecera_perdida,False,9.090909090909092,160,8,176
HAMMING,20,0.02,no_corregible,False,9.090909090909092,160,8,176
HAMMING,20,0.02,corregido,False,9.090909090909092,160,8,176
HAMMING,20,0.02,corregido,True,9.090909090909092,160,8,176
HAMMING,20,0.02,no_corregible,False,9.090909090909092,160,8,176
HAMMING,20,0.02,cabecera_perdida,False,9.090909090909092,160,8,176
HAMMING,20,0.02,no_corregible,False,9.090909090909092,160,8,176
HAMMING,20,0.02,cabecera_perdida,False,9.090909090909092,160,8,176
HAMMING,20,0.02,ok_paridad,False,9.090909090909092,160,8,176
HAMMING,20,0.02,no_corregible,False,9.090909090909092,160,8,176
HAMMING,20,0.02,ok_paridad,False,9.090909090909092,160,8,176
HAMMING,20,0.02,corregido,False,9.090909090909092,160,8,176
HAMMING,20,0.02,corregido,False,9.090909090909092,160,8,176
HAMMING,20,0.02,corregido,False,9.090909090909092,160,8,176
HAMMING,20,0.02,corregido,False,9.090909090909092,160,8,176
HAMMING,20,0.02,cabecera_perdida,False,9.090909090909092,160,8,176
HAMMING,20,0.02,cabecera_perdida,False,9.090909090909092,160,8,176
HAMMING,20,0.02,corregido,False,9.090909090909092,160,8,176
HAMMING,20,0.02,corregido,False,9.090909090909092,160,8,176
HAMMING,20,0.02,no_corregible,False,9.090909090909092,160,8,176
HAMMING,20,0.02,corregido,False,9.090909090909092,160,8,176
HAMMING,20,0.02,corregido,False,9.090909090909092,160,8,176
HAMMING,20,0.02,no_corregible,False,9.090909090909092,160,8,176
HAMMING,20,0.02,corregido,False,9.090909090909092,160,8,176
HAMMING,20,0.02,corregido,True,9.090909090909092,160,8,176
HAMMING,20,0.02,corregido,False,9.090909090909092,160,8,176
HAMMING,20,0.02,no_corregible,False,9.090909090909092,160,8,176
HAMMING,20,0.02,corregido,False,9.090909090909092,160,8,176
HAMMING,20,0.02,no_corregible,False,9.090909090909092,160,8,176
HAMMING,20,0.02,corregido,False,9.090909090909092,160,8,176
HAMMING,20,0.02,no_corregible,False,9.090909090909092,160,8,176
HAMMING,20,0.02,corregido,False,9.090909090909092,160,8,176
HAMMING,20,0.02,no_corregible,False,9.090909090909092,160,8,176
HAMMING,20,0.02,cabecera_perdida,False,9.090909090909092,160,8,176
HAMMING,20,0.02,corregido,False,9.090909090909092,160,8,176
HAMMING,20,0.02,corregido,False,9.090909090909092,160,8,176
HAMMING,20,0.02,corregido,True,9.090909090909092,160,8,176
HAMMING,20,0.02,corregido,True,9.090909090909092,160,8,176
HAMMING,20,0.02,cabecera_perdida,False,9.090909090909092,160,8,176
HAMMING,20,0.02,corregido,False,9.090909090909092,160,8,176
HAMMING,20,0.02,no_corregible,False,9.090909090909092,160,8,176
HAMMING,20,0.02,no_corregible,False,9.090909090909092,160,8,176
HAMMING,20,0.02,no_corregible,False,9.090909090909092,160,8,176
HAMMING,20,0.02,corregido,False,9.090909090909092,160,8,176
HAMMING,20,0.02,corregido,False,9.090909090909092,160,8,176
HAMMING,20,0.02,no_corregible,False,9.090909090909092,160,8,176
HAMMING,20,0.02,ok_paridad,False,9.090909090909092,160,8,176
HAMMING,20,0.02,no_corregible,False,9.090909090909092,160,8,176
HAMMING,20,0.02,no_corregible,False,9.090909090909092,160,8,176
HAMMING,20,0.02,corregido,False,9.090909090909092,160,8,176
HAMMING,20,0.02,corregido,False,9.090909090909092,160,8,176
HAMMING,20,0.02,corregido,False,9.090909090909092,160,8,176
HAMMING,20,0.02,corregido,False,9.090909090909092,160,8,176
HAMMING,20,0.02,cabecera_perdida,False,9.090909090909092,160,8,176
HAMMING,20,0.02,corregido,False,9.090909090909092,160,8,176
HAMMING,20,0.02,corregido,False,9.090909090909092,160,8,176
HAMMING,20,0.02,ok_paridad,False,9.090909090909092,160,8,176
HAMMING,20,0.02,corregido,False,9.090909090909092,160,8,176
HAMMING,20,0.02,corregido,False,9.090909090909092,160,8,176
HAMMING,20,0.02,corregido,False,9.090909090909092,160,8,176
HAMMING,20,0.02,no_corregible,False,9.090909090909092,160,8,176
HAMMING,20,0.02,cabecera_perdida,False,9.090909090909092,160,8,176
HAMMING,20,0.02,no_corregible,False,9.090909090909092,160,8,176
HAMMING,20,0.02,no_corregible,False,9.090909090909092,160,8,176
HAMMING,20,0.02,no_corregible,False,9.090909090909092,160,8,176
HAMMING,20,0.02,no_corregible,False,9.090909090909092,160,8,176
HAMMING,20,0.02,corregido,False,9.090909090909092,160,8,176
HAMMING,20,0.02,corregido,False,9.090909090909092,160,8,176
HAMMING,20,0.02,no_corregible,False,9.090909090909092,160,8,176
HAMMING,20,0.02,corregido,False,9.090909090909092,160,8,176
HAMMING,20,0.02,corregido,False,9.090909090909092,160,8,176
HAMMING,20,0.02,corregido,False,9.090909090909092,160,8,176
HAMMING,20,0.02,corregido,False,9.090909090909092,160,8,176
HAMMING,20,0.02,no_corregible,False,9.090909090909092,160,8,176
HAMMING,20,0.02,no_corregible,False,9.090909090909092,160,8,176
HAMMING,20,0.02,cabecera_perdida,False,9.090909090909092,160,8,176
HAMMING,20,0.02,corregido,True,9.090909090909092,160,8,176
HAMMING,20,0.02,corregido,False,9.090909090909092,160,8,176
HAMMING,20,0.02,corregido,False,9.090909090909092,160,8,176
HAMMING,20,0.02,corregido,False,9.090909090909092,160,8,176
HAMMING,20,0.02,no_corregible,False,9.090909090909092,160,8,176
HAMMING,20,0.02,corregido,False,9.090909090909092,160,8,176
HAMMING,20,0.02,no_corregible,False,9.090909090909092,160,8,176
HAMMING,20,0.02,no_corregible,False,9.090909090909092,160,8,176
HAMMING,20,0.02,cabecera_perdida,False,9.090909090909092,160,8,176
HAMMING,20,0.02,corregido,False,9.090909090909092,160,8,176
HAMMING,20,0.02,corregido,False,9.090909090909092,160,8,176
HAMMING,20,0.02,no_corregible,False,9.090909090909092,160,8,176
HAMMING,20,0.02,corregido,False,9.090909090909092,160,8,176
HAMMING,20,0.02,no_corregible,False,9.090909090909092,160,8,176
HAMMING,20,0.02,corregido,True,9.090909090909092,160,8,176
HAMMING,20,0.02,corregido,False,9.090909090909092,160,8,176
HAMMING,20,0.02,corregido,False,9.090909090909092,160,8,176
HAMMING,20,0.02,corregido,False,9.090909090909092,160,8,176
HAMMING,20,0.02,cabecera_perdida,False,9.090909090909092,160,8,176
HAMMING,20,0.02,corregido,False,9.090909090909092,160,8,176
HAMMING,20,0.02,corregido,False,9.090909090909092,160,8,176
HAMMING,20,0.02,corregido,False,9.090909090909092,160,8,176
HAMMING,20,0.02,corregido,False,9.090909090909092,160,8,176
HAMMING,20,0.02,no_corregible,False,9.090909090909092,160,8,176
HAMMING,20,0.02,corregido,False,9.090909090909092,160,8,176
HAMMING,20,0.02,corregido,False,9.090909090909092,160,8,176
HAMMING,20,0.02,ok,True,9.090909090909092,160,8,176
HAMMING,20,0.02,corregido,True,9.090909090909092,160,8,176
HAMMING,20,0.02,cabecera_perdida,False,9.090909090909092,160,8,176
HAMMING,20,0.02,corregido,True,9.090909090909092,160,8,176
HAMMING,20,0.02,corregido,False,9.090909090909092,160,8,176
HAMMING,20,0.02,corregido,False,9.090909090909092,160,8,176
HAMMING,20,0.02,corregido,False,9.090909090909092,160,8,176
HAMMING,20,0.02,no_corregible,False,9.090909090909092,160,8,176
HAMMING,20,0.02,corregido,True,9.090909090909092,160,8,176
HAMMING,20,0.02,corregido,False,9.090909090909092,160,8,176
HAMMING,20,0.02,corregido,False,9.090909090909092,160,8,176
HAMMING,20,0.02,corregido,False,9.090909090909092,160,8,176
HAMMING,20,0.02,no_corregible,False,9.090909090909092,160,8,176
HAMMING,20,0.02,no_corregible,False,9.090909090909092,160,8,176
HAMMING,20,0.02,no_corregible,False,9.090909090909092,160,8,176
HAMMING,20,0.03,no_corregible,False,9.090909090909092,160,8,176
HAMMING,20,0.03,corregido,False,9.090909090909092,160,8,176
HAMMING,20,0.03,no_corregible,False,9.090909090909092,160,8,176
HAMMING,20,0.03,no_corregible,False,9.090909090909092,160,8,176
HAMMING,20,0.03,cabecera_perdida,False,9.090909090909092,160,8,176
HAMMING,20,0.03,cabecera_perdida,False,9.090909090909092,160,8,176
HAMMING,20,0.03,cabecera_perdida,False,9.090909090909092,160,8,176
HAMMING,20,0.03,corregido,False,9.090909090909092,160,8,176
HAMMING,20,0.03,ok_paridad,False,9.090909090909092,160,8,176
HAMMING,20,0.03,corregido,False,9.090909090909092,160,8,176
HAMMING,20,0.03,corregido,False,9.090909090909092,160,8,176
HAMMING,20,0.03,cabecera_perdida,False,9.090909090909092,160,8,176
HAMMING,20,0.03,no_corregible,False,9.090909090909092,160,8,176
HAMMING,20,0.03,corregido,False,9.090909090909092,160,8,176
HAMMING,20,0.03,no_corregible,False,9.090909090909092,160,8,176
HAMMING,20,0.03,corregido,False,9.090909090909092,160,8,176
HAMMING,20,0.03,corregido,False,9.090909090909092,160,8,176
HAMMING,20,0.03,corregido,False,9.090909090909092,160,8,176
HAMMING,20,0.03,corregido,False,9.090909090909092,160,8,176
HAMMING,20,0.03,no_corregible,False,9.090909090909092,160,8,176
HAMMING,20,0.03,no_corregible,False,9.090909090909092,160,8,176
HAMMING,20,0.03,corregido,False,9.090909090909092,160,8,176
HAMMING,20,0.03,corregido,False,9.090909090909092,160,8,176
HAMMING,20,0.03,cabecera_perdida,False,9.090909090909092,160,8,176
HAMMING,20,0.03,corregido,False,9.090909090909092,160,8,176
HAMMING,20,0.03,no_corregible,False,9.090909090909092,160,8,176
HAMMING,20,0.03,ok_paridad,False,9.090909090909092,160,8,176
HAMMING,20,0.03,no_corregible,False,9.090909090909092,160,8,176
HAMMING,20,0.03,corregido,False,9.090909090909092,160,8,176
HAMMING,20,0.03,cabecera_perdida,False,9.090909090909092,160,8,176
HAMMING,20,0.03,corregido,False,9.090909090909092,160,8,176
HAMMING,20,0.03,cabecera_perdida,False,9.090909090909092,160,8,176
HAMMING,20,0.03,corregido,False,9.090909090909092,160,8,176
HAMMING,20,0.03,no_corregible,False,9.090909090909092,160,8,176
HAMMING,20,0.03,cabecera_perdida,False,9.090909090909092,160,8,176
HAMMING,20,0.03,corregido,False,9.090909090909092,160,8,176
HAMMING,20,0.03,corregido,False,9.090909090909092,160,8,176
HAMMING,20,0.03,cabecera_perdida,False,9.090909090909092,160,8,176
HAMMING,20,0.03,cabecera_perdida,False,9.090909090909092,160,8,176
HAMMING,20,0.03,no_corregible,False,9.090909090909092,160,8,176
HAMMING,20,0.03,cabecera_perdida,False,9.090909090909092,160,8,176
HAMMING,20,0.03,cabecera_perdida,False,9.090909090909092,160,8,176
HAMMING,20,0.03,no_corregible,False,9.090909090909092,160,8,176
HAMMING,20,0.03,corregido,False,9.090909090909092,160,8,176
HAMMING,20,0.03,cabecera_perdida,False,9.090909090909092,160,8,176
HAMMING,20,0.03,no_corregible,False,9.090909090909092,160,8,176
HAMMING,20,0.03,corregido,False,9.090909090909092,160,8,176
HAMMING,20,0.03,cabecera_perdida,False,9.090909090909092,160,8,176
HAMMING,20,0.03,corregido,False,9.090909090909092,160,8,176
HAMMING,20,0.03,no_corregible,False,9.090909090909092,160,8,176
HAMMING,20,0.03,corregido,False,9.090909090909092,160,8,176
HAMMING,20,0.03,no_corregible,False,9.090909090909092,160,8,176
HAMMING,20,0.03,corregido,False,9.090909090909092,160,8,176
HAMMING,20,0.03,no_corregible,False,9.090909090909092,160,8,176
HAMMING,20,0.03,no_corregible,False,9.090909090909092,160,8,176
HAMMING,20,0.03,no_corregible,False,9.090909090909092,160,8,176
HAMMING,20,0.03,corregido,True,9.090909090909092,160,8,176
HAMMING,20,0.03,no_corregible,False,9.090909090909092,160,8,176
HAMMING,20,0.03,ok_paridad,False,9.090909090909092,160,8,176
HAMMING,20,0.03,corregido,False,9.090909090909092,160,8,176
HAMMING,20,0.03,no_corregible,False,9.090909090909092,160,8,176
HAMMING,20,0.03,corregido,False,9.090909090909092,160,8,176
HAMMING,20,0.03,corregido,False,9.090909090909092,160,8,176
HAMMING,20,0.03,cabecera_perdida,False,9.090909090909092,160,8,176
HAMMING,20,0.03,ok_paridad,False,9.090909090909092,160,8,176
HAMMING,20,0.03,no_corregible,False,9.090909090909092,160,8,176
HAMMING,20,0.03,corregido,False,9.090909090909092,160,8,176
HAMMING,20,0.03,corregido,False,9.090909090909092,160,8,176
HAMMING,20,0.03,no_corregible,False,9.090909090909092,160,8,176
HAMMING,20,0.03,cabecera_perdida,False,9.090909090909092,160,8,176
HAMMING,20,0.03,corregido,False,9.090909090909092,160,8,176
HAMMING,20,0.03,no_corregible,False,9.090909090909092,160,8,176
HAMMING,20,0.03,corregido,False,9.090909090909092,160,8,176
HAMMING,20,0.03,corregido,False,9.090909090909092,160,8,176
HAMMING,20,0.03,corregido,False,9.090909090909092,160,8,176
HAMMING,20,0.03,corregido,False,9.090909090909092,160,8,176
HAMMING,20,0.03,corregido,True,9.090909090909092,160,8,176
HAMMING,20,0.03,cabecera_perdida,False,9.090909090909092,160,8,176
HAMMING,20,0.03,corregido,False,9.090909090909092,160,8,176
HAMMING,20,0.03,cabecera_perdida,False,9.090909090909092,160,8,176
HAMMING,20,0.03,cabecera_perdida,False,9.090909090909092,160,8,176
HAMMING,20,0.03,corregido,False,9.090909090909092,160,8,176
HAMMING,20,0.03,corregido,False,9.090909090909092,160,8,176
HAMMING,20,0.03,cabecera_perdida,False,9.090909090909092,160,8,176
HAMMING,20,0.03,cabecera_perdida,False,9.090909090909092,160,8,176
HAMMING,20,0.03,corregido,False,9.090909090909092,160,8,176
HAMMING,20,0.03,corregido,False,9.090909090909092,160,8,176
HAMMING,20,0.03,cabecera_perdida,False,9.090909090909092,160,8,176
HAMMING,20,0.03,corregido,True,9.090909090909092,160,8,176
HAMMING,20,0.03,cabecera_perdida,False,9.090909090909092,160,8,176
HAMMING,20,0.03,cabecera_perdida,False,9.090909090909092,160,8,176
HAMMING,20,0.03,corregido,False,9.090909090909092,160,8,176
HAMMING,20,0.03,cabecera_perdida,False,9.090909090909092,160,8,176
HAMMING,20,0.03,no_corregible,False,9.090909090909092,160,8,176
HAMMING,20,0.03,no_corregible,False,9.090909090909092,160,8,176
HAMMING,20,0.03,cabecera_perdida,False,9.090909090909092,160,8,176
HAMMING,20,0.03,cabecera_perdida,False,9.090909090909092,160,8,176
HAMMING,20,0.03,corregido,False,9.090909090909092,160,8,176
HAMMING,20,0.03,corregido,False,9.090909090909092,160,8,176
HAMMING,20,0.03,cabecera_perdida,False,9.090909090909092,160,8,176
HAMMING,20,0.03,corregido,False,9.090909090909092,160,8,176
HAMMING,20,0.03,cabecera_perdida,False,9.090909090909092,160,8,176
HAMMING,20,0.03,corregido,False,9.090909090909092,160,8,176
HAMMING,20,0.03,cabecera_perdida,False,9.090909090909092,160,8,176
HAMMING,20,0.03,no_corregible,False,9.090909090909092,160,8,176
HAMMING,20,0.03,corregido,False,9.090909090909092,160,8,176
HAMMING,20,0.03,cabecera_perdida,False,9.090909090909092,160,8,176
HAMMING,20,0.03,corregido,False,9.090909090909092,160,8,176
HAMMING,20,0.03,corregido,True,9.090909090909092,160,8,176
HAMMING,20,0.03,corregido,False,9.090909090909092,160,8,176
HAMMING,20,0.03,corregido,False,9.090909090909092,160,8,176
HAMMING,20,0.03,corregido,False,9.090909090909092,160,8,176
HAMMING,20,0.03,corregido,False,9.090909090909092,160,8,176
HAMMING,20,0.03,corregido,False,9.090909090909092,160,8,176
HAMMING,20,0.03,no_corregible,False,9.090909090909092,160,8,176
HAMMING,20,0.03,ok_paridad,False,9.090909090909092,160,8,176
HAMMING,20,0.03,cabecera_perdida,False,9.090909090909092,160,8,176
HAMMING,20,0.03,corregido,True,9.090909090909092,160,8,176
HAMMING,20,0.03,no_corregible,False,9.090909090909092,160,8,176
HAMMING,20,0.03,no_corregible,False,9.090909090909092,160,8,176
HAMMING,20,0.03,no_corregible,False,9.090909090909092,160,8,176
HAMMING,20,0.03,no_corregible,False,9.090909090909092,160,8,176
HAMMING,20,0.03,corregido,False,9.090909090909092,160,8,176
HAMMING,20,0.03,corregido,True,9.090909090909092,160,8,176
HAMMING,20,0.03,cabecera_perdida,False,9.090909090909092,160,8,176
HAMMING,20,0.03,cabecera_perdida,False,9.090909090909092,160,8,176
HAMMING,20,0.03,cabecera_perdida,False,9.090909090909092,160,8,176
HAMMING,20,0.03,corregido,False,9.090909090909092,160,8,176
HAMMING,20,0.03,corregido,False,9.090909090909092,160,8,176
HAMMING,20,0.03,no_corregible,False,9.090909090909092,160,8,176
HAMMING,20,0.03,cabecera_perdida,False,9.090909090909092,160,8,176
HAMMING,20,0.03,corregido,False,9.090909090909092,160,8,176
HAMMING,20,0.03,cabecera_perdida,False,9.090909090909092,160,8,176
HAMMING,20,0.03,cabecera_perdida,False,9.090909090909092,160,8,176
HAMMING,20,0.03,no_corregible,False,9.090909090909092,160,8,176
HAMMING,20,0.03,corregido,False,9.090909090909092,160,8,176
HAMMING,20,0.03,corregido,True,9.090909090909092,160,8,176
HAMMING,20,0.03,no_corregible,False,9.090909090909092,160,8,176
HAMMING,20,0.03,cabecera_perdida,False,9.090909090909092,160,8,176
HAMMING,20,0.03,corregido,False,9.090909090909092,160,8,176
HAMMING,20,0.03,corregido,False,9.090909090909092,160,8,176
HAMMING,20,0.03,no_corregible,False,9.090909090909092,160,8,176
HAMMING,20,0.03,no_corregible,False,9.090909090909092,160,8,176
HAMMING,20,0.03,ok,True,9.090909090909092,160,8,176
HAMMING,20,0.03,corregido,False,9.090909090909092,160,8,176
HAMMING,20,0.03,corregido,False,9.090909090909092,160,8,176
HAMMING,20,0.03,corregido,False,9.090909090909092,160,8,176
HAMMING,20,0.03,ok_paridad,False,9.090909090909092,160,8,176
HAMMING,20,0.03,corregido,False,9.090909090909092,160,8,176
HAMMING,20,0.03,corregido,False,9.090909090909092,160,8,176
HAMMING,20,0.05,corregido,False,9.090909090909092,160,8,176
HAMMING,20,0.05,corregido,False,9.090909090909092,160,8,176
HAMMING,20,0.05,no_corregible,False,9.090909090909092,160,8,176
HAMMING,20,0.05,no_corregible,False,9.090909090909092,160,8,176
HAMMING,20,0.05,cabecera_perdida,False,9.090909090909092,160,8,176
HAMMING,20,0.05,corregido,False,9.090909090909092,160,8,176
HAMMING,20,0.05,corregido,False,9.090909090909092,160,8,176
HAMMING,20,0.05,ok_paridad,False,9.090909090909092,160,8,176
HAMMING,20,0.05,ok,False,9.090909090909092,160,8,176
HAMMING,20,0.05,cabecera_perdida,False,9.090909090909092,160,8,176
HAMMING,20,0.05,cabecera_perdida,False,9.090909090909092,160,8,176
HAMMING,20,0.05,corregido,False,9.090909090909092,160,8,176
HAMMING,20,0.05,cabecera_perdida,False,9.090909090909092,160,8,176
HAMMING,20,0.05,cabecera_perdida,False,9.090909090909092,160,8,176
HAMMING,20,0.05,cabecera_perdida,False,9.090909090909092,160,8,176
HAMMING,20,0.05,corregido,False,9.090909090909092,160,8,176
HAMMING,20,0.05,cabecera_perdida,False,9.090909090909092,160,8,176
HAMMING,20,0.05,cabecera_perdida,False,9.090909090909092,160,8,176
HAMMING,20,0.05,cabecera_perdida,False,9.090909090909092,160,8,176
HAMMING,20,0.05,corregido,False,9.090909090909092,160,8,176
HAMMING,20,0.05,corregido,False,9.090909090909092,160,8,176
HAMMING,20,0.05,cabecera_perdida,False,9.090909090909092,160,8,176
HAMMING,20,0.05,corregido,False,9.090909090909092,160,8,176
HAMMING,20,0.05,corregido,False,9.090909090909092,160,8,176
HAMMING,20,0.05,cabecera_perdida,False,9.090909090909092,160,8,176
HAMMING,20,0.05,corregido,False,9.090909090909092,160,8,176
HAMMING,20,0.05,cabecera_perdida,False,9.090909090909092,160,8,176
HAMMING,20,0.05,cabecera_perdida,False,9.090909090909092,160,8,176
HAMMING,20,0.05,cabecera_perdida,False,9.090909090909092,160,8,176
HAMMING,20,0.05,no_corregible,False,9.090909090909092,160,8,176
HAMMING,20,0.05,corregido,False,9.090909090909092,160,8,176
HAMMING,20,0.05,cabecera_perdida,False,9.090909090909092,160,8,176
HAMMING,20,0.05,corregido,False,9.090909090909092,160,8,176
HAMMING,20,0.05,cabecera_perdida,False,9.090909090909092,160,8,176
HAMMING,20,0.05,corregido,False,9.090909090909092,160,8,176
HAMMING,20,0.05,corregido,False,9.090909090909092,160,8,176
HAMMING,20,0.05,corregido,False,9.090909090909092,160,8,176
HAMMING,20,0.05,no_corregible,False,9.090909090909092,160,8,176
HAMMING,20,0.05,cabecera_perdida,False,9.090909090909092,160,8,176
HAMMING,20,0.05,cabecera_perdida,False,9.090909090909092,160,8,176
HAMMING,20,0.05,no_corregible,False,9.090909090909092,160,8,176
HAMMING,20,0.05,corregido,False,9.090909090909092,160,8,176
HAMMING,20,0.05,corregido,False,9.090909090909092,160,8,176
HAMMING,20,0.05,corregido,False,9.090909090909092,160,8,176
HAMMING,20,0.05,cabecera_perdida,False,9.090909090909092,160,8,176
HAMMING,20,0.05,cabecera_perdida,False,9.090909090909092,160,8,176
HAMMING,20,0.05,corregido,False,9.090909090909092,160,8,176
HAMMING,20,0.05,cabecera_perdida,False,9.090909090909092,160,8,176
HAMMING,20,0.05,corregido,False,9.090909090909092,160,8,176
HAMMING,20,0.05,corregido,False,9.090909090909092,160,8,176
HAMMING,20,0.05,corregido,False,9.090909090909092,160,8,176
HAMMING,20,0.05,corregido,False,9.090909090909092,160,8,176
HAMMING,20,0.05,cabecera_perdida,False,9.090909090909092,160,8,176
HAMMING,20,0.05,no_corregible,False,9.090909090909092,160,8,176
HAMMING,20,0.05,corregido,False,9.090909090909092,160,8,176
HAMMING,20,0.05,corregido,False,9.090909090909092,160,8,176
HAMMING,20,0.05,no_corregible,False,9.090909090909092,160,8,176
HAMMING,20,0.05,corregido,False,9.090909090909092,160,8,176
HAMMING,20,0.05,corregido,False,9.090909090909092,160,8,176
HAMMING,20,0.05,no_corregible,False,9.090909090909092,160,8,176
HAMMING,20,0.05,cabecera_perdida,False,9.090909090909092,160,8,176
HAMMING,20,0.05,corregido,False,9.090909090909092,160,8,176
HAMMING,20,0.05,no_corregible,False,9.090909090909092,160,8,176
HAMMING,20,0.05,corregido,False,9.090909090909092,160,8,176
HAMMING,20,0.05,corregido,False,9.090909090909092,160,8,176
HAMMING,20,0.05,cabecera_perdida,False,9.090909090909092,160,8,176
HAMMING,20,0.05,no_corregible,False,9.090909090909092,160,8,176
HAMMING,20,0.05,cabecera_perdida,False,9.090909090909092,160,8,176
HAMMING,20,0.05,cabecera_perdida,False,9.090909090909092,160,8,176
HAMMING,20,0.05,cabecera_perdida,False,9.090909090909092,160,8,176
HAMMING,20,0.05,corregido,False,9.090909090909092,160,8,176
HAMMING,20,0.05,cabecera_perdida,False,9.090909090909092,160,8,176
HAMMING,20,0.05,no_corregible,False,9.090909090909092,160,8,176
HAMMING,20,0.05,cabecera_perdida,False,9.090909090909092,160,8,176
HAMMING,20,0.05,corregido,False,9.090909090909092,160,8,176
HAMMING,20,0.05,no_corregible,False,9.090909090909092,160,8,176
HAMMING,20,0.05,corregido,False,9.090909090909092,160,8,176
HAMMING,20,0.05,cabecera_perdida,False,9.090909090909092,160,8,176
HAMMING,20,0.05,corregido,False,9.090909090909092,160,8,176
HAMMING,20,0.05,cabecera_perdida,False,9.090909090909092,160,8,176
HAMMING,20,0.05,no_corregible,False,9.090909090909092,160,8,176
HAMMING,20,0.05,corregido,False,9.090909090909092,160,8,176
HAMMING,20,0.05,cabecera_perdida,False,9.090909090909092,160,8,176
HAMMING,20,0.05,cabecera_perdida,False,9.090909090909092,160,8,176
HAMMING,20,0.05,corregido,False,9.090909090909092,160,8,176
HAMMING,20,0.05,no_corregible,False,9.090909090909092,160,8,176
HAMMING,20,0.05,no_corregible,False,9.090909090909092,160,8,176
HAMMING,20,0.05,cabecera_perdida,False,9.090909090909092,160,8,176
HAMMING,20,0.05,cabecera_perdida,False,9.090909090909092,160,8,176
HAMMING,20,0.05,cabecera_perdida,False,9.090909090909092,160,8,176
HAMMING,20,0.05,cabecera_perdida,False,9.090909090909092,160,8,176
HAMMING,20,0.05,corregido,False,9.090909090909092,160,8,176
HAMMING,20,0.05,no_corregible,False,9.090909090909092,160,8,176
HAMMING,20,0.05,corregido,False,9.090909090909092,160,8,176
HAMMING,20,0.05,no_corregible,False,9.090909090909092,160,8,176
HAMMING,20,0.05,corregido,False,9.090909090909092,160,8,176
HAMMING,20,0.05,no_corregible,False,9.090909090909092,160,8,176
HAMMING,20,0.05,no_corregible,False,9.090909090909092,160,8,176
HAMMING,20,0.05,cabecera_perdida,False,9.090909090909092,160,8,176
HAMMING,20,0.05,no_corregible,False,9.090909090909092,160,8,176
HAMMING,20,0.05,corregido,False,9.090909090909092,160,8,176
HAMMING,20,0.05,corregido,False,9.090909090909092,160,8,176
HAMMING,20,0.05,cabecera_perdida,False,9.090909090909092,160,8,176
HAMMING,20,0.05,corregido,False,9.090909090909092,160,8,176
HAMMING,20,0.05,corregido,False,9.090909090909092,160,8,176
HAMMING,20,0.05,corregido,False,9.090909090909092,160,8,176
HAMMING,20,0.05,cabecera_perdida,False,9.090909090909092,160,8,176
HAMMING,20,0.05,cabecera_perdida,False,9.090909090909092,160,8,176
HAMMING,20,0.05,detectado_no_corregido,False,9.090909090909092,160,8,176
HAMMING,20,0.05,corregido,False,9.090909090909092,160,8,176
HAMMING,20,0.05,cabecera_perdida,False,9.090909090909092,160,8,176
HAMMING,20,0.05,no_corregible,False,9.090909090909092,160,8,176
HAMMING,20,0.05,corregido,False,9.090909090909092,160,8,176
HAMMING,20,0.05,corregido,False,9.090909090909092,160,8,176
HAMMING,20,0.05,cabecera_perdida,False,9.090909090909092,160,8,176
HAMMING,20,0.05,corregido,False,9.090909090909092,160,8,176
HAMMING,20,0.05,corregido,False,9.090909090909092,160,8,176
HAMMING,20,0.05,corregido,False,9.090909090909092,160,8,176
HAMMING,20,0.05,corregido,False,9.090909090909092,160,8,176
HAMMING,20,0.05,cabecera_perdida,False,9.090909090909092,160,8,176
HAMMING,20,0.05,corregido,False,9.090909090909092,160,8,176
HAMMING,20,0.05,corregido,False,9.090909090909092,160,8,176
HAMMING,20,0.05,cabecera_perdida,False,9.090909090909092,160,8,176
HAMMING,20,0.05,cabecera_perdida,False,9.090909090909092,160,8,176
HAMMING,20,0.05,no_corregible,False,9.090909090909092,160,8,176
HAMMING,20,0.05,no_corregible,False,9.090909090909092,160,8,176
HAMMING,20,0.05,corregido,False,9.090909090909092,160,8,176
HAMMING,20,0.05,ok_paridad,False,9.090909090909092,160,8,176
HAMMING,20,0.05,cabecera_perdida,False,9.090909090909092,160,8,176
HAMMING,20,0.05,no_corregible,False,9.090909090909092,160,8,176
HAMMING,20,0.05,corregido,False,9.090909090909092,160,8,176
HAMMING,20,0.05,cabecera_perdida,False,9.090909090909092,160,8,176
HAMMING,20,0.05,corregido,False,9.090909090909092,160,8,176
HAMMING,20,0.05,cabecera_perdida,False,9.090909090909092,160,8,176
HAMMING,20,0.05,ok_paridad,False,9.090909090909092,160,8,176
HAMMING,20,0.05,corregido,False,9.090909090909092,160,8,176
HAMMING,20,0.05,cabecera_perdida,False,9.090909090909092,160,8,176
HAMMING,20,0.05,cabecera_perdida,False,9.090909090909092,160,8,176
HAMMING,20,0.05,cabecera_perdida,False,9.090909090909092,160,8,176
HAMMING,20,0.05,cabecera_perdida,False,9.090909090909092,160,8,176
HAMMING,20,0.05,cabecera_perdida,False,9.090909090909092,160,8,176
HAMMING,20,0.05,corregido,False,9.090909090909092,160,8,176
HAMMING,20,0.05,corregido,False,9.090909090909092,160,8,176
HAMMING,20,0.05,corregido,False,9.090909090909092,160,8,176
HAMMING,20,0.05,corregido,False,9.090909090909092,160,8,176
HAMMING,20,0.05,no_corregible,False,9.090909090909092,160,8,176
HAMMING,20,0.05,corregido,False,9.090909090909092,160,8,176
HAMMING,20,0.05,corregido,False,9.090909090909092,160,8,176
HAMMING,20,0.05,corregido,False,9.090909090909092,160,8,176
HAMMING,20,0.05,no_corregible,False,9.090909090909092,160,8,176
HAMMING,20,0.08,cabecera_perdida,False,9.090909090909092,160,8,176
HAMMING,20,0.08,corregido,False,9.090909090909092,160,8,176
HAMMING,20,0.08,corregido,False,9.090909090909092,160,8,176
HAMMING,20,0.08,cabecera_perdida,False,9.090909090909092,160,8,176
HAMMING,20,0.08,cabecera_perdida,False,9.090909090909092,160,8,176
HAMMING,20,0.08,cabecera_perdida,False,9.090909090909092,160,8,176
HAMMING,20,0.08,cabecera_perdida,False,9.090909090909092,160,8,176
HAMMING,20,0.08,cabecera_perdida,False,9.090909090909092,160,8,176
HAMMING,20,0.08,cabecera_perdida,False,9.090909090909092,160,8,176
HAMMING,20,0.08,corregido,False,9.090909090909092,160,8,176
HAMMING,20,0.08,cabecera_perdida,False,9.090909090909092,160,8,176
HAMMING,20,0.08,corregido,False,9.090909090909092,160,8,176
HAMMING,20,0.08,corregido,False,9.090909090909092,160,8,176
HAMMING,20,0.08,no_corregible,False,9.090909090909092,160,8,176
HAMMING,20,0.08,corregido,False,9.090909090909092,160,8,176
HAMMING,20,0.08,cabecera_perdida,False,9.090909090909092,160,8,176
HAMMING,20,0.08,no_corregible,False,9.090909090909092,160,8,176
HAMMING,20,0.08,no_corregible,False,9.090909090909092,160,8,176
HAMMING,20,0.08,corregido,False,9.090909090909092,160,8,176
HAMMING,20,0.08,cabecera_perdida,False,9.090909090909092,160,8,176
HAMMING,20,0.08,cabecera_perdida,False,9.090909090909092,160,8,176
HAMMING,20,0.08,corregido,False,9.090909090909092,160,8,176
HAMMING,20,0.08,cabecera_perdida,False,9.090909090909092,160,8,176
HAMMING,20,0.08,cabecera_perdida,False,9.090909090909092,160,8,176
HAMMING,20,0.08,cabecera_perdida,False,9.090909090909092,160,8,176
HAMMING,20,0.08,corregido,False,9.090909090909092,160,8,176
HAMMING,20,0.08,cabecera_perdida,False,9.090909090909092,160,8,176
HAMMING,20,0.08,cabecera_perdida,False,9.090909090909092,160,8,176
HAMMING,20,0.08,no_corregible,False,9.090909090909092,160,8,176
HAMMING,20,0.08,cabecera_perdida,False,9.090909090909092,160,8,176
HAMMING,20,0.08,no_corregible,False,9.090909090909092,160,8,176
HAMMING,20,0.08,cabecera_perdida,False,9.090909090909092,160,8,176
HAMMING,20,0.08,cabecera_perdida,False,9.090909090909092,160,8,176
HAMMING,20,0.08,cabecera_perdida,False,9.090909090909092,160,8,176
HAMMING,20,0.08,no_corregible,False,9.090909090909092,160,8,176
HAMMING,20,0.08,cabecera_perdida,False,9.090909090909092,160,8,176
HAMMING,20,0.08,corregido,False,9.090909090909092,160,8,176
HAMMING,20,0.08,cabecera_perdida,False,9.090909090909092,160,8,176
HAMMING,20,0.08,cabecera_perdida,False,9.090909090909092,160,8,176
HAMMING,20,0.08,corregido,False,9.090909090909092,160,8,176
HAMMING,20,0.08,cabecera_perdida,False,9.090909090909092,160,8,176
HAMMING,20,0.08,corregido,False,9.090909090909092,160,8,176
HAMMING,20,0.08,no_corregible,False,9.090909090909092,160,8,176
HAMMING,20,0.08,corregido,False,9.090909090909092,160,8,176
HAMMING,20,0.08,no_corregible,False,9.090909090909092,160,8,176
HAMMING,20,0.08,cabecera_perdida,False,9.090909090909092,160,8,176
HAMMING,20,0.08,corregido,False,9.090909090909092,160,8,176
HAMMING,20,0.08,no_corregible,False,9.090909090909092,160,8,176
HAMMING,20,0.08,corregido,False,9.090909090909092,160,8,176
HAMMING,20,0.08,cabecera_perdida,False,9.090909090909092,160,8,176
HAMMING,20,0.08,corregido,False,9.090909090909092,160,8,176
HAMMING,20,0.08,cabecera_perdida,False,9.090909090909092,160,8,176
HAMMING,20,0.08,corregido,False,9.090909090909092,160,8,176
HAMMING,20,0.08,corregido,False,9.090909090909092,160,8,176
HAMMING,20,0.08,corregido,False,9.090909090909092,160,8,176
HAMMING,20,0.08,corregido,False,9.090909090909092,160,8,176
HAMMING,20,0.08,corregido,False,9.090909090909092,160,8,176
HAMMING,20,0.08,no_corregible,False,9.090909090909092,160,8,176
HAMMING,20,0.08,cabecera_perdida,False,9.090909090909092,160,8,176
HAMMING,20,0.08,no_corregible,False,9.090909090909092,160,8,176
HAMMING,20,0.08,cabecera_perdida,False,9.090909090909092,160,8,176
HAMMING,20,0.08,corregido,False,9.090909090909092,160,8,176
HAMMING,20,0.08,cabecera_perdida,False,9.090909090909092,160,8,176
HAMMING,20,0.08,cabecera_perdida,False,9.090909090909092,160,8,176
HAMMING,20,0.08,cabecera_perdida,False,9.090909090909092,160,8,176
HAMMING,20,0.08,no_corregible,False,9.090909090909092,160,8,176
HAMMING,20,0.08,ok,False,9.090909090909092,160,8,176
HAMMING,20,0.08,ok_paridad,False,9.090909090909092,160,8,176
HAMMING,20,0.08,cabecera_perdida,False,9.090909090909092,160,8,176
HAMMING,20,0.08,corregido,False,9.090909090909092,160,8,176
HAMMING,20,0.08,cabecera_perdida,False,9.090909090909092,160,8,176
HAMMING,20,0.08,no_corregible,False,9.090909090909092,160,8,176
HAMMING,20,0.08,no_corregible,False,9.090909090909092,160,8,176
HAMMING,20,0.08,no_corregible,False,9.090909090909092,160,8,176
HAMMING,20,0.08,corregido,False,9.090909090909092,160,8,176
HAMMING,20,0.08,corregido,False,9.090909090909092,160,8,176
HAMMING,20,0.08,cabecera_perdida,False,9.090909090909092,160,8,176
HAMMING,20,0.08,no_corregible,False,9.090909090909092,160,8,176
HAMMING,20,0.08,cabecera_perdida,False,9.090909090909092,160,8,176
HAMMING,20,0.08,no_corregible,False,9.090909090909092,160,8,176
HAMMING,20,0.08,cabecera_perdida,False,9.090909090909092,160,8,176
HAMMING,20,0.08,cabecera_perdida,False,9.090909090909092,160,8,176
HAMMING,20,0.08,cabecera_perdida,False,9.090909090909092,160,8,176
HAMMING,20,0.08,no_corregible,False,9.090909090909092,160,8,176
HAMMING,20,0.08,corregido,False,9.090909090909092,160,8,176
HAMMING,20,0.08,corregido,False,9.090909090909092,160,8,176
HAMMING,20,0.08,cabecera_perdida,False,9.090909090909092,160,8,176
HAMMING,20,0.08,cabecera_perdida,False,9.090909090909092,160,8,176
HAMMING,20,0.08,no_corregible,False,9.090909090909092,160,8,176
HAMMING,20,0.08,corregido,False,9.090909090909092,160,8,176
HAMMING,20,0.08,corregido,False,9.090909090909092,160,8,176
HAMMING,20,0.08,ok,False,9.090909090909092,160,8,176
HAMMING,20,0.08,no_corregible,False,9.090909090909092,160,8,176
HAMMING,20,0.08,corregido,False,9.090909090909092,160,8,176
HAMMING,20,0.08,corregido,False,9.090909090909092,160,8,176
HAMMING,20,0.08,corregido,False,9.090909090909092,160,8,176
HAMMING,20,0.08,corregido,False,9.090909090909092,160,8,176
HAMMING,20,0.08,cabecera_perdida,False,9.090909090909092,160,8,176
HAMMING,20,0.08,corregido,False,9.090909090909092,160,8,176
HAMMING,20,0.08,cabecera_perdida,False,9.090909090909092,160,8,176
HAMMING,20,0.08,no_corregible,False,9.090909090909092,160,8,176
HAMMING,20,0.08,cabecera_perdida,False,9.090909090909092,160,8,176
HAMMING,20,0.08,cabecera_perdida,False,9.090909090909092,160,8,176
HAMMING,20,0.08,corregido,False,9.090909090909092,160,8,176
HAMMING,20,0.08,no_corregible,False,9.090909090909092,160,8,176
HAMMING,20,0.08,corregido,False,9.090909090909092,160,8,176
HAMMING,20,0.08,cabecera_perdida,False,9.090909090909092,160,8,176
HAMMING,20,0.08,corregido,False,9.090909090909092,160,8,176
HAMMING,20,0.08,corregido,False,9.090909090909092,160,8,176
HAMMING,20,0.08,cabecera_perdida,False,9.090909090909092,160,8,176
HAMMING,20,0.08,corregido,False,9.090909090909092,160,8,176
HAMMING,20,0.08,cabecera_perdida,False,9.090909090909092,160,8,176
HAMMING,20,0.08,no_corregible,False,9.090909090909092,160,8,176
HAMMING,20,0.08,cabecera_perdida,False,9.090909090909092,160,8,176
HAMMING,20,0.08,cabecera_perdida,False,9.090909090909092,160,8,176
HAMMING,20,0.08,cabecera_perdida,False,9.090909090909092,160,8,176
HAMMING,20,0.08,cabecera_perdida,False,9.090909090909092,160,8,176
HAMMING,20,0.08,corregido,False,9.090909090909092,160,8,176
HAMMING,20,0.08,no_corregible,False,9.090909090909092,160,8,176
HAMMING,20,0.08,cabecera_perdida,False,9.090909090909092,160,8,176
HAMMING,20,0.08,corregido,False,9.090909090909092,160,8,176
HAMMING,20,0.08,cabecera_perdida,False,9.090909090909092,160,8,176
HAMMING,20,0.08,corregido,False,9.090909090909092,160,8,176
HAMMING,20,0.08,cabecera_perdida,False,9.090909090909092,160,8,176
HAMMING,20,0.08,no_corregible,False,9.090909090909092,160,8,176
HAMMING,20,0.08,corregido,False,9.090909090909092,160,8,176
HAMMING,20,0.08,corregido,False,9.090909090909092,160,8,176
HAMMING,20,0.08,cabecera_perdida,False,9.090909090909092,160,8,176
HAMMING,20,0.08,cabecera_perdida,False,9.090909090909092,160,8,176
HAMMING,20,0.08,no_corregible,False,9.090909090909092,160,8,176
HAMMING,20,0.08,corregido,False,9.090909090909092,160,8,176
HAMMING,20,0.08,corregido,False,9.090909090909092,160,8,176
HAMMING,20,0.08,corregido,False,9.090909090909092,160,8,176
HAMMING,20,0.08,no_corregible,False,9.090909090909092,160,8,176
HAMMING,20,0.08,corregido,False,9.090909090909092,160,8,176
HAMMING,20,0.08,no_corregible,False,9.090909090909092,160,8,176
HAMMING,20,0.08,cabecera_perdida,False,9.090909090909092,160,8,176
HAMMING,20,0.08,cabecera_perdida,False,9.090909090909092,160,8,176
HAMMING,20,0.08,corregido,False,9.090909090909092,160,8,176
HAMMING,20,0.08,no_corregible,False,9.090909090909092,160,8,176
HAMMING,20,0.08,no_corregible,False,9.090909090909092,160,8,176
HAMMING,20,0.08,cabecera_perdida,False,9.090909090909092,160,8,176
HAMMING,20,0.08,corregido,False,9.090909090909092,160,8,176
HAMMING,20,0.08,cabecera_perdida,False,9.090909090909092,160,8,176
HAMMING,20,0.08,cabecera_perdida,False,9.090909090909092,160,8,176
HAMMING,20,0.08,cabecera_perdida,False,9.090909090909092,160,8,176
HAMMING,20,0.08,corregido,False,9.090909090909092,160,8,176
HAMMING,20,0.08,cabecera_perdida,False,9.090909090909092,160,8,176
HAMMING,20,0.08,cabecera_perdida,False,9.090909090909092,160,8,176
HAMMING,20,0.08,cabecera_perdida,False,9.090909090909092,160,8,176
HAMMING,20,0.1,cabecera_perdida,False,9.090909090909092,160,8,176
HAMMING,20,0.1,cabecera_perdida,False,9.090909090909092,160,8,176
HAMMING,20,0.1,no_corregible,False,9.090909090909092,160,8,176
HAMMING,20,0.1,cabecera_perdida,False,9.090909090909092,160,8,176
HAMMING,20,0.1,cabecera_perdida,False,9.090909090909092,160,8,176
HAMMING,20,0.1,corregido,False,9.090909090909092,160,8,176
HAMMING,20,0.1,cabecera_perdida,False,9.090909090909092,160,8,176
HAMMING,20,0.1,cabecera_perdida,False,9.090909090909092,160,8,176
HAMMING,20,0.1,corregido,False,9.090909090909092,160,8,176
HAMMING,20,0.1,no_corregible,False,9.090909090909092,160,8,176
HAMMING,20,0.1,cabecera_perdida,False,9.090909090909092,160,8,176
HAMMING,20,0.1,cabecera_perdida,False,9.090909090909092,160,8,176
HAMMING,20,0.1,no_corregible,False,9.090909090909092,160,8,176
HAMMING,20,0.1,ok_paridad,False,9.090909090909092,160,8,176
HAMMING,20,0.1,corregido,False,9.090909090909092,160,8,176
HAMMING,20,0.1,no_corregible,False,9.090909090909092,160,8,176
HAMMING,20,0.1,no_corregible,False,9.090909090909092,160,8,176
HAMMING,20,0.1,cabecera_perdida,False,9.090909090909092,160,8,176
HAMMING,20,0.1,cabecera_perdida,False,9.090909090909092,160,8,176
HAMMING,20,0.1,cabecera_perdida,False,9.090909090909092,160,8,176
HAMMING,20,0.1,corregido,False,9.090909090909092,160,8,176
HAMMING,20,0.1,corregido,False,9.090909090909092,160,8,176
HAMMING,20,0.1,cabecera_perdida,False,9.090909090909092,160,8,176
HAMMING,20,0.1,no_corregible,False,9.090909090909092,160,8,176
HAMMING,20,0.1,corregido,False,9.090909090909092,160,8,176
HAMMING,20,0.1,cabecera_perdida,False,9.090909090909092,160,8,176
HAMMING,20,0.1,no_corregible,False,9.090909090909092,160,8,176
HAMMING,20,0.1,corregido,False,9.090909090909092,160,8,176
HAMMING,20,0.1,corregido,False,9.090909090909092,160,8,176
HAMMING,20,0.1,no_corregible,False,9.090909090909092,160,8,176
HAMMING,20,0.1,no_corregible,False,9.090909090909092,160,8,176
HAMMING,20,0.1,cabecera_perdida,False,9.090909090909092,160,8,176
HAMMING,20,0.1,cabecera_perdida,False,9.090909090909092,160,8,176
HAMMING,20,0.1,no_corregible,False,9.090909090909092,160,8,176
HAMMING,20,0.1,no_corregible,False,9.090909090909092,160,8,176
HAMMING,20,0.1,cabecera_perdida,False,9.090909090909092,160,8,176
HAMMING,20,0.1,cabecera_perdida,False,9.090909090909092,160,8,176
HAMMING,20,0.1,cabecera_perdida,False,9.090909090909092,160,8,176
HAMMING,20,0.1,corregido,False,9.090909090909092,160,8,176
HAMMING,20,0.1,cabecera_perdida,False,9.090909090909092,160,8,176
HAMMING,20,0.1,corregido,False,9.090909090909092,160,8,176
HAMMING,20,0.1,cabecera_perdida,False,9.090909090909092,160,8,176
HAMMING,20,0.1,ok_paridad,False,9.090909090909092,160,8,176
HAMMING,20,0.1,cabecera_perdida,False,9.090909090909092,160,8,176
HAMMING,20,0.1,no_corregible,False,9.090909090909092,160,8,176
HAMMING,20,0.1,cabecera_perdida,False,9.090909090909092,160,8,176
HAMMING,20,0.1,cabecera_perdida,False,9.090909090909092,160,8,176
HAMMING,20,0.1,no_corregible,False,9.090909090909092,160,8,176
HAMMING,20,0.1,detectado_no_corregido,False,9.090909090909092,160,8,176
HAMMING,20,0.1,corregido,False,9.090909090909092,160,8,176
HAMMING,20,0.1,no_corregible,False,9.090909090909092,160,8,176
HAMMING,20,0.1,cabecera_perdida,False,9.090909090909092,160,8,176
HAMMING,20,0.1,corregido,False,9.090909090909092,160,8,176
HAMMING,20,0.1,cabecera_perdida,False,9.090909090909092,160,8,176
HAMMING,20,0.1,corregido,False,9.090909090909092,160,8,176
HAMMING,20,0.1,cabecera_perdida,False,9.090909090909092,160,8,176
HAMMING,20,0.1,no_corregible,False,9.090909090909092,160,8,176
HAMMING,20,0.1,cabecera_perdida,False,9.090909090909092,160,8,176
HAMMING,20,0.1,cabecera_perdida,False,9.090909090909092,160,8,176
HAMMING,20,0.1,cabecera_perdida,False,9.090909090909092,160,8,176
HAMMING,20,0.1,cabecera_perdida,False,9.090909090909092,160,8,176
HAMMING,20,0.1,cabecera_perdida,False,9.090909090909092,160,8,176
HAMMING,20,0.1,cabecera_perdida,False,9.090909090909092,160,8,176
HAMMING,20,0.1,cabecera_perdida,False,9.090909090909092,160,8,176
HAMMING,20,0.1,cabecera_perdida,False,9.090909090909092,160,8,176
HAMMING,20,0.1,cabecera_perdida,False,9.090909090909092,160,8,176
HAMMING,20,0.1,cabecera_perdida,False,9.090909090909092,160,8,176
HAMMING,20,0.1,cabecera_perdida,False,9.090909090909092,160,8,176
HAMMING,20,0.1,cabecera_perdida,False,9.090909090909092,160,8,176
HAMMING,20,0.1,corregido,False,9.090909090909092,160,8,176
HAMMING,20,0.1,no_corregible,False,9.090909090909092,160,8,176
HAMMING,20,0.1,no_corregible,False,9.090909090909092,160,8,176
HAMMING,20,0.1,corregido,False,9.090909090909092,160,8,176
HAMMING,20,0.1,cabecera_perdida,False,9.090909090909092,160,8,176
HAMMING,20,0.1,cabecera_perdida,False,9.090909090909092,160,8,176
HAMMING,20,0.1,corregido,False,9.090909090909092,160,8,176
HAMMING,20,0.1,cabecera_perdida,False,9.090909090909092,160,8,176
HAMMING,20,0.1,cabecera_perdida,False,9.090909090909092,160,8,176
HAMMING,20,0.1,cabecera_perdida,False,9.090909090909092,160,8,176
HAMMING,20,0.1,cabecera_perdida,False,9.090909090909092,160,8,176
HAMMING,20,0.1,corregido,False,9.090909090909092,160,8,176
HAMMING,20,0.1,no_corregible,False,9.090909090909092,160,8,176
HAMMING,20,0.1,no_corregible,False,9.090909090909092,160,8,176
HAMMING,20,0.1,cabecera_perdida,False,9.090909090909092,160,8,176
HAMMING,20,0.1,corregido,False,9.090909090909092,160,8,176
HAMMING,20,0.1,cabecera_perdida,False,9.090909090909092,160,8,176
HAMMING,20,0.1,corregido,False,9.090909090909092,160,8,176
HAMMING,20,0.1,cabecera_perdida,False,9.090909090909092,160,8,176
HAMMING,20,0.1,cabecera_perdida,False,9.090909090909092,160,8,176
HAMMING,20,0.1,corregido,False,9.090909090909092,160,8,176
HAMMING,20,0.1,corregido,False,9.090909090909092,160,8,176
HAMMING,20,0.1,cabecera_perdida,False,9.090909090909092,160,8,176
HAMMING,20,0.1,cabecera_perdida,False,9.090909090909092,160,8,176
HAMMING,20,0.1,cabecera_perdida,False,9.090909090909092,160,8,176
HAMMING,20,0.1,cabecera_perdida,False,9.090909090909092,160,8,176
HAMMING,20,0.1,no_corregible,False,9.090909090909092,160,8,176
HAMMING,20,0.1,corregido,False,9.090909090909092,160,8,176
HAMMING,20,0.1,cabecera_perdida,False,9.090909090909092,160,8,176
HAMMING,20,0.1,cabecera_perdida,False,9.090909090909092,160,8,176
HAMMING,20,0.1,cabecera_perdida,False,9.090909090909092,160,8,176
HAMMING,20,0.1,cabecera_perdida,False,9.090909090909092,160,8,176
HAMMING,20,0.1,cabecera_perdida,False,9.090909090909092,160,8,176
HAMMING,20,0.1,cabecera_perdida,False,9.090909090909092,160,8,176
HAMMING,20,0.1,corregido,False,9.090909090909092,160,8,176
HAMMING,20,0.1,cabecera_perdida,False,9.090909090909092,160,8,176
HAMMING,20,0.1,corregido,False,9.090909090909092,160,8,176
HAMMING,20,0.1,cabecera_perdida,False,9.090909090909092,160,8,176
HAMMING,20,0.1,cabecera_perdida,False,9.090909090909092,160,8,176
HAMMING,20,0.1,ok_paridad,False,9.090909090909092,160,8,176
HAMMING,20,0.1,cabecera_perdida,False,9.090909090909092,160,8,176
HAMMING,20,0.1,cabecera_perdida,False,9.090909090909092,160,8,176
HAMMING,20,0.1,cabecera_perdida,False,9.090909090909092,160,8,176
HAMMING,20,0.1,corregido,False,9.090909090909092,160,8,176
HAMMING,20,0.1,corregido,False,9.090909090909092,160,8,176
HAMMING,20,0.1,cabecera_perdida,False,9.090909090909092,160,8,176
HAMMING,20,0.1,detectado_no_corregido,False,9.090909090909092,160,8,176
HAMMING,20,0.1,no_corregible,False,9.090909090909092,160,8,176
HAMMING,20,0.1,cabecera_perdida,False,9.090909090909092,160,8,176
HAMMING,20,0.1,cabecera_perdida,False,9.090909090909092,160,8,176
HAMMING,20,0.1,cabecera_perdida,False,9.090909090909092,160,8,176
HAMMING,20,0.1,corregido,False,9.090909090909092,160,8,176
HAMMING,20,0.1,corregido,False,9.090909090909092,160,8,176
HAMMING,20,0.1,cabecera_perdida,False,9.090909090909092,160,8,176
HAMMING,20,0.1,corregido,False,9.090909090909092,160,8,176
HAMMING,20,0.1,cabecera_perdida,False,9.090909090909092,160,8,176
HAMMING,20,0.1,cabecera_perdida,False,9.090909090909092,160,8,176
HAMMING,20,0.1,cabecera_perdida,False,9.090909090909092,160,8,176
HAMMING,20,0.1,corregido,False,9.090909090909092,160,8,176
HAMMING,20,0.1,corregido,False,9.090909090909092,160,8,176
HAMMING,20,0.1,corregido,False,9.090909090909092,160,8,176
HAMMING,20,0.1,ok_paridad,False,9.090909090909092,160,8,176
HAMMING,20,0.1,cabecera_perdida,False,9.090909090909092,160,8,176
HAMMING,20,0.1,cabecera_perdida,False,9.090909090909092,160,8,176
HAMMING,20,0.1,cabecera_perdida,False,9.090909090909092,160,8,176
HAMMING,20,0.1,cabecera_perdida,False,9.090909090909092,160,8,176
HAMMING,20,0.1,cabecera_perdida,False,9.090909090909092,160,8,176
HAMMING,20,0.1,cabecera_perdida,False,9.090909090909092,160,8,176
HAMMING,20,0.1,corregido,False,9.090909090909092,160,8,176
HAMMING,20,0.1,cabecera_perdida,False,9.090909090909092,160,8,176
HAMMING,20,0.1,corregido,False,9.090909090909092,160,8,176
HAMMING,20,0.1,corregido,False,9.090909090909092,160,8,176
HAMMING,20,0.1,corregido,False,9.090909090909092,160,8,176
HAMMING,20,0.1,corregido,False,9.090909090909092,160,8,176
HAMMING,20,0.1,corregido,False,9.090909090909092,160,8,176
HAMMING,20,0.1,cabecera_perdida,False,9.090909090909092,160,8,176
HAMMING,20,0.1,cabecera_perdida,False,9.090909090909092,160,8,176
HAMMING,20,0.1,cabecera_perdida,False,9.090909090909092,160,8,176
HAMMING,20,0.1,no_corregible,False,9.090909090909092,160,8,176
HAMMING,20,0.1,cabecera_perdida,False,9.090909090909092,160,8,176
HAMMING,20,0.1,cabecera_perdida,False,9.090909090909092,160,8,176
CRC32,50,0.0,ok,True,9.090909090909092,400,32,440
CRC32,50,0.0,ok,True,9.090909090909092,400,32,440
CRC32,50,0.0,ok,True,9.090909090909092,400,32,440
CRC32,50,0.0,ok,True,9.090909090909092,400,32,440
CRC32,50,0.0,ok,True,9.090909090909092,400,32,440
CRC32,50,0.0,ok,True,9.090909090909092,400,32,440
CRC32,50,0.0,ok,True,9.090909090909092,400,32,440
CRC32,50,0.0,ok,True,9.090909090909092,400,32,440
CRC32,50,0.0,ok,True,9.090909090909092,400,32,440
CRC32,50,0.0,ok,True,9.090909090909092,400,32,440
CRC32,50,0.0,ok,True,9.090909090909092,400,32,440
CRC32,50,0.0,ok,True,9.090909090909092,400,32,440
CRC32,50,0.0,ok,True,9.090909090909092,400,32,440
CRC32,50,0.0,ok,True,9.090909090909092,400,32,440
CRC32,50,0.0,ok,True,9.090909090909092,400,32,440
CRC32,50,0.0,ok,True,9.090909090909092,400,32,440
CRC32,50,0.0,ok,True,9.090909090909092,400,32,440
CRC32,50,0.0,ok,True,9.090909090909092,400,32,440
CRC32,50,0.0,ok,True,9.090909090909092,400,32,440
CRC32,50,0.0,ok,True,9.090909090909092,400,32,440
CRC32,50,0.0,ok,True,9.090909090909092,400,32,440
CRC32,50,0.0,ok,True,9.090909090909092,400,32,440
CRC32,50,0.0,ok,True,9.090909090909092,400,32,440
CRC32,50,0.0,ok,True,9.090909090909092,400,32,440
CRC32,50,0.0,ok,True,9.090909090909092,400,32,440
CRC32,50,0.0,ok,True,9.090909090909092,400,32,440
CRC32,50,0.0,ok,True,9.090909090909092,400,32,440
CRC32,50,0.0,ok,True,9.090909090909092,400,32,440
CRC32,50,0.0,ok,True,9.090909090909092,400,32,440
CRC32,50,0.0,ok,True,9.090909090909092,400,32,440
CRC32,50,0.0,ok,True,9.090909090909092,400,32,440
CRC32,50,0.0,ok,True,9.090909090909092,400,32,440
CRC32,50,0.0,ok,True,9.090909090909092,400,32,440
CRC32,50,0.0,ok,True,9.090909090909092,400,32,440
CRC32,50,0.0,ok,True,9.090909090909092,400,32,440
CRC32,50,0.0,ok,True,9.090909090909092,400,32,440
CRC32,50,0.0,ok,True,9.090909090909092,400,32,440
CRC32,50,0.0,ok,True,9.090909090909092,400,32,440
CRC32,50,0.0,ok,True,9.090909090909092,400,32,440
CRC32,50,0.0,ok,True,9.090909090909092,400,32,440
CRC32,50,0.0,ok,True,9.090909090909092,400,32,440
CRC32,50,0.0,ok,True,9.090909090909092,400,32,440
CRC32,50,0.0,ok,True,9.090909090909092,400,32,440
CRC32,50,0.0,ok,True,9.090909090909092,400,32,440
CRC32,50,0.0,ok,True,9.090909090909092,400,32,440
CRC32,50,0.0,ok,True,9.090909090909092,400,32,440
CRC32,50,0.0,ok,True,9.090909090909092,400,32,440
CRC32,50,0.0,ok,True,9.090909090909092,400,32,440
CRC32,50,0.0,ok,True,9.090909090909092,400,32,440
CRC32,50,0.0,ok,True,9.090909090909092,400,32,440
CRC32,50,0.0,ok,True,9.090909090909092,400,32,440
CRC32,50,0.0,ok,True,9.090909090909092,400,32,440
CRC32,50,0.0,ok,True,9.090909090909092,400,32,440
CRC32,50,0.0,ok,True,9.090909090909092,400,32,440
CRC32,50,0.0,ok,True,9.090909090909092,400,32,440
CRC32,50,0.0,ok,True,9.090909090909092,400,32,440
CRC32,50,0.0,ok,True,9.090909090909092,400,32,440
CRC32,50,0.0,ok,True,9.090909090909092,400,32,440
CRC32,50,0.0,ok,True,9.090909090909092,400,32,440
CRC32,50,0.0,ok,True,9.090909090909092,400,32,440
CRC32,50,0.0,ok,True,9.090909090909092,400,32,440
CRC32,50,0.0,ok,True,9.090909090909092,400,32,440
CRC32,50,0.0,ok,True,9.090909090909092,400,32,440
CRC32,50,0.0,ok,True,9.090909090909092,400,32,440
CRC32,50,0.0,ok,True,9.090909090909092,400,32,440
CRC32,50,0.0,ok,True,9.090909090909092,400,32,440
CRC32,50,0.0,ok,True,9.090909090909092,400,32,440
CRC32,50,0.0,ok,True,9.090909090909092,400,32,440
CRC32,50,0.0,ok,True,9.090909090909092,400,32,440
CRC32,50,0.0,ok,True,9.090909090909092,400,32,440
CRC32,50,0.0,ok,True,9.090909090909092,400,32,440
CRC32,50,0.0,ok,True,9.090909090909092,400,32,440
CRC32,50,0.0,ok,True,9.090909090909092,400,32,440
CRC32,50,0.0,ok,True,9.090909090909092,400,32,440
CRC32,50,0.0,ok,True,9.090909090909092,400,32,440
CRC32,50,0.0,ok,True,9.090909090909092,400,32,440
CRC32,50,0.0,ok,True,9.090909090909092,400,32,440
CRC32,50,0.0,ok,True,9.090909090909092,400,32,440
CRC32,50,0.0,ok,True,9.090909090909092,400,32,440
CRC32,50,0.0,ok,True,9.090909090909092,400,32,440
CRC32,50,0.0,ok,True,9.090909090909092,400,32,440
CRC32,50,0.0,ok,True,9.090909090909092,400,32,440
CRC32,50,0.0,ok,True,9.090909090909092,400,32,440
CRC32,50,0.0,ok,True,9.090909090909092,400,32,440
CRC32,50,0.0,ok,True,9.090909090909092,400,32,440
CRC32,50,0.0,ok,True,9.090909090909092,400,32,440
CRC32,50,0.0,ok,True,9.090909090909092,400,32,440
CRC32,50,0.0,ok,True,9.090909090909092,400,32,440
CRC32,50,0.0,ok,True,9.090909090909092,400,32,440
CRC32,50,0.0,ok,True,9.090909090909092,400,32,440
CRC32,50,0.0,ok,True,9.090909090909092,400,32,440
CRC32,50,0.0,ok,True,9.090909090909092,400,32,440
CRC32,50,0.0,ok,True,9.090909090909092,400,32,440
CRC32,50,0.0,ok,True,9.090909090909092,400,32,440
CRC32,50,0.0,ok,True,9.090909090909092,400,32,440
CRC32,50,0.0,ok,True,9.090909090909092,400,32,440
CRC32,50,0.0,ok,True,9.090909090909092,400,32,440
CRC32,50,0.0,ok,True,9.090909090909092,400,32,440
CRC32,50,0.0,ok,True,9.090909090909092,400,32,440
CRC32,50,0.0,ok,True,9.090909090909092,400,32,440
CRC32,50,0.0,ok,True,9.090909090909092,400,32,440
CRC32,50,0.0,ok,True,9.090909090909092,400,32,440
CRC32,50,0.0,ok,True,9.090909090909092,400,32,440
CRC32,50,0.0,ok,True,9.090909090909092,400,32,440
CRC32,50,0.0,ok,True,9.090909090909092,400,32,440
CRC32,50,0.0,ok,True,9.090909090909092,400,32,440
CRC32,50,0.0,ok,True,9.090909090909092,400,32,440
CRC32,50,0.0,ok,True,9.090909090909092,400,32,440
CRC32,50,0.0,ok,True,9.090909090909092,400,32,440
CRC32,50,0.0,ok,True,9.090909090909092,400,32,440
CRC32,50,0.0,ok,True,9.090909090909092,400,32,440
CRC32,50,0.0,ok,True,9.090909090909092,400,32,440
CRC32,50,0.0,ok,True,9.090909090909092,400,32,440
CRC32,50,0.0,ok,True,9.090909090909092,400,32,440
CRC32,50,0.0,ok,True,9.090909090909092,400,32,440
CRC32,50,0.0,ok,True,9.090909090909092,400,32,440
CRC32,50,0.0,ok,True,9.090909090909092,400,32,440
CRC32,50,0.0,ok,True,9.090909090909092,400,32,440
CRC32,50,0.0,ok,True,9.090909090909092,400,32,440
CRC32,50,0.0,ok,True,9.090909090909092,400,32,440
CRC32,50,0.0,ok,True,9.090909090909092,400,32,440
CRC32,50,0.0,ok,True,9.090909090909092,400,32,440
CRC32,50,0.0,ok,True,9.090909090909092,400,32,440
CRC32,50,0.0,ok,True,9.090909090909092,400,32,440
CRC32,50,0.0,ok,True,9.090909090909092,400,32,440
CRC32,50,0.0,ok,True,9.090909090909092,400,32,440
CRC32,50,0.0,ok,True,9.090909090909092,400,32,440
CRC32,50,0.0,ok,True,9.090909090909092,400,32,440
CRC32,50,0.0,ok,True,9.090909090909092,400,32,440
CRC32,50,0.0,ok,True,9.090909090909092,400,32,440
CRC32,50,0.0,ok,True,9.090909090909092,400,32,440
CRC32,50,0.0,ok,True,9.090909090909092,400,32,440
CRC32,50,0.0,ok,True,9.090909090909092,400,32,440
CRC32,50,0.0,ok,True,9.090909090909092,400,32,440
CRC32,50,0.0,ok,True,9.090909090909092,400,32,440
CRC32,50,0.0,ok,True,9.090909090909092,400,32,440
CRC32,50,0.0,ok,True,9.090909090909092,400,32,440
CRC32,50,0.0,ok,True,9.090909090909092,400,32,440
CRC32,50,0.0,ok,True,9.090909090909092,400,32,440
CRC32,50,0.0,ok,True,9.090909090909092,400,32,440
CRC32,50,0.0,ok,True,9.090909090909092,400,32,440
CRC32,50,0.0,ok,True,9.090909090909092,400,32,440
CRC32,50,0.0,ok,True,9.090909090909092,400,32,440
CRC32,50,0.0,ok,True,9.090909090909092,400,32,440
CRC32,50,0.0,ok,True,9.090909090909092,400,32,440
CRC32,50,0.0,ok,True,9.090909090909092,400,32,440
CRC32,50,0.0,ok,True,9.090909090909092,400,32,440
CRC32,50,0.0,ok,True,9.090909090909092,400,32,440
CRC32,50,0.0,ok,True,9.090909090909092,400,32,440
CRC32,50,0.0,ok,True,9.090909090909092,400,32,440
CRC32,50,0.001,detectado_no_corregido,False,9.090909090909092,400,32,440
CRC32,50,0.001,ok,True,9.090909090909092,400,32,440
CRC32,50,0.001,ok,True,9.090909090909092,400,32,440
CRC32,50,0.001,ok,True,9.090909090909092,400,32,440
CRC32,50,0.001,ok,True,9.090909090909092,400,32,440
CRC32,50,0.001,ok,True,9.090909090909092,400,32,440
CRC32,50,0.001,detectado_no_corregido,False,9.090909090909092,400,32,440
CRC32,50,0.001,ok,True,9.090909090909092,400,32,440
CRC32,50,0.001,detectado_no_corregido,False,9.090909090909092,400,32,440
CRC32,50,0.001,detectado_no_corregido,False,9.090909090909092,400,32,440
CRC32,50,0.001,ok,True,9.090909090909092,400,32,440
CRC32,50,0.001,ok,True,9.090909090909092,400,32,440
CRC32,50,0.001,ok,True,9.090909090909092,400,32,440
CRC32,50,0.001,ok,True,9.090909090909092,400,32,440
CRC32,50,0.001,ok,True,9.090909090909092,400,32,440
CRC32,50,0.001,ok,True,9.090909090909092,400,32,440
CRC32,50,0.001,ok,True,9.090909090909092,400,32,440
CRC32,50,0.001,ok,True,9.090909090909092,400,32,440
CRC32,50,0.001,ok,True,9.090909090909092,400,32,440
CRC32,50,0.001,ok,True,9.090909090909092,400,32,440
CRC32,50,0.001,detectado_no_corregido,False,9.090909090909092,400,32,440
CRC32,50,0.001,detectado_no_corregido,False,9.090909090909092,400,32,440
CRC32,50,0.001,ok,True,9.090909090909092,400,32,440
CRC32,50,0.001,detectado_no_corregido,False,9.090909090909092,400,32,440
CRC32,50,0.001,detectado_no_corregido,False,9.090909090909092,400,32,440
CRC32,50,0.001,ok,True,9.090909090909092,400,32,440
CRC32,50,0.001,detectado_no_corregido,False,9.090909090909092,400,32,440
CRC32,50,0.001,detectado_no_corregido,False,9.090909090909092,400,32,440
CRC32,50,0.001,detectado_no_corregido,False,9.090909090909092,400,32,440
CRC32,50,0.001,ok,True,9.090909090909092,400,32,440
CRC32,50,0.001,detectado_no_corregido,False,9.090909090909092,400,32,440
CRC32,50,0.001,detectado_no_corregido,False,9.090909090909092,400,32,440
CRC32,50,0.001,detectado_no_corregido,False,9.090909090909092,400,32,440
CRC32,50,0.001,ok,True,9.090909090909092,400,32,440
CRC32,50,0.001,detectado_no_corregido,False,9.090909090909092,400,32,440
CRC32,50,0.001,ok,True,9.090909090909092,400,32,440
CRC32,50,0.001,detectado_no_corregido,False,9.090909090909092,400,32,440
CRC32,50,0.001,ok,True,9.090909090909092,400,32,440
CRC32,50,0.001,ok,True,9.090909090909092,400,32,440
CRC32,50,0.001,detectado_no_corregido,False,9.090909090909092,400,32,440
CRC32,50,0.001,ok,True,9.090909090909092,400,32,440
CRC32,50,0.001,ok,True,9.090909090909092,400,32,440
CRC32,50,0.001,detectado_no_corregido,False,9.090909090909092,400,32,440
CRC32,50,0.001,ok,True,9.090909090909092,400,32,440
CRC32,50,0.001,ok,True,9.090909090909092,400,32,440
CRC32,50,0.001,ok,True,9.090909090909092,400,32,440
CRC32,50,0.001,detectado_no_corregido,False,9.090909090909092,400,32,440
CRC32,50,0.001,ok,True,9.090909090909092,400,32,440
CRC32,50,0.001,ok,True,9.090909090909092,400,32,440
CRC32,50,0.001,detectado_no_corregido,False,9.090909090909092,400,32,440
CRC32,50,0.001,ok,True,9.090909090909092,400,32,440
CRC32,50,0.001,detectado_no_corregido,False,9.090909090909092,400,32,440
CRC32,50,0.001,ok,True,9.090909090909092,400,32,440
CRC32,50,0.001,ok,True,9.090909090909092,400,32,440
CRC32,50,0.001,detectado_no_corregido,False,9.090909090909092,400,32,440
CRC32,50,0.001,ok,True,9.090909090909092,400,32,440
CRC32,50,0.001,ok,True,9.090909090909092,400,32,440
CRC32,50,0.001,detectado_no_corregido,False,9.090909090909092,400,32,440
CRC32,50,0.001,ok,True,9.090909090909092,400,32,440
CRC32,50,0.001,ok,True,9.090909090909092,400,32,440
CRC32,50,0.001,detectado_no_corregido,False,9.090909090909092,400,32,440
CRC32,50,0.001,cabecera_perdida,False,9.090909090909092,400,32,440
CRC32,50,0.001,ok,True,9.090909090909092,400,32,440
CRC32,50,0.001,detectado_no_corregido,False,9.090909090909092,400,32,440
CRC32,50,0.001,ok,True,9.090909090909092,400,32,440
CRC32,50,0.001,ok,True,9.090909090909092,400,32,440
CRC32,50,0.001,ok,True,9.090909090909092,400,32,440
CRC32,50,0.001,detectado_no_corregido,False,9.090909090909092,400,32,440
CRC32,50,0.001,ok,True,9.090909090909092,400,32,440
CRC32,50,0.001,ok,True,9.090909090909092,400,32,440
CRC32,50,0.001,ok,True,9.090909090909092,400,32,440
CRC32,50,0.001,ok,True,9.090909090909092,400,32,440
CRC32,50,0.001,ok,True,9.090909090909092,400,32,440
CRC32,50,0.001,ok,True,9.090909090909092,400,32,440
CRC32,50,0.001,ok,True,9.090909090909092,400,32,440
CRC32,50,0.001,detectado_no_corregido,False,9.090909090909092,400,32,440
CRC32,50,0.001,ok,True,9.090909090909092,400,32,440
CRC32,50,0.001,ok,True,9.090909090909092,400,32,440
CRC32,50,0.001,ok,True,9.090909090909092,400,32,440
CRC32,50,0.001,detectado_no_corregido,False,9.090909090909092,400,32,440
CRC32,50,0.001,ok,True,9.090909090909092,400,32,440
CRC32,50,0.001,detectado_no_corregido,False,9.090909090909092,400,32,440
CRC32,50,0.001,ok,True,9.090909090909092,400,32,440
CRC32,50,0.001,cabecera_perdida,False,9.090909090909092,400,32,440
CRC32,50,0.001,ok,True,9.090909090909092,400,32,440
CRC32,50,0.001,ok,True,9.090909090909092,400,32,440
CRC32,50,0.001,ok,True,9.090909090909092,400,32,440
CRC32,50,0.001,ok,True,9.090909090909092,400,32,440
CRC32,50,0.001,detectado_no_corregido,False,9.090909090909092,400,32,440
CRC32,50,0.001,ok,True,9.090909090909092,400,32,440
CRC32,50,0.001,ok,True,9.090909090909092,400,32,440
CRC32,50,0.001,ok,True,9.090909090909092,400,32,440
CRC32,50,0.001,detectado_no_corregido,False,9.090909090909092,400,32,440
CRC32,50,0.001,ok,True,9.090909090909092,400,32,440
CRC32,50,0.001,ok,True,9.090909090909092,400,32,440
CRC32,50,0.001,ok,True,9.090909090909092,400,32,440
CRC32,50,0.001,ok,True,9.090909090909092,400,32,440
CRC32,50,0.001,ok,True,9.090909090909092,400,32,440
CRC32,50,0.001,ok,True,9.090909090909092,400,32,440
CRC32,50,0.001,ok,True,9.090909090909092,400,32,440
CRC32,50,0.001,ok,True,9.090909090909092,400,32,440
CRC32,50,0.001,ok,True,9.090909090909092,400,32,440
CRC32,50,0.001,ok,True,9.090909090909092,400,32,440
CRC32,50,0.001,detectado_no_corregido,False,9.090909090909092,400,32,440
CRC32,50,0.001,ok,True,9.090909090909092,400,32,440
CRC32,50,0.001,ok,True,9.090909090909092,400,32,440
CRC32,50,0.001,ok,True,9.090909090909092,400,32,440
CRC32,50,0.001,ok,True,9.090909090909092,400,32,440
CRC32,50,0.001,ok,True,9.090909090909092,400,32,440
CRC32,50,0.001,ok,True,9.090909090909092,400,32,440
CRC32,50,0.001,ok,True,9.090909090909092,400,32,440
CRC32,50,0.001,ok,True,9.090909090909092,400,32,440
CRC32,50,0.001,ok,True,9.090909090909092,400,32,440
CRC32,50,0.001,ok,True,9.090909090909092,400,32,440
CRC32,50,0.001,detectado_no_corregido,False,9.090909090909092,400,32,440
CRC32,50,0.001,ok,True,9.090909090909092,400,32,440
CRC32,50,0.001,ok,True,9.090909090909092,400,32,440
CRC32,50,0.001,ok,True,9.090909090909092,400,32,440
CRC32,50,0.001,detectado_no_corregido,False,9.090909090909092,400,32,440
CRC32,50,0.001,detectado_no_corregido,False,9.090909090909092,400,32,440
CRC32,50,0.001,ok,True,9.090909090909092,400,32,440
CRC32,50,0.001,detectado_no_corregido,False,9.090909090909092,400,32,440
CRC32,50,0.001,ok,True,9.090909090909092,400,32,440
CRC32,50,0.001,detectado_no_corregido,False,9.090909090909092,400,32,440
CRC32,50,0.001,detectado_no_corregido,False,9.090909090909092,400,32,440
CRC32,50,0.001,ok,True,9.090909090909092,400,32,440
CRC32,50,0.001,detectado_no_corregido,False,9.090909090909092,400,32,440
CRC32,50,0.001,ok,True,9.090909090909092,400,32,440
CRC32,50,0.001,ok,True,9.090909090909092,400,32,440
CRC32,50,0.001,detectado_no_corregido,False,9.090909090909092,400,32,440
CRC32,50,0.001,ok,True,9.090909090909092,400,32,440
CRC32,50,0.001,ok,True,9.090909090909092,400,32,440
CRC32,50,0.001,ok,True,9.090909090909092,400,32,440
CRC32,50,0.001,detectado_no_corregido,False,9.090909090909092,400,32,440
CRC32,50,0.001,ok,True,9.090909090909092,400,32,440
CRC32,50,0.001,ok,True,9.090909090909092,400,32,440
CRC32,50,0.001,ok,True,9.090909090909092,400,32,440
CRC32,50,0.001,ok,True,9.090909090909092,400,32,440
CRC32,50,0.001,cabecera_perdida,False,9.090909090909092,400,32,440
CRC32,50,0.001,ok,True,9.090909090909092,400,32,440
CRC32,50,0.001,ok,True,9.090909090909092,400,32,440
CRC32,50,0.001,cabecera_perdida,False,9.090909090909092,400,32,440
CRC32,50,0.001,ok,True,9.090909090909092,400,32,440
CRC32,50,0.001,detectado_no_corregido,False,9.090909090909092,400,32,440
CRC32,50,0.001,detectado_no_corregido,False,9.090909090909092,400,32,440
CRC32,50,0.001,ok,True,9.090909090909092,400,32,440
CRC32,50,0.001,ok,True,9.090909090909092,400,32,440
CRC32,50,0.001,ok,True,9.090909090909092,400,32,440
CRC32,50,0.001,ok,True,9.090909090909092,400,32,440
CRC32,50,0.001,ok,True,9.090909090909092,400,32,440
CRC32,50,0.002,ok,True,9.090909090909092,400,32,440
CRC32,50,0.002,ok,True,9.090909090909092,400,32,440
CRC32,50,0.002,detectado_no_corregido,False,9.090909090909092,400,32,440
CRC32,50,0.002,ok,True,9.090909090909092,400,32,440
CRC32,50,0.002,ok,True,9.090909090909092,400,32,440
CRC32,50,0.002,ok,True,9.090909090909092,400,32,440
CRC32,50,0.002,detectado_no_corregido,False,9.090909090909092,400,32,440
CRC32,50,0.002,detectado_no_corregido,False,9.090909090909092,400,32,440
CRC32,50,0.002,detectado_no_corregido,False,9.090909090909092,400,32,440
CRC32,50,0.002,detectado_no_corregido,False,9.090909090909092,400,32,440
CRC32,50,0.002,ok,True,9.090909090909092,400,32,440
CRC32,50,0.002,ok,True,9.090909090909092,400,32,440
CRC32,50,0.002,detectado_no_corregido,False,9.090909090909092,400,32,440
CRC32,50,0.002,detectado_no_corregido,False,9.090909090909092,400,32,440
CRC32,50,0.002,detectado_no_corregido,False,9.090909090909092,400,32,440
CRC32,50,0.002,detectado_no_corregido,False,9.090909090909092,400,32,440
CRC32,50,0.002,ok,True,9.090909090909092,400,32,440
CRC32,50,0.002,detectado_no_corregido,False,9.090909090909092,400,32,440
CRC32,50,0.002,detectado_no_corregido,False,9.090909090909092,400,32,440
CRC32,50,0.002,detectado_no_corregido,False,9.090909090909092,400,32,440
CRC32,50,0.002,detectado_no_corregido,False,9.090909090909092,400,32,440
CRC32,50,0.002,ok,True,9.090909090909092,400,32,440
CRC32,50,0.002,ok,True,9.090909090909092,400,32,440
CRC32,50,0.002,ok,True,9.090909090909092,400,32,440
CRC32,50,0.002,ok,True,9.090909090909092,400,32,440
CRC32,50,0.002,detectado_no_corregido,False,9.090909090909092,400,32,440
CRC32,50,0.002,ok,True,9.090909090909092,400,32,440
CRC32,50,0.002,detectado_no_corregido,False,9.090909090909092,400,32,440
CRC32,50,0.002,ok,True,9.090909090909092,400,32,440
CRC32,50,0.002,ok,True,9.090909090909092,400,32,440
CRC32,50,0.002,detectado_no_corregido,False,9.090909090909092,400,32,440
CRC32,50,0.002,detectado_no_corregido,False,9.090909090909092,400,32,440
CRC32,50,0.002,detectado_no_corregido,False,9.090909090909092,400,32,440
CRC32,50,0.002,ok,True,9.090909090909092,400,32,440
CRC32,50,0.002,detectado_no_corregido,False,9.090909090909092,400,32,440
CRC32,50,0.002,ok,True,9.090909090909092,400,32,440
CRC32,50,0.002,detectado_no_corregido,False,9.090909090909092,400,32,440
CRC32,50,0.002,ok,True,9.090909090909092,400,32,440
CRC32,50,0.002,ok,True,9.090909090909092,400,32,440
CRC32,50,0.002,detectado_no_corregido,False,9.090909090909092,400,32,440
CRC32,50,0.002,detectado_no_corregido,False,9.090909090909092,400,32,440
CRC32,50,0.002,detectado_no_corregido,False,9.090909090909092,400,32,440
CRC32,50,0.002,ok,True,9.090909090909092,400,32,440
CRC32,50,0.002,ok,True,9.090909090909092,400,32,440
CRC32,50,0.002,ok,True,9.090909090909092,400,32,440
CRC32,50,0.002,detectado_no_corregido,False,9.090909090909092,400,32,440
CRC32,50,0.002,detectado_no_corregido,False,9.090909090909092,400,32,440
CRC32,50,0.002,detectado_no_corregido,False,9.090909090909092,400,32,440
CRC32,50,0.002,ok,True,9.090909090909092,400,32,440
CRC32,50,0.002,detectado_no_corregido,False,9.090909090909092,400,32,440
CRC32,50,0.002,detectado_no_corregido,False,9.090909090909092,400,32,440
CRC32,50,0.002,ok,True,9.090909090909092,400,32,440
CRC32,50,0.002,detectado_no_corregido,False,9.090909090909092,400,32,440
CRC32,50,0.002,ok,True,9.090909090909092,400,32,440
CRC32,50,0.002,ok,True,9.090909090909092,400,32,440
CRC32,50,0.002,detectado_no_corregido,False,9.090909090909092,400,32,440
CRC32,50,0.002,ok,True,9.090909090909092,400,32,440
CRC32,50,0.002,detectado_no_corregido,False,9.090909090909092,400,32,440
CRC32,50,0.002,detectado_no_corregido,False,9.090909090909092,400,32,440
CRC32,50,0.002,ok,True,9.090909090909092,400,32,440
CRC32,50,0.002,detectado_no_corregido,False,9.090909090909092,400,32,440
CRC32,50,0.002,ok,True,9.090909090909092,400,32,440
CRC32,50,0.002,ok,True,9.090909090909092,400,32,440
CRC32,50,0.002,ok,True,9.090909090909092,400,32,440
CRC32,50,0.002,ok,True,9.090909090909092,400,32,440
CRC32,50,0.002,detectado_no_corregido,False,9.090909090909092,400,32,440
CRC32,50,0.002,ok,True,9.090909090909092,400,32,440
CRC32,50,0.002,detectado_no_corregido,False,9.090909090909092,400,32,440
CRC32,50,0.002,ok,True,9.090909090909092,400,32,440
CRC32,50,0.002,detectado_no_corregido,False,9.090909090909092,400,32,440
CRC32,50,0.002,detectado_no_corregido,False,9.090909090909092,400,32,440
CRC32,50,0.002,ok,True,9.090909090909092,400,32,440
CRC32,50,0.002,ok,True,9.090909090909092,400,32,440
CRC32,50,0.002,ok,True,9.090909090909092,400,32,440
CRC32,50,0.002,detectado_no_corregido,False,9.090909090909092,400,32,440
CRC32,50,0.002,ok,True,9.090909090909092,400,32,440
CRC32,50,0.002,ok,True,9.090909090909092,400,32,440
CRC32,50,0.002,ok,True,9.090909090909092,400,32,440
CRC32,50,0.002,ok,True,9.090909090909092,400,32,440
CRC32,50,0.002,detectado_no_corregido,False,9.090909090909092,400,32,440
CRC32,50,0.002,ok,True,9.090909090909092,400,32,440
CRC32,50,0.002,detectado_no_corregido,False,9.090909090909092,400,32,440
CRC32,50,0.002,detectado_no_corregido,False,9.090909090909092,400,32,440
CRC32,50,0.002,ok,True,9.090909090909092,400,32,440
CRC32,50,0.002,detectado_no_corregido,False,9.090909090909092,400,32,440
CRC32,50,0.002,detectado_no_corregido,False,9.090909090909092,400,32,440
CRC32,50,0.002,detectado_no_corregido,False,9.090909090909092,400,32,440
CRC32,50,0.002,ok,True,9.090909090909092,400,32,440
CRC32,50,0.002,ok,True,9.090909090909092,400,32,440
CRC32,50,0.002,ok,True,9.090909090909092,400,32,440
CRC32,50,0.002,ok,True,9.090909090909092,400,32,440
CRC32,50,0.002,detectado_no_corregido,False,9.090909090909092,400,32,440
CRC32,50,0.002,detectado_no_corregido,False,9.090909090909092,400,32,440
CRC32,50,0.002,detectado_no_corregido,False,9.090909090909092,400,32,440
CRC32,50,0.002,detectado_no_corregido,False,9.090909090909092,400,32,440
CRC32,50,0.002,detectado_no_corregido,False,9.090909090909092,400,32,440
CRC32,50,0.002,detectado_no_corregido,False,9.090909090909092,400,32,440
CRC32,50,0.002,detectado_no_corregido,False,9.090909090909092,400,32,440
CRC32,50,0.002,detectado_no_corregido,False,9.090909090909092,400,32,440
CRC32,50,0.002,ok,True,9.090909090909092,400,32,440
CRC32,50,0.002,ok,True,9.090909090909092,400,32,440
CRC32,50,0.002,detectado_no_corregido,False,9.090909090909092,400,32,440
CRC32,50,0.002,detectado_no_corregido,False,9.090909090909092,400,32,440
CRC32,50,0.002,ok,True,9.090909090909092,400,32,440
CRC32,50,0.002,ok,True,9.090909090909092,400,32,440
CRC32,50,0.002,detectado_no_corregido,False,9.090909090909092,400,32,440
CRC32,50,0.002,ok,True,9.090909090909092,400,32,440
CRC32,50,0.002,detectado_no_corregido,False,9.090909090909092,400,32,440
CRC32,50,0.002,detectado_no_corregido,False,9.090909090909092,400,32,440
CRC32,50,0.002,ok,True,9.090909090909092,400,32,440
CRC32,50,0.002,ok,True,9.090909090909092,400,32,440
CRC32,50,0.002,detectado_no_corregido,False,9.090909090909092,400,32,440
CRC32,50,0.002,ok,True,9.090909090909092,400,32,440
CRC32,50,0.002,detectado_no_corregido,False,9.090909090909092,400,32,440
CRC32,50,0.002,ok,True,9.090909090909092,400,32,440
CRC32,50,0.002,detectado_no_corregido,False,9.090909090909092,400,32,440
CRC32,50,0.002,ok,True,9.090909090909092,400,32,440
CRC32,50,0.002,ok,True,9.090909090909092,400,32,440
CRC32,50,0.002,ok,True,9.090909090909092,400,32,440
CRC32,50,0.002,ok,True,9.090909090909092,400,32,440
CRC32,50,0.002,ok,True,9.090909090909092,400,32,440
CRC32,50,0.002,ok,True,9.090909090909092,400,32,440
CRC32,50,0.002,detectado_no_corregido,False,9.090909090909092,400,32,440
CRC32,50,0.002,ok,True,9.090909090909092,400,32,440
CRC32,50,0.002,detectado_no_corregido,False,9.090909090909092,400,32,440
CRC32,50,0.002,detectado_no_corregido,False,9.090909090909092,400,32,440
CRC32,50,0.002,ok,True,9.090909090909092,400,32,440
CRC32,50,0.002,detectado_no_corregido,False,9.090909090909092,400,32,440
CRC32,50,0.002,detectado_no_corregido,False,9.090909090909092,400,32,440
CRC32,50,0.002,detectado_no_corregido,False,9.090909090909092,400,32,440
CRC32,50,0.002,detectado_no_corregido,False,9.090909090909092,400,32,440
CRC32,50,0.002,detectado_no_corregido,False,9.090909090909092,400,32,440
CRC32,50,0.002,ok,True,9.090909090909092,400,32,440
CRC32,50,0.002,detectado_no_corregido,False,9.090909090909092,400,32,440
CRC32,50,0.002,ok,True,9.090909090909092,400,32,440
CRC32,50,0.002,detectado_no_corregido,False,9.090909090909092,400,32,440
CRC32,50,0.002,detectado_no_corregido,False,9.090909090909092,400,32,440
CRC32,50,0.002,detectado_no_corregido,False,9.090909090909092,400,32,440
CRC32,50,0.002,ok,True,9.090909090909092,400,32,440
CRC32,50,0.002,detectado_no_corregido,False,9.090909090909092,400,32,440
CRC32,50,0.002,ok,True,9.090909090909092,400,32,440
CRC32,50,0.002,detectado_no_corregido,False,9.090909090909092,400,32,440
CRC32,50,0.002,ok,True,9.090909090909092,400,32,440
CRC32,50,0.002,ok,True,9.090909090909092,400,32,440
CRC32,50,0.002,ok,True,9.090909090909092,400,32,440
CRC32,50,0.002,detectado_no_corregido,False,9.090909090909092,400,32,440
CRC32,50,0.002,ok,True,9.090909090909092,400,32,440
CRC32,50,0.002,cabecera_perdida,False,9.090909090909092,400,32,440
CRC32,50,0.002,detectado_no_corregido,False,9.090909090909092,400,32,440
CRC32,50,0.002,ok,True,9.090909090909092,400,32,440
CRC32,50,0.005,detectado_no_corregido,False,9.090909090909092,400,32,440
CRC32,50,0.005,cabecera_perdida,False,9.090909090909092,400,32,440
CRC32,50,0.005,detectado_no_corregido,False,9.090909090909092,400,32,440
CRC32,50,0.005,ok,True,9.090909090909092,400,32,440
CRC32,50,0.005,detectado_no_corregido,False,9.090909090909092,400,32,440
CRC32,50,0.005,detectado_no_corregido,False,9.090909090909092,400,32,440
CRC32,50,0.005,detectado_no_corregido,False,9.090909090909092,400,32,440
CRC32,50,0.005,detectado_no_corregido,False,9.090909090909092,400,32,440
CRC32,50,0.005,detectado_no_corregido,False,9.090909090909092,400,32,440
CRC32,50,0.005,detectado_no_corregido,False,9.090909090909092,400,32,440
CRC32,50,0.005,detectado_no_corregido,False,9.090909090909092,400,32,440
CRC32,50,0.005,detectado_no_corregido,False,9.090909090909092,400,32,440
CRC32,50,0.005,detectado_no_corregido,False,9.090909090909092,400,32,440
CRC32,50,0.005,ok,True,9.090909090909092,400,32,440
CRC32,50,0.005,detectado_no_corregido,False,9.090909090909092,400,32,440
CRC32,50,0.005,detectado_no_corregido,False,9.090909090909092,400,32,440
CRC32,50,0.005,detectado_no_corregido,False,9.090909090909092,400,32,440
CRC32,50,0.005,detectado_no_corregido,False,9.090909090909092,400,32,440
CRC32,50,0.005,detectado_no_corregido,False,9.090909090909092,400,32,440
CRC32,50,0.005,detectado_no_corregido,False,9.090909090909092,400,32,440
CRC32,50,0.005,detectado_no_corregido,False,9.090909090909092,400,32,440
CRC32,50,0.005,detectado_no_corregido,False,9.090909090909092,400,32,440
CRC32,50,0.005,detectado_no_corregido,False,9.090909090909092,400,32,440
CRC32,50,0.005,ok,True,9.090909090909092,400,32,440
CRC32,50,0.005,detectado_no_corregido,False,9.090909090909092,400,32,440
CRC32,50,0.005,detectado_no_corregido,False,9.090909090909092,400,32,440
CRC32,50,0.005,detectado_no_corregido,False,9.090909090909092,400,32,440
CRC32,50,0.005,detectado_no_corregido,False,9.090909090909092,400,32,440
CRC32,50,0.005,detectado_no_corregido,False,9.090909090909092,400,32,440
CRC32,50,0.005,detectado_no_corregido,False,9.090909090909092,400,32,440
CRC32,50,0.005,ok,True,9.090909090909092,400,32,440
CRC32,50,0.005,detectado_no_corregido,False,9.090909090909092,400,32,440
CRC32,50,0.005,detectado_no_corregido,False,9.090909090909092,400,32,440
CRC32,50,0.005,detectado_no_corregido,False,9.090909090909092,400,32,440
CRC32,50,0.005,detectado_no_corregido,False,9.090909090909092,400,32,440
CRC32,50,0.005,detectado_no_corregido,False,9.090909090909092,400,32,440
CRC32,50,0.005,detectado_no_corregido,False,9.090909090909092,400,32,440
CRC32,50,0.005,detectado_no_corregido,False,9.090909090909092,400,32,440
CRC32,50,0.005,detectado_no_corregido,False,9.090909090909092,400,32,440
CRC32,50,0.005,detectado_no_corregido,False,9.090909090909092,400,32,440
CRC32,50,0.005,detectado_no_corregido,False,9.090909090909092,400,32,440
CRC32,50,0.005,detectado_no_corregido,False,9.090909090909092,400,32,440
CRC32,50,0.005,detectado_no_corregido,False,9.090909090909092,400,32,440
CRC32,50,0.005,detectado_no_corregido,False,9.090909090909092,400,32,440
CRC32,50,0.005,detectado_no_corregido,False,9.090909090909092,400,32,440
CRC32,50,0.005,detectado_no_corregido,False,9.090909090909092,400,32,440
CRC32,50,0.005,detectado_no_corregido,False,9.090909090909092,400,32,440
CRC32,50,0.005,detectado_no_corregido,False,9.090909090909092,400,32,440
CRC32,50,0.005,detectado_no_corregido,False,9.090909090909092,400,32,440
CRC32,50,0.005,detectado_no_corregido,False,9.090909090909092,400,32,440
CRC32,50,0.005,cabecera_perdida,False,9.090909090909092,400,32,440
CRC32,50,0.005,detectado_no_corregido,False,9.090909090909092,400,32,440
CRC32,50,0.005,detectado_no_corregido,False,9.090909090909092,400,32,440
CRC32,50,0.005,ok,True,9.090909090909092,400,32,440
CRC32,50,0.005,detectado_no_corregido,False,9.090909090909092,400,32,440
CRC32,50,0.005,detectado_no_corregido,False,9.090909090909092,400,32,440
CRC32,50,0.005,detectado_no_corregido,False,9.090909090909092,400,32,440
CRC32,50,0.005,detectado_no_corregido,False,9.090909090909092,400,32,440
CRC32,50,0.005,detectado_no_corregido,False,9.090909090909092,400,32,440
CRC32,50,0.005,detectado_no_corregido,False,9.090909090909092,400,32,440
CRC32,50,0.005,detectado_no_corregido,False,9.090909090909092,400,32,440
CRC32,50,0.005,detectado_no_corregido,False,9.090909090909092,400,32,440
CRC32,50,0.005,ok,True,9.090909090909092,400,32,440
CRC32,50,0.005,ok,True,9.090909090909092,400,32,440
CRC32,50,0.005,ok,True,9.090909090909092,400,32,440
CRC32,50,0.005,detectado_no_corregido,False,9.090909090909092,400,32,440
CRC32,50,0.005,detectado_no_corregido,False,9.090909090909092,400,32,440
CRC32,50,0.005,detectado_no_corregido,False,9.090909090909092,400,32,440
CRC32,50,0.005,detectado_no_corregido,False,9.090909090909092,400,32,440
CRC32,50,0.005,detectado_no_corregido,False,9.090909090909092,400,32,440
CRC32,50,0.005,detectado_no_corregido,False,9.090909090909092,400,32,440
CRC32,50,0.005,detectado_no_corregido,False,9.090909090909092,400,32,440
CRC32,50,0.005,detectado_no_corregido,False,9.090909090909092,400,32,440
CRC32,50,0.005,ok,True,9.090909090909092,400,32,440
CRC32,50,0.005,detectado_no_corregido,False,9.090909090909092,400,32,440
CRC32,50,0.005,detectado_no_corregido,False,9.090909090909092,400,32,440
CRC32,50,0.005,detectado_no_corregido,False,9.090909090909092,400,32,440
CRC32,50,0.005,detectado_no_corregido,False,9.090909090909092,400,32,440
CRC32,50,0.005,detectado_no_corregido,False,9.090909090909092,400,32,440
CRC32,50,0.005,detectado_no_corregido,False,9.090909090909092,400,32,440
CRC32,50,0.005,detectado_no_corregido,False,9.090909090909092,400,32,440
CRC32,50,0.005,detectado_no_corregido,False,9.090909090909092,400,32,440
CRC32,50,0.005,detectado_no_corregido,False,9.090909090909092,400,32,440
CRC32,50,0.005,detectado_no_corregido,False,9.090909090909092,400,32,440
CRC32,50,0.005,detectado_no_corregido,False,9.090909090909092,400,32,440
CRC32,50,0.005,detectado_no_corregido,False,9.090909090909092,400,32,440
CRC32,50,0.005,detectado_no_corregido,False,9.090909090909092,400,32,440
CRC32,50,0.005,ok,True,9.090909090909092,400,32,440
CRC32,50,0.005,detectado_no_corregido,False,9.090909090909092,400,32,440
CRC32,50,0.005,detectado_no_corregido,False,9.090909090909092,400,32,440
CRC32,50,0.005,detectado_no_corregido,False,9.090909090909092,400,32,440
CRC32,50,0.005,detectado_no_corregido,False,9.090909090909092,400,32,440
CRC32,50,0.005,ok,True,9.090909090909092,400,32,440
CRC32,50,0.005,detectado_no_corregido,False,9.090909090909092,400,32,440
CRC32,50,0.005,detectado_no_corregido,False,9.090909090909092,400,32,440
CRC32,50,0.005,detectado_no_corregido,False,9.090909090909092,400,32,440
CRC32,50,0.005,ok,True,9.090909090909092,400,32,440
CRC32,50,0.005,detectado_no_corregido,False,9.090909090909092,400,32,440
CRC32,50,0.005,detectado_no_corregido,False,9.090909090909092,400,32,440
CRC32,50,0.005,detectado_no_corregido,False,9.090909090909092,400,32,440
CRC32,50,0.005,detectado_no_corregido,False,9.090909090909092,400,32,440
CRC32,50,0.005,cabecera_perdida,False,9.090909090909092,400,32,440
CRC32,50,0.005,ok,True,9.090909090909092,400,32,440
CRC32,50,0.005,detectado_no_corregido,False,9.090909090909092,400,32,440
CRC32,50,0.005,detectado_no_corregido,False,9.090909090909092,400,32,440
CRC32,50,0.005,ok,True,9.090909090909092,400,32,440
CRC32,50,0.005,detectado_no_corregido,False,9.090909090909092,400,32,440
CRC32,50,0.005,detectado_no_corregido,False,9.090909090909092,400,32,440
CRC32,50,0.005,detectado_no_corregido,False,9.090909090909092,400,32,440
CRC32,50,0.005,detectado_no_corregido,False,9.090909090909092,400,32,440
CRC32,50,0.005,detectado_no_corregido,False,9.090909090909092,400,32,440
CRC32,50,0.005,detectado_no_corregido,False,9.090909090909092,400,32,440
CRC32,50,0.005,detectado_no_corregido,False,9.090909090909092,400,32,440
CRC32,50,0.005,detectado_no_corregido,False,9.090909090909092,400,32,440
CRC32,50,0.005,detectado_no_corregido,False,9.090909090909092,400,32,440
CRC32,50,0.005,ok,True,9.090909090909092,400,32,440
CRC32,50,0.005,detectado_no_corregido,False,9.090909090909092,400,32,440
CRC32,50,0.005,detectado_no_corregido,False,9.090909090909092,400,32,440
CRC32,50,0.005,detectado_no_corregido,False,9.090909090909092,400,32,440
CRC32,50,0.005,detectado_no_corregido,False,9.090909090909092,400,32,440
CRC32,50,0.005,detectado_no_corregido,False,9.090909090909092,400,32,440
CRC32,50,0.005,detectado_no_corregido,False,9.090909090909092,400,32,440
CRC32,50,0.005,detectado_no_corregido,False,9.090909090909092,400,32,440
CRC32,50,0.005,detectado_no_corregido,False,9.090909090909092,400,32,440
CRC32,50,0.005,detectado_no_corregido,False,9.090909090909092,400,32,440
CRC32,50,0.005,detectado_no_corregido,False,9.090909090909092,400,32,440
CRC32,50,0.005,detectado_no_corregido,False,9.090909090909092,400,32,440
CRC32,50,0.005,detectado_no_corregido,False,9.090909090909092,400,32,440
CRC32,50,0.005,ok,True,9.090909090909092,400,32,440
CRC32,50,0.005,ok,True,9.090909090909092,400,32,440
CRC32,50,0.005,detectado_no_corregido,False,9.090909090909092,400,32,440
CRC32,50,0.005,detectado_no_corregido,False,9.090909090909092,400,32,440
CRC32,50,0.005,detectado_no_corregido,False,9.090909090909092,400,32,440
CRC32,50,0.005,detectado_no_corregido,False,9.090909090909092,400,32,440
CRC32,50,0.005,detectado_no_corregido,False,9.090909090909092,400,32,440
CRC32,50,0.005,ok,True,9.090909090909092,400,32,440
CRC32,50,0.005,detectado_no_corregido,False,9.090909090909092,400,32,440
CRC32,50,0.005,detectado_no_corregido,False,9.090909090909092,400,32,440
CRC32,50,0.005,detectado_no_corregido,False,9.090909090909092,400,32,440
CRC32,50,0.005,ok,True,9.090909090909092,400,32,440
CRC32,50,0.005,ok,True,9.090909090909092,400,32,440
CRC32,50,0.005,cabecera_perdida,False,9.090909090909092,400,32,440
CRC32,50,0.005,detectado_no_corregido,False,9.090909090909092,400,32,440
CRC32,50,0.005,ok,True,9.090909090909092,400,32,440
CRC32,50,0.005,detectado_no_corregido,False,9.090909090909092,400,32,440
CRC32,50,0.005,detectado_no_corregido,False,9.090909090909092,400,32,440
CRC32,50,0.005,detectado_no_corregido,False,9.090909090909092,400,32,440
CRC32,50,0.005,detectado_no_corregido,False,9.090909090909092,400,32,440
CRC32,50,0.005,cabecera_perdida,False,9.090909090909092,400,32,440
CRC32,50,0.005,detectado_no_corregido,False,9.090909090909092,400,32,440
CRC32,50,0.01,detectado_no_corregido,False,9.090909090909092,400,32,440
CRC32,50,0.01,detectado_no_corregido,False,9.090909090909092,400,32,440
CRC32,50,0.01,detectado_no_corregido,False,9.090909090909092,400,32,440
CRC32,50,0.01,detectado_no_corregido,False,9.090909090909092,400,32,440
CRC32,50,0.01,detectado_no_corregido,False,9.090909090909092,400,32,440
CRC32,50,0.01,cabecera_perdida,False,9.090909090909092,400,32,440
CRC32,50,0.01,detectado_no_corregido,False,9.090909090909092,400,32,440
CRC32,50,0.01,detectado_no_corregido,False,9.090909090909092,400,32,440
CRC32,50,0.01,detectado_no_corregido,False,9.090909090909092,400,32,440
CRC32,50,0.01,detectado_no_corregido,False,9.090909090909092,400,32,440
CRC32,50,0.01,cabecera_perdida,False,9.090909090909092,400,32,440
CRC32,50,0.01,detectado_no_corregido,False,9.090909090909092,400,32,440
CRC32,50,0.01,detectado_no_corregido,False,9.090909090909092,400,32,440
CRC32,50,0.01,detectado_no_corregido,False,9.090909090909092,400,32,440
CRC32,50,0.01,detectado_no_corregido,False,9.090909090909092,400,32,440
CRC32,50,0.01,detectado_no_corregido,False,9.090909090909092,400,32,440
CRC32,50,0.01,detectado_no_corregido,False,9.090909090909092,400,32,440
CRC32,50,0.01,detectado_no_corregido,False,9.090909090909092,400,32,440
CRC32,50,0.01,detectado_no_corregido,False,9.090909090909092,400,32,440
CRC32,50,0.01,detectado_no_corregido,False,9.090909090909092,400,32,440
CRC32,50,0.01,detectado_no_corregido,False,9.090909090909092,400,32,440
CRC32,50,0.01,detectado_no_corregido,False,9.090909090909092,400,32,440
CRC32,50,0.01,detectado_no_corregido,False,9.090909090909092,400,32,440
CRC32,50,0.01,detectado_no_corregido,False,9.090909090909092,400,32,440
CRC32,50,0.01,detectado_no_corregido,False,9.090909090909092,400,32,440
CRC32,50,0.01,detectado_no_corregido,False,9.090909090909092,400,32,440
CRC32,50,0.01,detectado_no_corregido,False,9.090909090909092,400,32,440
CRC32,50,0.01,detectado_no_corregido,False,9.090909090909092,400,32,440
CRC32,50,0.01,detectado_no_corregido,False,9.090909090909092,400,32,440
CRC32,50,0.01,cabecera_perdida,False,9.090909090909092,400,32,440
CRC32,50,0.01,detectado_no_corregido,False,9.090909090909092,400,32,440
CRC32,50,0.01,detectado_no_corregido,False,9.090909090909092,400,32,440
CRC32,50,0.01,detectado_no_corregido,False,9.090909090909092,400,32,440
CRC32,50,0.01,detectado_no_corregido,False,9.090909090909092,400,32,440
CRC32,50,0.01,detectado_no_corregido,False,9.090909090909092,400,32,440
CRC32,50,0.01,detectado_no_corregido,False,9.090909090909092,400,32,440
CRC32,50,0.01,detectado_no_corregido,False,9.090909090909092,400,32,440
CRC32,50,0.01,detectado_no_corregido,False,9.090909090909092,400,32,440
CRC32,50,0.01,detectado_no_corregido,False,9.090909090909092,400,32,440
CRC32,50,0.01,detectado_no_corregido,False,9.090909090909092,400,32,440
CRC32,50,0.01,detectado_no_corregido,False,9.090909090909092,400,32,440
CRC32,50,0.01,detectado_no_corregido,False,9.090909090909092,400,32,440
CRC32,50,0.01,detectado_no_corregido,False,9.090909090909092,400,32,440
CRC32,50,0.01,detectado_no_corregido,False,9.090909090909092,400,32,440
CRC32,50,0.01,detectado_no_corregido,False,9.090909090909092,400,32,440
CRC32,50,0.01,detectado_no_corregido,False,9.090909090909092,400,32,440
CRC32,50,0.01,cabecera_perdida,False,9.090909090909092,400,32,440
CRC32,50,0.01,detectado_no_corregido,False,9.090909090909092,400,32,440
CRC32,50,0.01,detectado_no_corregido,False,9.090909090909092,400,32,440
CRC32,50,0.01,detectado_no_corregido,False,9.090909090909092,400,32,440
CRC32,50,0.01,detectado_no_corregido,False,9.090909090909092,400,32,440
CRC32,50,0.01,detectado_no_corregido,False,9.090909090909092,400,32,440
CRC32,50,0.01,detectado_no_corregido,False,9.090909090909092,400,32,440
CRC32,50,0.01,detectado_no_corregido,False,9.090909090909092,400,32,440
CRC32,50,0.01,detectado_no_corregido,False,9.090909090909092,400,32,440
CRC32,50,0.01,detectado_no_corregido,False,9.090909090909092,400,32,440
CRC32,50,0.01,detectado_no_corregido,False,9.090909090909092,400,32,440
CRC32,50,0.01,detectado_no_corregido,False,9.090909090909092,400,32,440
CRC32,50,0.01,detectado_no_corregido,False,9.090909090909092,400,32,440
CRC32,50,0.01,detectado_no_corregido,False,9.090909090909092,400,32,440
CRC32,50,0.01,detectado_no_corregido,False,9.090909090909092,400,32,440
CRC32,50,0.01,detectado_no_corregido,False,9.090909090909092,400,32,440
CRC32,50,0.01,detectado_no_corregido,False,9.090909090909092,400,32,440
CRC32,50,0.01,detectado_no_corregido,False,9.090909090909092,400,32,440
CRC32,50,0.01,detectado_no_corregido,False,9.090909090909092,400,32,440
CRC32,50,0.01,detectado_no_corregido,False,9.090909090909092,400,32,440
CRC32,50,0.01,detectado_no_corregido,False,9.090909090909092,400,32,440
CRC32,50,0.01,detectado_no_corregido,False,9.090909090909092,400,32,440
CRC32,50,0.01,detectado_no_corregido,False,9.090909090909092,400,32,440
CRC32,50,0.01,detectado_no_corregido,False,9.090909090909092,400,32,440
CRC32,50,0.01,cabecera_perdida,False,9.090909090909092,400,32,440
CRC32,50,0.01,detectado_no_corregido,False,9.090909090909092,400,32,440
CRC32,50,0.01,detectado_no_corregido,False,9.090909090909092,400,32,440
CRC32,50,0.01,detectado_no_corregido,False,9.090909090909092,400,32,440
CRC32,50,0.01,detectado_no_corregido,False,9.090909090909092,400,32,440
CRC32,50,0.01,detectado_no_corregido,False,9.090909090909092,400,32,440
CRC32,50,0.01,detectado_no_corregido,False,9.090909090909092,400,32,440
CRC32,50,0.01,detectado_no_corregido,False,9.090909090909092,400,32,440
CRC32,50,0.01,detectado_no_corregido,False,9.090909090909092,400,32,440
CRC32,50,0.01,cabecera_perdida,False,9.090909090909092,400,32,440
CRC32,50,0.01,detectado_no_corregido,False,9.090909090909092,400,32,440
CRC32,50,0.01,detectado_no_corregido,False,9.090909090909092,400,32,440
CRC32,50,0.01,detectado_no_corregido,False,9.090909090909092,400,32,440
CRC32,50,0.01,detectado_no_corregido,False,9.090909090909092,400,32,440
CRC32,50,0.01,detectado_no_corregido,False,9.090909090909092,400,32,440
CRC32,50,0.01,detectado_no_corregido,False,9.090909090909092,400,32,440
CRC32,50,0.01,detectado_no_corregido,False,9.090909090909092,400,32,440
CRC32,50,0.01,detectado_no_corregido,False,9.090909090909092,400,32,440
CRC32,50,0.01,detectado_no_corregido,False,9.090909090909092,400,32,440
CRC32,50,0.01,detectado_no_corregido,False,9.090909090909092,400,32,440
CRC32,50,0.01,detectado_no_corregido,False,9.090909090909092,400,32,440
CRC32,50,0.01,detectado_no_corregido,False,9.090909090909092,400,32,440
CRC32,50,0.01,detectado_no_corregido,False,9.090909090909092,400,32,440
CRC32,50,0.01,detectado_no_corregido,False,9.090909090909092,400,32,440
CRC32,50,0.01,detectado_no_corregido,False,9.090909090909092,400,32,440
CRC32,50,0.01,detectado_no_corregido,False,9.090909090909092,400,32,440
CRC32,50,0.01,detectado_no_corregido,False,9.090909090909092,400,32,440
CRC32,50,0.01,detectado_no_corregido,False,9.090909090909092,400,32,440
CRC32,50,0.01,cabecera_perdida,False,9.090909090909092,400,32,440
CRC32,50,0.01,detectado_no_corregido,False,9.090909090909092,400,32,440
CRC32,50,0.01,detectado_no_corregido,False,9.090909090909092,400,32,440
CRC32,50,0.01,detectado_no_corregido,False,9.090909090909092,400,32,440
CRC32,50,0.01,detectado_no_corregido,False,9.090909090909092,400,32,440
CRC32,50,0.01,detectado_no_corregido,False,9.090909090909092,400,32,440
CRC32,50,0.01,detectado_no_corregido,False,9.090909090909092,400,32,440
CRC32,50,0.01,detectado_no_corregido,False,9.090909090909092,400,32,440
CRC32,50,0.01,detectado_no_corregido,False,9.090909090909092,400,32,440
CRC32,50,0.01,detectado_no_corregido,False,9.090909090909092,400,32,440
CRC32,50,0.01,detectado_no_corregido,False,9.090909090909092,400,32,440
CRC32,50,0.01,detectado_no_corregido,False,9.090909090909092,400,32,440
CRC32,50,0.01,detectado_no_corregido,False,9.090909090909092,400,32,440
CRC32,50,0.01,detectado_no_corregido,False,9.090909090909092,400,32,440
CRC32,50,0.01,detectado_no_corregido,False,9.090909090909092,400,32,440
CRC32,50,0.01,detectado_no_corregido,False,9.090909090909092,400,32,440
CRC32,50,0.01,detectado_no_corregido,False,9.090909090909092,400,32,440
CRC32,50,0.01,detectado_no_corregido,False,9.090909090909092,400,32,440
CRC32,50,0.01,detectado_no_corregido,False,9.090909090909092,400,32,440
CRC32,50,0.01,cabecera_perdida,False,9.090909090909092,400,32,440
CRC32,50,0.01,detectado_no_corregido,False,9.090909090909092,400,32,440
CRC32,50,0.01,detectado_no_corregido,False,9.090909090909092,400,32,440
CRC32,50,0.01,detectado_no_corregido,False,9.090909090909092,400,32,440
CRC32,50,0.01,detectado_no_corregido,False,9.090909090909092,400,32,440
CRC32,50,0.01,detectado_no_corregido,False,9.090909090909092,400,32,440
CRC32,50,0.01,detectado_no_corregido,False,9.090909090909092,400,32,440
CRC32,50,0.01,detectado_no_corregido,False,9.090909090909092,400,32,440
CRC32,50,0.01,detectado_no_corregido,False,9.090909090909092,400,32,440
CRC32,50,0.01,detectado_no_corregido,False,9.090909090909092,400,32,440
CRC32,50,0.01,detectado_no_corregido,False,9.090909090909092,400,32,440
CRC32,50,0.01,detectado_no_corregido,False,9.090909090909092,400,32,440
CRC32,50,0.01,detectado_no_corregido,False,9.090909090909092,400,32,440
CRC32,50,0.01,detectado_no_corregido,False,9.090909090909092,400,32,440
CRC32,50,0.01,detectado_no_corregido,False,9.090909090909092,400,32,440
CRC32,50,0.01,detectado_no_corregido,False,9.090909090909092,400,32,440
CRC32,50,0.01,detectado_no_corregido,False,9.090909090909092,400,32,440
CRC32,50,0.01,detectado_no_corregido,False,9.090909090909092,400,32,440
CRC32,50,0.01,detectado_no_corregido,False,9.090909090909092,400,32,440
CRC32,50,0.01,detectado_no_corregido,False,9.090909090909092,400,32,440
CRC32,50,0.01,cabecera_perdida,False,9.090909090909092,400,32,440
CRC32,50,0.01,detectado_no_corregido,False,9.090909090909092,400,32,440
CRC32,50,0.01,detectado_no_corregido,False,9.090909090909092,400,32,440
CRC32,50,0.01,detectado_no_corregido,False,9.090909090909092,400,32,440
CRC32,50,0.01,detectado_no_corregido,False,9.090909090909092,400,32,440
CRC32,50,0.01,detectado_no_corregido,False,9.090909090909092,400,32,440
CRC32,50,0.01,detectado_no_corregido,False,9.090909090909092,400,32,440
CRC32,50,0.01,detectado_no_corregido,False,9.090909090909092,400,32,440
CRC32,50,0.01,cabecera_perdida,False,9.090909090909092,400,32,440
CRC32,50,0.01,detectado_no_corregido,False,9.090909090909092,400,32,440
CRC32,50,0.01,detectado_no_corregido,False,9.090909090909092,400,32,440
CRC32,50,0.01,detectado_no_corregido,False,9.090909090909092,400,32,440
CRC32,50,0.01,detectado_no_corregido,False,9.090909090909092,400,32,440
CRC32,50,0.02,detectado_no_corregido,False,9.090909090909092,400,32,440
CRC32,50,0.02,detectado_no_corregido,False,9.090909090909092,400,32,440
CRC32,50,0.02,detectado_no_corregido,False,9.090909090909092,400,32,440
CRC32,50,0.02,detectado_no_corregido,False,9.090909090909092,400,32,440
CRC32,50,0.02,detectado_no_corregido,False,9.090909090909092,400,32,440
CRC32,50,0.02,detectado_no_corregido,False,9.090909090909092,400,32,440
CRC32,50,0.02,detectado_no_corregido,False,9.090909090909092,400,32,440
CRC32,50,0.02,detectado_no_corregido,False,9.090909090909092,400,32,440
CRC32,50,0.02,detectado_no_corregido,False,9.090909090909092,400,32,440
CRC32,50,0.02,detectado_no_corregido,False,9.090909090909092,400,32,440
CRC32,50,0.02,detectado_no_corregido,False,9.090909090909092,400,32,440
CRC32,50,0.02,detectado_no_corregido,False,9.090909090909092,400,32,440
CRC32,50,0.02,cabecera_perdida,False,9.090909090909092,400,32,440
CRC32,50,0.02,detectado_no_corregido,False,9.090909090909092,400,32,440
CRC32,50,0.02,detectado_no_corregido,False,9.090909090909092,400,32,440
CRC32,50,0.02,detectado_no_corregido,False,9.090909090909092,400,32,440
CRC32,50,0.02,cabecera_perdida,False,9.090909090909092,400,32,440
CRC32,50,0.02,detectado_no_corregido,False,9.090909090909092,400,32,440
CRC32,50,0.02,detectado_no_corregido,False,9.090909090909092,400,32,440
CRC32,50,0.02,cabecera_perdida,False,9.090909090909092,400,32,440
CRC32,50,0.02,detectado_no_corregido,False,9.090909090909092,400,32,440
CRC32,50,0.02,detectado_no_corregido,False,9.090909090909092,400,32,440
CRC32,50,0.02,detectado_no_corregido,False,9.090909090909092,400,32,440
CRC32,50,0.02,detectado_no_corregido,False,9.090909090909092,400,32,440
CRC32,50,0.02,detectado_no_corregido,False,9.090909090909092,400,32,440
CRC32,50,0.02,detectado_no_corregido,False,9.090909090909092,400,32,440
CRC32,50,0.02,detectado_no_corregido,False,9.090909090909092,400,32,440
CRC32,50,0.02,detectado_no_corregido,False,9.090909090909092,400,32,440
CRC32,50,0.02,detectado_no_corregido,False,9.090909090909092,400,32,440
CRC32,50,0.02,detectado_no_corregido,False,9.090909090909092,400,32,440
CRC32,50,0.02,detectado_no_corregido,False,9.090909090909092,400,32,440
CRC32,50,0.02,detectado_no_corregido,False,9.090909090909092,400,32,440
CRC32,50,0.02,detectado_no_corregido,False,9.090909090909092,400,32,440
CRC32,50,0.02,detectado_no_corregido,False,9.090909090909092,400,32,440
CRC32,50,0.02,cabecera_perdida,False,9.090909090909092,400,32,440
CRC32,50,0.02,detectado_no_corregido,False,9.090909090909092,400,32,440
CRC32,50,0.02,detectado_no_corregido,False,9.090909090909092,400,32,440
CRC32,50,0.02,detectado_no_corregido,False,9.090909090909092,400,32,440
CRC32,50,0.02,detectado_no_corregido,False,9.090909090909092,400,32,440
CRC32,50,0.02,detectado_no_corregido,False,9.090909090909092,400,32,440
CRC32,50,0.02,cabecera_perdida,False,9.090909090909092,400,32,440
CRC32,50,0.02,detectado_no_corregido,False,9.090909090909092,400,32,440
CRC32,50,0.02,detectado_no_corregido,False,9.090909090909092,400,32,440
CRC32,50,0.02,detectado_no_corregido,False,9.090909090909092,400,32,440
CRC32,50,0.02,detectado_no_corregido,False,9.090909090909092,400,32,440
CRC32,50,0.02,detectado_no_corregido,False,9.090909090909092,400,32,440
CRC32,50,0.02,detectado_no_corregido,False,9.090909090909092,400,32,440
CRC32,50,0.02,detectado_no_corregido,False,9.090909090909092,400,32,440
CRC32,50,0.02,detectado_no_corregido,False,9.090909090909092,400,32,440
CRC32,50,0.02,detectado_no_corregido,False,9.090909090909092,400,32,440
CRC32,50,0.02,detectado_no_corregido,False,9.090909090909092,400,32,440
CRC32,50,0.02,detectado_no_corregido,False,9.090909090909092,400,32,440
CRC32,50,0.02,detectado_no_corregido,False,9.090909090909092,400,32,440
CRC32,50,0.02,cabecera_perdida,False,9.090909090909092,400,32,440
CRC32,50,0.02,detectado_no_corregido,False,9.090909090909092,400,32,440
CRC32,50,0.02,detectado_no_corregido,False,9.090909090909092,400,32,440
CRC32,50,0.02,detectado_no_corregido,False,9.090909090909092,400,32,440
CRC32,50,0.02,detectado_no_corregido,False,9.090909090909092,400,32,440
CRC32,50,0.02,detectado_no_corregido,False,9.090909090909092,400,32,440
CRC32,50,0.02,cabecera_perdida,False,9.090909090909092,400,32,440
CRC32,50,0.02,detectado_no_corregido,False,9.090909090909092,400,32,440
CRC32,50,0.02,detectado_no_corregido,False,9.090909090909092,400,32,440
CRC32,50,0.02,detectado_no_corregido,False,9.090909090909092,400,32,440
CRC32,50,0.02,detectado_no_corregido,False,9.090909090909092,400,32,440
CRC32,50,0.02,cabecera_perdida,False,9.090909090909092,400,32,440
CRC32,50,0.02,cabecera_perdida,False,9.090909090909092,400,32,440
CRC32,50,0.02,cabecera_perdida,False,9.090909090909092,400,32,440
CRC32,50,0.02,detectado_no_corregido,False,9.090909090909092,400,32,440
CRC32,50,0.02,cabecera_perdida,False,9.090909090909092,400,32,440
CRC32,50,0.02,detectado_no_corregido,False,9.090909090909092,400,32,440
CRC32,50,0.02,detectado_no_corregido,False,9.090909090909092,400,32,440
CRC32,50,0.02,detectado_no_corregido,False,9.090909090909092,400,32,440
CRC32,50,0.02,detectado_no_corregido,False,9.090909090909092,400,32,440
CRC32,50,0.02,detectado_no_corregido,False,9.090909090909092,400,32,440
CRC32,50,0.02,cabecera_perdida,False,9.090909090909092,400,32,440
CRC32,50,0.02,detectado_no_corregido,False,9.090909090909092,400,32,440
CRC32,50,0.02,detectado_no_corregido,False,9.090909090909092,400,32,440
CRC32,50,0.02,detectado_no_corregido,False,9.090909090909092,400,32,440
CRC32,50,0.02,detectado_no_corregido,False,9.090909090909092,400,32,440
CRC32,50,0.02,detectado_no_corregido,False,9.090909090909092,400,32,440
CRC32,50,0.02,detectado_no_corregido,False,9.090909090909092,400,32,440
CRC32,50,0.02,detectado_no_corregido,False,9.090909090909092,400,32,440
CRC32,50,0.02,detectado_no_corregido,False,9.090909090909092,400,32,440
CRC32,50,0.02,detectado_no_corregido,False,9.090909090909092,400,32,440
CRC32,50,0.02,cabecera_perdida,False,9.090909090909092,400,32,440
CRC32,50,0.02,detectado_no_corregido,False,9.090909090909092,400,32,440
CRC32,50,0.02,detectado_no_corregido,False,9.090909090909092,400,32,440
CRC32,50,0.02,detectado_no_corregido,False,9.090909090909092,400,32,440
CRC32,50,0.02,detectado_no_corregido,False,9.090909090909092,400,32,440
CRC32,50,0.02,cabecera_perdida,False,9.090909090909092,400,32,440
CRC32,50,0.02,detectado_no_corregido,False,9.090909090909092,400,32,440
CRC32,50,0.02,detectado_no_corregido,False,9.090909090909092,400,32,440
CRC32,50,0.02,detectado_no_corregido,False,9.090909090909092,400,32,440
CRC32,50,0.02,cabecera_perdida,False,9.090909090909092,400,32,440
CRC32,50,0.02,detectado_no_corregido,False,9.090909090909092,400,32,440
CRC32,50,0.02,detectado_no_corregido,False,9.090909090909092,400,32,440
CRC32,50,0.02,detectado_no_corregido,False,9.090909090909092,400,32,440
CRC32,50,0.02,detectado_no_corregido,False,9.090909090909092,400,32,440
CRC32,50,0.02,detectado_no_corregido,False,9.090909090909092,400,32,440
CRC32,50,0.02,detectado_no_corregido,False,9.090909090909092,400,32,440
CRC32,50,0.02,detectado_no_corregido,False,9.090909090909092,400,32,440
CRC32,50,0.02,detectado_no_corregido,False,9.090909090909092,400,32,440
CRC32,50,0.02,detectado_no_corregido,False,9.090909090909092,400,32,440
CRC32,50,0.02,cabecera_perdida,False,9.090909090909092,400,32,440
CRC32,50,0.02,detectado_no_corregido,False,9.090909090909092,400,32,440
CRC32,50,0.02,detectado_no_corregido,False,9.090909090909092,400,32,440
CRC32,50,0.02,detectado_no_corregido,False,9.090909090909092,400,32,440
CRC32,50,0.02,detectado_no_corregido,False,9.090909090909092,400,32,440
CRC32,50,0.02,detectado_no_corregido,False,9.090909090909092,400,32,440
CRC32,50,0.02,detectado_no_corregido,False,9.090909090909092,400,32,440
CRC32,50,0.02,detectado_no_corregido,False,9.090909090909092,400,32,440
CRC32,50,0.02,detectado_no_corregido,False,9.090909090909092,400,32,440
CRC32,50,0.02,detectado_no_corregido,False,9.090909090909092,400,32,440
CRC32,50,0.02,detectado_no_corregido,False,9.090909090909092,400,32,440
CRC32,50,0.02,cabecera_perdida,False,9.090909090909092,400,32,440
CRC32,50,0.02,detectado_no_corregido,False,9.090909090909092,400,32,440
CRC32,50,0.02,cabecera_perdida,False,9.090909090909092,400,32,440
CRC32,50,0.02,cabecera_perdida,False,9.090909090909092,400,32,440
CRC32,50,0.02,detectado_no_corregido,False,9.090909090909092,400,32,440
CRC32,50,0.02,detectado_no_corregido,False,9.090909090909092,400,32,440
CRC32,50,0.02,detectado_no_corregido,False,9.090909090909092,400,32,440
CRC32,50,0.02,detectado_no_corregido,False,9.090909090909092,400,32,440
CRC32,50,0.02,detectado_no_corregido,False,9.090909090909092,400,32,440
CRC32,50,0.02,detectado_no_corregido,False,9.090909090909092,400,32,440
CRC32,50,0.02,detectado_no_corregido,False,9.090909090909092,400,32,440
CRC32,50,0.02,detectado_no_corregido,False,9.090909090909092,400,32,440
CRC32,50,0.02,detectado_no_corregido,False,9.090909090909092,400,32,440
CRC32,50,0.02,detectado_no_corregido,False,9.090909090909092,400,32,440
CRC32,50,0.02,detectado_no_corregido,False,9.090909090909092,400,32,440
CRC32,50,0.02,detectado_no_corregido,False,9.090909090909092,400,32,440
CRC32,50,0.02,detectado_no_corregido,False,9.090909090909092,400,32,440
CRC32,50,0.02,detectado_no_corregido,False,9.090909090909092,400,32,440
CRC32,50,0.02,detectado_no_corregido,False,9.090909090909092,400,32,440
CRC32,50,0.02,detectado_no_corregido,False,9.090909090909092,400,32,440
CRC32,50,0.02,detectado_no_corregido,False,9.090909090909092,400,32,440
CRC32,50,0.02,cabecera_perdida,False,9.090909090909092,400,32,440
CRC32,50,0.02,detectado_no_corregido,False,9.090909090909092,400,32,440
CRC32,50,0.02,detectado_no_corregido,False,9.090909090909092,400,32,440
CRC32,50,0.02,detectado_no_corregido,False,9.090909090909092,400,32,440
CRC32,50,0.02,detectado_no_corregido,False,9.090909090909092,400,32,440
CRC32,50,0.02,cabecera_perdida,False,9.090909090909092,400,32,440
CRC32,50,0.02,detectado_no_corregido,False,9.090909090909092,400,32,440
CRC32,50,0.02,detectado_no_corregido,False,9.090909090909092,400,32,440
CRC32,50,0.02,cabecera_perdida,False,9.090909090909092,400,32,440
CRC32,50,0.02,cabecera_perdida,False,9.090909090909092,400,32,440
CRC32,50,0.02,detectado_no_corregido,False,9.090909090909092,400,32,440
CRC32,50,0.02,cabecera_perdida,False,9.090909090909092,400,32,440
CRC32,50,0.02,detectado_no_corregido,False,9.090909090909092,400,32,440
CRC32,50,0.02,detectado_no_corregido,False,9.090909090909092,400,32,440
CRC32,50,0.02,detectado_no_corregido,False,9.090909090909092,400,32,440
CRC32,50,0.03,cabecera_perdida,False,9.090909090909092,400,32,440
CRC32,50,0.03,detectado_no_corregido,False,9.090909090909092,400,32,440
CRC32,50,0.03,cabecera_perdida,False,9.090909090909092,400,32,440
CRC32,50,0.03,detectado_no_corregido,False,9.090909090909092,400,32,440
CRC32,50,0.03,detectado_no_corregido,False,9.090909090909092,400,32,440
CRC32,50,0.03,detectado_no_corregido,False,9.090909090909092,400,32,440
CRC32,50,0.03,detectado_no_corregido,False,9.090909090909092,400,32,440
CRC32,50,0.03,detectado_no_corregido,False,9.090909090909092,400,32,440
CRC32,50,0.03,detectado_no_corregido,False,9.090909090909092,400,32,440
CRC32,50,0.03,detectado_no_corregido,False,9.090909090909092,400,32,440
CRC32,50,0.03,cabecera_perdida,False,9.090909090909092,400,32,440
CRC32,50,0.03,detectado_no_corregido,False,9.090909090909092,400,32,440
CRC32,50,0.03,detectado_no_corregido,False,9.090909090909092,400,32,440
CRC32,50,0.03,cabecera_perdida,False,9.090909090909092,400,32,440
CRC32,50,0.03,detectado_no_corregido,False,9.090909090909092,400,32,440
CRC32,50,0.03,detectado_no_corregido,False,9.090909090909092,400,32,440
CRC32,50,0.03,detectado_no_corregido,False,9.090909090909092,400,32,440
CRC32,50,0.03,detectado_no_corregido,False,9.090909090909092,400,32,440
CRC32,50,0.03,detectado_no_corregido,False,9.090909090909092,400,32,440
CRC32,50,0.03,detectado_no_corregido,False,9.090909090909092,400,32,440
CRC32,50,0.03,cabecera_perdida,False,9.090909090909092,400,32,440
CRC32,50,0.03,detectado_no_corregido,False,9.090909090909092,400,32,440
CRC32,50,0.03,detectado_no_corregido,False,9.090909090909092,400,32,440
CRC32,50,0.03,cabecera_perdida,False,9.090909090909092,400,32,440
CRC32,50,0.03,cabecera_perdida,False,9.090909090909092,400,32,440
CRC32,50,0.03,detectado_no_corregido,False,9.090909090909092,400,32,440
CRC32,50,0.03,detectado_no_corregido,False,9.090909090909092,400,32,440
CRC32,50,0.03,detectado_no_corregido,False,9.090909090909092,400,32,440
CRC32,50,0.03,detectado_no_corregido,False,9.090909090909092,400,32,440
CRC32,50,0.03,detectado_no_corregido,False,9.090909090909092,400,32,440
CRC32,50,0.03,cabecera_perdida,False,9.090909090909092,400,32,440
CRC32,50,0.03,detectado_no_corregido,False,9.090909090909092,400,32,440
CRC32,50,0.03,detectado_no_corregido,False,9.090909090909092,400,32,440
CRC32,50,0.03,cabecera_perdida,False,9.090909090909092,400,32,440
CRC32,50,0.03,detectado_no_corregido,False,9.090909090909092,400,32,440
CRC32,50,0.03,cabecera_perdida,False,9.090909090909092,400,32,440
CRC32,50,0.03,detectado_no_corregido,False,9.090909090909092,400,32,440
CRC32,50,0.03,detectado_no_corregido,False,9.090909090909092,400,32,440
CRC32,50,0.03,cabecera_perdida,False,9.090909090909092,400,32,440
CRC32,50,0.03,detectado_no_corregido,False,9.090909090909092,400,32,440
CRC32,50,0.03,detectado_no_corregido,False,9.090909090909092,400,32,440
CRC32,50,0.03,detectado_no_corregido,False,9.090909090909092,400,32,440
CRC32,50,0.03,detectado_no_corregido,False,9.090909090909092,400,32,440
CRC32,50,0.03,detectado_no_corregido,False,9.090909090909092,400,32,440
CRC32,50,0.03,detectado_no_corregido,False,9.090909090909092,400,32,440
CRC32,50,0.03,cabecera_perdida,False,9.090909090909092,400,32,440
CRC32,50,0.03,detectado_no_corregido,False,9.090909090909092,400,32,440
CRC32,50,0.03,detectado_no_corregido,False,9.090909090909092,400,32,440
CRC32,50,0.03,detectado_no_corregido,False,9.090909090909092,400,32,440
CRC32,50,0.03,detectado_no_corregido,False,9.090909090909092,400,32,440
CRC32,50,0.03,detectado_no_corregido,False,9.090909090909092,400,32,440
CRC32,50,0.03,detectado_no_corregido,False,9.090909090909092,400,32,440
CRC32,50,0.03,detectado_no_corregido,False,9.090909090909092,400,32,440
CRC32,50,0.03,detectado_no_corregido,False,9.090909090909092,400,32,440
CRC32,50,0.03,detectado_no_corregido,False,9.090909090909092,400,32,440
CRC32,50,0.03,detectado_no_corregido,False,9.090909090909092,400,32,440
CRC32,50,0.03,detectado_no_corregido,False,9.090909090909092,400,32,440
CRC32,50,0.03,detectado_no_corregido,False,9.090909090909092,400,32,440
CRC32,50,0.03,detectado_no_corregido,False,9.090909090909092,400,32,440
CRC32,50,0.03,detectado_no_corregido,False,9.090909090909092,400,32,440
CRC32,50,0.03,detectado_no_corregido,False,9.090909090909092,400,32,440
CRC32,50,0.03,cabecera_perdida,False,9.090909090909092,400,32,440
CRC32,50,0.03,detectado_no_corregido,False,9.090909090909092,400,32,440
CRC32,50,0.03,detectado_no_corregido,False,9.090909090909092,400,32,440
CRC32,50,0.03,detectado_no_corregido,False,9.090909090909092,400,32,440
CRC32,50,0.03,detectado_no_corregido,False,9.090909090909092,400,32,440
CRC32,50,0.03,detectado_no_corregido,False,9.090909090909092,400,32,440
CRC32,50,0.03,detectado_no_corregido,False,9.090909090909092,400,32,440
CRC32,50,0.03,detectado_no_corregido,False,9.090909090909092,400,32,440
CRC32,50,0.03,detectado_no_corregido,False,9.090909090909092,400,32,440
CRC32,50,0.03,cabecera_perdida,False,9.090909090909092,400,32,440
CRC32,50,0.03,detectado_no_corregido,False,9.090909090909092,400,32,440
CRC32,50,0.03,detectado_no_corregido,False,9.090909090909092,400,32,440
CRC32,50,0.03,detectado_no_corregido,False,9.090909090909092,400,32,440
CRC32,50,0.03,detectado_no_corregido,False,9.090909090909092,400,32,440
CRC32,50,0.03,detectado_no_corregido,False,9.090909090909092,400,32,440
CRC32,50,0.03,cabecera_perdida,False,9.090909090909092,400,32,440
CRC32,50,0.03,cabecera_perdida,False,9.090909090909092,400,32,440
CRC32,50,0.03,detectado_no_corregido,False,9.090909090909092,400,32,440
CRC32,50,0.03,detectado_no_corregido,False,9.090909090909092,400,32,440
CRC32,50,0.03,cabecera_perdida,False,9.090909090909092,400,32,440
CRC32,50,0.03,cabecera_perdida,False,9.090909090909092,400,32,440
CRC32,50,0.03,detectado_no_corregido,False,9.090909090909092,400,32,440
CRC32,50,0.03,cabecera_perdida,False,9.090909090909092,400,32,440
CRC32,50,0.03,detectado_no_corregido,False,9.090909090909092,400,32,440
CRC32,50,0.03,detectado_no_corregido,False,9.090909090909092,400,32,440
CRC32,50,0.03,detectado_no_corregido,False,9.090909090909092,400,32,440
CRC32,50,0.03,detectado_no_corregido,False,9.090909090909092,400,32,440
CRC32,50,0.03,detectado_no_corregido,False,9.090909090909092,400,32,440
CRC32,50,0.03,detectado_no_corregido,False,9.090909090909092,400,32,440
CRC32,50,0.03,detectado_no_corregido,False,9.090909090909092,400,32,440
CRC32,50,0.03,detectado_no_corregido,False,9.090909090909092,400,32,440
CRC32,50,0.03,detectado_no_corregido,False,9.090909090909092,400,32,440
CRC32,50,0.03,detectado_no_corregido,False,9.090909090909092,400,32,440
CRC32,50,0.03,detectado_no_corregido,False,9.090909090909092,400,32,440
CRC32,50,0.03,detectado_no_corregido,False,9.090909090909092,400,32,440
CRC32,50,0.03,detectado_no_corregido,False,9.090909090909092,400,32,440
CRC32,50,0.03,detectado_no_corregido,False,9.090909090909092,400,32,440
CRC32,50,0.03,detectado_no_corregido,False,9.090909090909092,400,32,440
CRC32,50,0.03,detectado_no_corregido,False,9.090909090909092,400,32,440
CRC32,50,0.03,detectado_no_corregido,False,9.090909090909092,400,32,440
CRC32,50,0.03,detectado_no_corregido,False,9.090909090909092,400,32,440
CRC32,50,0.03,detectado_no_corregido,False,9.090909090909092,400,32,440
CRC32,50,0.03,cabecera_perdida,False,9.090909090909092,400,32,440
CRC32,50,0.03,cabecera_perdida,False,9.090909090909092,400,32,440
CRC32,50,0.03,cabecera_perdida,False,9.090909090909092,400,32,440
CRC32,50,0.03,detectado_no_corregido,False,9.090909090909092,400,32,440
CRC32,50,0.03,detectado_no_corregido,False,9.090909090909092,400,32,440
CRC32,50,0.03,detectado_no_corregido,False,9.090909090909092,400,32,440
CRC32,50,0.03,detectado_no_corregido,False,9.090909090909092,400,32,440
CRC32,50,0.03,detectado_no_corregido,False,9.090909090909092,400,32,440
CRC32,50,0.03,detectado_no_corregido,False,9.090909090909092,400,32,440
CRC32,50,0.03,detectado_no_corregido,False,9.090909090909092,400,32,440
CRC32,50,0.03,detectado_no_corregido,False,9.090909090909092,400,32,440
CRC32,50,0.03,detectado_no_corregido,False,9.090909090909092,400,32,440
CRC32,50,0.03,detectado_no_corregido,False,9.090909090909092,400,32,440
CRC32,50,0.03,detectado_no_corregido,False,9.090909090909092,400,32,440
CRC32,50,0.03,detectado_no_corregido,False,9.090909090909092,400,32,440
CRC32,50,0.03,detectado_no_corregido,False,9.090909090909092,400,32,440
CRC32,50,0.03,detectado_no_corregido,False,9.090909090909092,400,32,440
CRC32,50,0.03,detectado_no_corregido,False,9.090909090909092,400,32,440
CRC32,50,0.03,detectado_no_corregido,False,9.090909090909092,400,32,440
CRC32,50,0.03,cabecera_perdida,False,9.090909090909092,400,32,440
CRC32,50,0.03,detectado_no_corregido,False,9.090909090909092,400,32,440
CRC32,50,0.03,detectado_no_corregido,False,9.090909090909092,400,32,440
CRC32,50,0.03,detectado_no_corregido,False,9.090909090909092,400,32,440
CRC32,50,0.03,detectado_no_corregido,False,9.090909090909092,400,32,440
CRC32,50,0.03,detectado_no_corregido,False,9.090909090909092,400,32,440
CRC32,50,0.03,detectado_no_corregido,False,9.090909090909092,400,32,440
CRC32,50,0.03,detectado_no_corregido,False,9.090909090909092,400,32,440
CRC32,50,0.03,detectado_no_corregido,False,9.090909090909092,400,32,440
CRC32,50,0.03,detectado_no_corregido,False,9.090909090909092,400,32,440
CRC32,50,0.03,detectado_no_corregido,False,9.090909090909092,400,32,440
CRC32,50,0.03,detectado_no_corregido,False,9.090909090909092,400,32,440
CRC32,50,0.03,detectado_no_corregido,False,9.090909090909092,400,32,440
CRC32,50,0.03,detectado_no_corregido,False,9.090909090909092,400,32,440
CRC32,50,0.03,detectado_no_corregido,False,9.090909090909092,400,32,440
CRC32,50,0.03,detectado_no_corregido,False,9.090909090909092,400,32,440
CRC32,50,0.03,detectado_no_corregido,False,9.090909090909092,400,32,440
CRC32,50,0.03,detectado_no_corregido,False,9.090909090909092,400,32,440
CRC32,50,0.03,cabecera_perdida,False,9.090909090909092,400,32,440
CRC32,50,0.03,detectado_no_corregido,False,9.090909090909092,400,32,440
CRC32,50,0.03,detectado_no_corregido,False,9.090909090909092,400,32,440
CRC32,50,0.03,detectado_no_corregido,False,9.090909090909092,400,32,440
CRC32,50,0.03,cabecera_perdida,False,9.090909090909092,400,32,440
CRC32,50,0.03,detectado_no_corregido,False,9.090909090909092,400,32,440
CRC32,50,0.03,detectado_no_corregido,False,9.090909090909092,400,32,440
CRC32,50,0.03,detectado_no_corregido,False,9.090909090909092,400,32,440
CRC32,50,0.03,detectado_no_corregido,False,9.090909090909092,400,32,440
CRC32,50,0.03,detectado_no_corregido,False,9.090909090909092,400,32,440
CRC32,50,0.05,detectado_no_corregido,False,9.090909090909092,400,32,440
CRC32,50,0.05,cabecera_perdida,False,9.090909090909092,400,32,440
CRC32,50,0.05,detectado_no_corregido,False,9.090909090909092,400,32,440
CRC32,50,0.05,detectado_no_corregido,False,9.090909090909092,400,32,440
CRC32,50,0.05,cabecera_perdida,False,9.090909090909092,400,32,440
CRC32,50,0.05,detectado_no_corregido,False,9.090909090909092,400,32,440
CRC32,50,0.05,cabecera_perdida,False,9.090909090909092,400,32,440
CRC32,50,0.05,detectado_no_corregido,False,9.090909090909092,400,32,440
CRC32,50,0.05,detectado_no_corregido,False,9.090909090909092,400,32,440
CRC32,50,0.05,detectado_no_corregido,False,9.090909090909092,400,32,440
CRC32,50,0.05,detectado_no_corregido,False,9.090909090909092,400,32,440
CRC32,50,0.05,cabecera_perdida,False,9.090909090909092,400,32,440
CRC32,50,0.05,cabecera_perdida,False,9.090909090909092,400,32,440
CRC32,50,0.05,detectado_no_corregido,False,9.090909090909092,400,32,440
CRC32,50,0.05,detectado_no_corregido,False,9.090909090909092,400,32,440
CRC32,50,0.05,cabecera_perdida,False,9.090909090909092,400,32,440
CRC32,50,0.05,detectado_no_corregido,False,9.090909090909092,400,32,440
CRC32,50,0.05,cabecera_perdida,False,9.090909090909092,400,32,440
CRC32,50,0.05,detectado_no_corregido,False,9.090909090909092,400,32,440
CRC32,50,0.05,detectado_no_corregido,False,9.090909090909092,400,32,440
CRC32,50,0.05,detectado_no_corregido,False,9.090909090909092,400,32,440
CRC32,50,0.05,detectado_no_corregido,False,9.090909090909092,400,32,440
CRC32,50,0.05,cabecera_perdida,False,9.090909090909092,400,32,440
CRC32,50,0.05,detectado_no_corregido,False,9.090909090909092,400,32,440
CRC32,50,0.05,detectado_no_corregido,False,9.090909090909092,400,32,440
CRC32,50,0.05,cabecera_perdida,False,9.090909090909092,400,32,440
CRC32,50,0.05,detectado_no_corregido,False,9.090909090909092,400,32,440
CRC32,50,0.05,detectado_no_corregido,False,9.090909090909092,400,32,440
CRC32,50,0.05,detectado_no_corregido,False,9.090909090909092,400,32,440
CRC32,50,0.05,detectado_no_corregido,False,9.090909090909092,400,32,440
CRC32,50,0.05,detectado_no_corregido,False,9.090909090909092,400,32,440
CRC32,50,0.05,detectado_no_corregido,False,9.090909090909092,400,32,440
CRC32,50,0.05,cabecera_perdida,False,9.090909090909092,400,32,440
CRC32,50,0.05,cabecera_perdida,False,9.090909090909092,400,32,440
CRC32,50,0.05,detectado_no_corregido,False,9.090909090909092,400,32,440
CRC32,50,0.05,detectado_no_corregido,False,9.090909090909092,400,32,440
CRC32,50,0.05,cabecera_perdida,False,9.090909090909092,400,32,440
CRC32,50,0.05,cabecera_perdida,False,9.090909090909092,400,32,440
CRC32,50,0.05,detectado_no_corregido,False,9.090909090909092,400,32,440
CRC32,50,0.05,detectado_no_corregido,False,9.090909090909092,400,32,440
CRC32,50,0.05,cabecera_perdida,False,9.090909090909092,400,32,440
CRC32,50,0.05,detectado_no_corregido,False,9.090909090909092,400,32,440
CRC32,50,0.05,detectado_no_corregido,False,9.090909090909092,400,32,440
CRC32,50,0.05,cabecera_perdida,False,9.090909090909092,400,32,440
CRC32,50,0.05,detectado_no_corregido,False,9.090909090909092,400,32,440
CRC32,50,0.05,detectado_no_corregido,False,9.090909090909092,400,32,440
CRC32,50,0.05,detectado_no_corregido,False,9.090909090909092,400,32,440
CRC32,50,0.05,detectado_no_corregido,False,9.090909090909092,400,32,440
CRC32,50,0.05,cabecera_perdida,False,9.090909090909092,400,32,440
CRC32,50,0.05,cabecera_perdida,False,9.090909090909092,400,32,440
CRC32,50,0.05,cabecera_perdida,False,9.090909090909092,400,32,440
CRC32,50,0.05,detectado_no_corregido,False,9.090909090909092,400,32,440
CRC32,50,0.05,detectado_no_corregido,False,9.090909090909092,400,32,440
CRC32,50,0.05,cabecera_perdida,False,9.090909090909092,400,32,440
CRC32,50,0.05,cabecera_perdida,False,9.090909090909092,400,32,440
CRC32,50,0.05,detectado_no_corregido,False,9.090909090909092,400,32,440
CRC32,50,0.05,detectado_no_corregido,False,9.090909090909092,400,32,440
CRC32,50,0.05,detectado_no_corregido,False,9.090909090909092,400,32,440
CRC32,50,0.05,cabecera_perdida,False,9.090909090909092,400,32,440
CRC32,50,0.05,cabecera_perdida,False,9.090909090909092,400,32,440
CRC32,50,0.05,cabecera_perdida,False,9.090909090909092,400,32,440
CRC32,50,0.05,detectado_no_corregido,False,9.090909090909092,400,32,440
CRC32,50,0.05,cabecera_perdida,False,9.090909090909092,400,32,440
CRC32,50,0.05,cabecera_perdida,False,9.090909090909092,400,32,440
CRC32,50,0.05,detectado_no_corregido,False,9.090909090909092,400,32,440
CRC32,50,0.05,cabecera_perdida,False,9.090909090909092,400,32,440
CRC32,50,0.05,detectado_no_corregido,False,9.090909090909092,400,32,440
CRC32,50,0.05,detectado_no_corregido,False,9.090909090909092,400,32,440
CRC32,50,0.05,detectado_no_corregido,False,9.090909090909092,400,32,440
CRC32,50,0.05,detectado_no_corregido,False,9.090909090909092,400,32,440
CRC32,50,0.05,cabecera_perdida,False,9.090909090909092,400,32,440
CRC32,50,0.05,detectado_no_corregido,False,9.090909090909092,400,32,440
CRC32,50,0.05,detectado_no_corregido,False,9.090909090909092,400,32,440
CRC32,50,0.05,cabecera_perdida,False,9.090909090909092,400,32,440
CRC32,50,0.05,cabecera_perdida,False,9.090909090909092,400,32,440
CRC32,50,0.05,detectado_no_corregido,False,9.090909090909092,400,32,440
CRC32,50,0.05,detectado_no_corregido,False,9.090909090909092,400,32,440
CRC32,50,0.05,detectado_no_corregido,False,9.090909090909092,400,32,440
CRC32,50,0.05,detectado_no_corregido,False,9.090909090909092,400,32,440
CRC32,50,0.05,cabecera_perdida,False,9.090909090909092,400,32,440
CRC32,50,0.05,detectado_no_corregido,False,9.090909090909092,400,32,440
CRC32,50,0.05,cabecera_perdida,False,9.090909090909092,400,32,440
CRC32,50,0.05,detectado_no_corregido,False,9.090909090909092,400,32,440
CRC32,50,0.05,cabecera_perdida,False,9.090909090909092,400,32,440
CRC32,50,0.05,cabecera_perdida,False,9.090909090909092,400,32,440
CRC32,50,0.05,detectado_no_corregido,False,9.090909090909092,400,32,440
CRC32,50,0.05,detectado_no_corregido,False,9.090909090909092,400,32,440
CRC32,50,0.05,cabecera_perdida,False,9.090909090909092,400,32,440
CRC32,50,0.05,detectado_no_corregido,False,9.090909090909092,400,32,440
CRC32,50,0.05,detectado_no_corregido,False,9.090909090909092,400,32,440
CRC32,50,0.05,cabecera_perdida,False,9.090909090909092,400,32,440
CRC32,50,0.05,detectado_no_corregido,False,9.090909090909092,400,32,440
CRC32,50,0.05,detectado_no_corregido,False,9.090909090909092,400,32,440
CRC32,50,0.05,cabecera_perdida,False,9.090909090909092,400,32,440
CRC32,50,0.05,cabecera_perdida,False,9.090909090909092,400,32,440
CRC32,50,0.05,cabecera_perdida,False,9.090909090909092,400,32,440
CRC32,50,0.05,cabecera_perdida,False,9.090909090909092,400,32,440
CRC32,50,0.05,detectado_no_corregido,False,9.090909090909092,400,32,440
CRC32,50,0.05,detectado_no_corregido,False,9.090909090909092,400,32,440
CRC32,50,0.05,detectado_no_corregido,False,9.090909090909092,400,32,440
CRC32,50,0.05,detectado_no_corregido,False,9.090909090909092,400,32,440
CRC32,50,0.05,detectado_no_corregido,False,9.090909090909092,400,32,440
CRC32,50,0.05,detectado_no_corregido,False,9.090909090909092,400,32,440
CRC32,50,0.05,cabecera_perdida,False,9.090909090909092,400,32,440
CRC32,50,0.05,detectado_no_corregido,False,9.090909090909092,400,32,440
CRC32,50,0.05,detectado_no_corregido,False,9.090909090909092,400,32,440
CRC32,50,0.05,detectado_no_corregido,False,9.090909090909092,400,32,440
CRC32,50,0.05,cabecera_perdida,False,9.090909090909092,400,32,440
CRC32,50,0.05,detectado_no_corregido,False,9.090909090909092,400,32,440
CRC32,50,0.05,cabecera_perdida,False,9.090909090909092,400,32,440
CRC32,50,0.05,detectado_no_corregido,False,9.090909090909092,400,32,440
CRC32,50,0.05,detectado_no_corregido,False,9.090909090909092,400,32,440
CRC32,50,0.05,detectado_no_corregido,False,9.090909090909092,400,32,440
CRC32,50,0.05,detectado_no_corregido,False,9.090909090909092,400,32,440
CRC32,50,0.05,detectado_no_corregido,False,9.090909090909092,400,32,440
CRC32,50,0.05,detectado_no_corregido,False,9.090909090909092,400,32,440
CRC32,50,0.05,detectado_no_corregido,False,9.090909090909092,400,32,440
CRC32,50,0.05,detectado_no_corregido,False,9.090909090909092,400,32,440
CRC32,50,0.05,detectado_no_corregido,False,9.090909090909092,400,32,440
CRC32,50,0.05,detectado_no_corregido,False,9.090909090909092,400,32,440
CRC32,50,0.05,detectado_no_corregido,False,9.090909090909092,400,32,440
CRC32,50,0.05,cabecera_perdida,False,9.090909090909092,400,32,440
CRC32,50,0.05,detectado_no_corregido,False,9.090909090909092,400,32,440
CRC32,50,0.05,cabecera_perdida,False,9.090909090909092,400,32,440
CRC32,50,0.05,detectado_no_corregido,False,9.090909090909092,400,32,440
CRC32,50,0.05,detectado_no_corregido,False,9.090909090909092,400,32,440
CRC32,50,0.05,cabecera_perdida,False,9.090909090909092,400,32,440
CRC32,50,0.05,detectado_no_corregido,False,9.090909090909092,400,32,440
CRC32,50,0.05,detectado_no_corregido,False,9.090909090909092,400,32,440
CRC32,50,0.05,detectado_no_corregido,False,9.090909090909092,400,32,440
CRC32,50,0.05,detectado_no_corregido,False,9.090909090909092,400,32,440
CRC32,50,0.05,detectado_no_corregido,False,9.090909090909092,400,32,440
CRC32,50,0.05,detectado_no_corregido,False,9.090909090909092,400,32,440
CRC32,50,0.05,cabecera_perdida,False,9.090909090909092,400,32,440
CRC32,50,0.05,detectado_no_corregido,False,9.090909090909092,400,32,440
CRC32,50,0.05,cabecera_perdida,False,9.090909090909092,400,32,440
CRC32,50,0.05,detectado_no_corregido,False,9.090909090909092,400,32,440
CRC32,50,0.05,cabecera_perdida,False,9.090909090909092,400,32,440
CRC32,50,0.05,detectado_no_corregido,False,9.090909090909092,400,32,440
CRC32,50,0.05,detectado_no_corregido,False,9.090909090909092,400,32,440
CRC32,50,0.05,cabecera_perdida,False,9.090909090909092,400,32,440
CRC32,50,0.05,cabecera_perdida,False,9.090909090909092,400,32,440
CRC32,50,0.05,cabecera_perdida,False,9.090909090909092,400,32,440
CRC32,50,0.05,detectado_no_corregido,False,9.090909090909092,400,32,440
CRC32,50,0.05,detectado_no_corregido,False,9.090909090909092,400,32,440
CRC32,50,0.05,detectado_no_corregido,False,9.090909090909092,400,32,440
CRC32,50,0.05,cabecera_perdida,False,9.090909090909092,400,32,440
CRC32,50,0.05,detectado_no_corregido,False,9.090909090909092,400,32,440
CRC32,50,0.05,detectado_no_corregido,False,9.090909090909092,400,32,440
CRC32,50,0.05,detectado_no_corregido,False,9.090909090909092,400,32,440
CRC32,50,0.08,detectado_no_corregido,False,9.090909090909092,400,32,440
CRC32,50,0.08,cabecera_perdida,False,9.090909090909092,400,32,440
CRC32,50,0.08,detectado_no_corregido,False,9.090909090909092,400,32,440
CRC32,50,0.08,detectado_no_corregido,False,9.090909090909092,400,32,440
CRC32,50,0.08,cabecera_perdida,False,9.090909090909092,400,32,440
CRC32,50,0.08,detectado_no_corregido,False,9.090909090909092,400,32,440
CRC32,50,0.08,cabecera_perdida,False,9.090909090909092,400,32,440
CRC32,50,0.08,detectado_no_corregido,False,9.090909090909092,400,32,440
CRC32,50,0.08,detectado_no_corregido,False,9.090909090909092,400,32,440
CRC32,50,0.08,detectado_no_corregido,False,9.090909090909092,400,32,440
CRC32,50,0.08,detectado_no_corregido,False,9.090909090909092,400,32,440
CRC32,50,0.08,cabecera_perdida,False,9.090909090909092,400,32,440
CRC32,50,0.08,detectado_no_corregido,False,9.090909090909092,400,32,440
CRC32,50,0.08,detectado_no_corregido,False,9.090909090909092,400,32,440
CRC32,50,0.08,detectado_no_corregido,False,9.090909090909092,400,32,440
CRC32,50,0.08,cabecera_perdida,False,9.090909090909092,400,32,440
CRC32,50,0.08,cabecera_perdida,False,9.090909090909092,400,32,440
CRC32,50,0.08,detectado_no_corregido,False,9.090909090909092,400,32,440
CRC32,50,0.08,cabecera_perdida,False,9.090909090909092,400,32,440
CRC32,50,0.08,detectado_no_corregido,False,9.090909090909092,400,32,440
CRC32,50,0.08,cabecera_perdida,False,9.090909090909092,400,32,440
CRC32,50,0.08,detectado_no_corregido,False,9.090909090909092,400,32,440
CRC32,50,0.08,cabecera_perdida,False,9.090909090909092,400,32,440
CRC32,50,0.08,detectado_no_corregido,False,9.090909090909092,400,32,440
CRC32,50,0.08,cabecera_perdida,False,9.090909090909092,400,32,440
CRC32,50,0.08,detectado_no_corregido,False,9.090909090909092,400,32,440
CRC32,50,0.08,cabecera_perdida,False,9.090909090909092,400,32,440
CRC32,50,0.08,detectado_no_corregido,False,9.090909090909092,400,32,440
CRC32,50,0.08,cabecera_perdida,False,9.090909090909092,400,32,440
CRC32,50,0.08,detectado_no_corregido,False,9.090909090909092,400,32,440
CRC32,50,0.08,detectado_no_corregido,False,9.090909090909092,400,32,440
CRC32,50,0.08,detectado_no_corregido,False,9.090909090909092,400,32,440
CRC32,50,0.08,detectado_no_corregido,False,9.090909090909092,400,32,440
CRC32,50,0.08,cabecera_perdida,False,9.090909090909092,400,32,440
CRC32,50,0.08,cabecera_perdida,False,9.090909090909092,400,32,440
CRC32,50,0.08,cabecera_perdida,False,9.090909090909092,400,32,440
CRC32,50,0.08,detectado_no_corregido,False,9.090909090909092,400,32,440
CRC32,50,0.08,cabecera_perdida,False,9.090909090909092,400,32,440
CRC32,50,0.08,detectado_no_corregido,False,9.090909090909092,400,32,440
CRC32,50,0.08,cabecera_perdida,False,9.090909090909092,400,32,440
CRC32,50,0.08,detectado_no_corregido,False,9.090909090909092,400,32,440
CRC32,50,0.08,detectado_no_corregido,False,9.090909090909092,400,32,440
CRC32,50,0.08,detectado_no_corregido,False,9.090909090909092,400,32,440
CRC32,50,0.08,cabecera_perdida,False,9.090909090909092,400,32,440
CRC32,50,0.08,cabecera_perdida,False,9.090909090909092,400,32,440
CRC32,50,0.08,cabecera_perdida,False,9.090909090909092,400,32,440
CRC32,50,0.08,detectado_no_corregido,False,9.090909090909092,400,32,440
CRC32,50,0.08,cabecera_perdida,False,9.090909090909092,400,32,440
CRC32,50,0.08,detectado_no_corregido,False,9.090909090909092,400,32,440
CRC32,50,0.08,detectado_no_corregido,False,9.090909090909092,400,32,440
CRC32,50,0.08,cabecera_perdida,False,9.090909090909092,400,32,440
CRC32,50,0.08,cabecera_perdida,False,9.090909090909092,400,32,440
CRC32,50,0.08,cabecera_perdida,False,9.090909090909092,400,32,440
CRC32,50,0.08,detectado_no_corregido,False,9.090909090909092,400,32,440
CRC32,50,0.08,cabecera_perdida,False,9.090909090909092,400,32,440
CRC32,50,0.08,cabecera_perdida,False,9.090909090909092,400,32,440
CRC32,50,0.08,cabecera_perdida,False,9.090909090909092,400,32,440
CRC32,50,0.08,cabecera_perdida,False,9.090909090909092,400,32,440
CRC32,50,0.08,detectado_no_corregido,False,9.090909090909092,400,32,440
CRC32,50,0.08,cabecera_perdida,False,9.090909090909092,400,32,440
CRC32,50,0.08,detectado_no_corregido,False,9.090909090909092,400,32,440
CRC32,50,0.08,detectado_no_corregido,False,9.090909090909092,400,32,440
CRC32,50,0.08,detectado_no_corregido,False,9.090909090909092,400,32,440
CRC32,50,0.08,cabecera_perdida,False,9.090909090909092,400,32,440
CRC32,50,0.08,cabecera_perdida,False,9.090909090909092,400,32,440
CRC32,50,0.08,cabecera_perdida,False,9.090909090909092,400,32,440
CRC32,50,0.08,detectado_no_corregido,False,9.090909090909092,400,32,440
CRC32,50,0.08,cabecera_perdida,False,9.090909090909092,400,32,440
CRC32,50,0.08,detectado_no_corregido,False,9.090909090909092,400,32,440
CRC32,50,0.08,detectado_no_corregido,False,9.090909090909092,400,32,440
CRC32,50,0.08,detectado_no_corregido,False,9.090909090909092,400,32,440
CRC32,50,0.08,cabecera_perdida,False,9.090909090909092,400,32,440
CRC32,50,0.08,detectado_no_corregido,False,9.090909090909092,400,32,440
CRC32,50,0.08,detectado_no_corregido,False,9.090909090909092,400,32,440
CRC32,50,0.08,detectado_no_corregido,False,9.090909090909092,400,32,440
CRC32,50,0.08,detectado_no_corregido,False,9.090909090909092,400,32,440
CRC32,50,0.08,cabecera_perdida,False,9.090909090909092,400,32,440
CRC32,50,0.08,detectado_no_corregido,False,9.090909090909092,400,32,440
CRC32,50,0.08,cabecera_perdida,False,9.090909090909092,400,32,440
CRC32,50,0.08,detectado_no_corregido,False,9.090909090909092,400,32,440
CRC32,50,0.08,cabecera_perdida,False,9.090909090909092,400,32,440
CRC32,50,0.08,cabecera_perdida,False,9.090909090909092,400,32,440
CRC32,50,0.08,cabecera_perdida,False,9.090909090909092,400,32,440
CRC32,50,0.08,cabecera_perdida,False,9.090909090909092,400,32,440
CRC32,50,0.08,detectado_no_corregido,False,9.090909090909092,400,32,440
CRC32,50,0.08,detectado_no_corregido,False,9.090909090909092,400,32,440
CRC32,50,0.08,detectado_no_corregido,False,9.090909090909092,400,32,440
CRC32,50,0.08,detectado_no_corregido,False,9.090909090909092,400,32,440
CRC32,50,0.08,cabecera_perdida,False,9.090909090909092,400,32,440
CRC32,50,0.08,cabecera_perdida,False,9.090909090909092,400,32,440
CRC32,50,0.08,detectado_no_corregido,False,9.090909090909092,400,32,440
CRC32,50,0.08,detectado_no_corregido,False,9.090909090909092,400,32,440
CRC32,50,0.08,cabecera_perdida,False,9.090909090909092,400,32,440
CRC32,50,0.08,cabecera_perdida,False,9.090909090909092,400,32,440
CRC32,50,0.08,cabecera_perdida,False,9.090909090909092,400,32,440
CRC32,50,0.08,detectado_no_corregido,False,9.090909090909092,400,32,440
CRC32,50,0.08,detectado_no_corregido,False,9.090909090909092,400,32,440
CRC32,50,0.08,detectado_no_corregido,False,9.090909090909092,400,32,440
CRC32,50,0.08,detectado_no_corregido,False,9.090909090909092,400,32,440
CRC32,50,0.08,detectado_no_corregido,False,9.090909090909092,400,32,440
CRC32,50,0.08,detectado_no_corregido,False,9.090909090909092,400,32,440
CRC32,50,0.08,detectado_no_corregido,False,9.090909090909092,400,32,440
CRC32,50,0.08,cabecera_perdida,False,9.090909090909092,400,32,440
CRC32,50,0.08,cabecera_perdida,False,9.090909090909092,400,32,440
CRC32,50,0.08,detectado_no_corregido,False,9.090909090909092,400,32,440
CRC32,50,0.08,cabecera_perdida,False,9.090909090909092,400,32,440
CRC32,50,0.08,detectado_no_corregido,False,9.090909090909092,400,32,440
CRC32,50,0.08,cabecera_perdida,False,9.090909090909092,400,32,440
CRC32,50,0.08,detectado_no_corregido,False,9.090909090909092,400,32,440
CRC32,50,0.08,detectado_no_corregido,False,9.090909090909092,400,32,440
CRC32,50,0.08,cabecera_perdida,False,9.090909090909092,400,32,440
CRC32,50,0.08,detectado_no_corregido,False,9.090909090909092,400,32,440
CRC32,50,0.08,cabecera_perdida,False,9.090909090909092,400,32,440
CRC32,50,0.08,cabecera_perdida,False,9.090909090909092,400,32,440
CRC32,50,0.08,detectado_no_corregido,False,9.090909090909092,400,32,440
CRC32,50,0.08,detectado_no_corregido,False,9.090909090909092,400,32,440
CRC32,50,0.08,detectado_no_corregido,False,9.090909090909092,400,32,440
CRC32,50,0.08,cabecera_perdida,False,9.090909090909092,400,32,440
CRC32,50,0.08,detectado_no_corregido,False,9.090909090909092,400,32,440
CRC32,50,0.08,cabecera_perdida,False,9.090909090909092,400,32,440
CRC32,50,0.08,detectado_no_corregido,False,9.090909090909092,400,32,440
CRC32,50,0.08,cabecera_perdida,False,9.090909090909092,400,32,440
CRC32,50,0.08,detectado_no_corregido,False,9.090909090909092,400,32,440
CRC32,50,0.08,cabecera_perdida,False,9.090909090909092,400,32,440
CRC32,50,0.08,detectado_no_corregido,False,9.090909090909092,400,32,440
CRC32,50,0.08,cabecera_perdida,False,9.090909090909092,400,32,440
CRC32,50,0.08,detectado_no_corregido,False,9.090909090909092,400,32,440
CRC32,50,0.08,detectado_no_corregido,False,9.090909090909092,400,32,440
CRC32,50,0.08,cabecera_perdida,False,9.090909090909092,400,32,440
CRC32,50,0.08,cabecera_perdida,False,9.090909090909092,400,32,440
CRC32,50,0.08,cabecera_perdida,False,9.090909090909092,400,32,440
CRC32,50,0.08,detectado_no_corregido,False,9.090909090909092,400,32,440
CRC32,50,0.08,cabecera_perdida,False,9.090909090909092,400,32,440
CRC32,50,0.08,cabecera_perdida,False,9.090909090909092,400,32,440
CRC32,50,0.08,cabecera_perdida,False,9.090909090909092,400,32,440
CRC32,50,0.08,detectado_no_corregido,False,9.090909090909092,400,32,440
CRC32,50,0.08,detectado_no_corregido,False,9.090909090909092,400,32,440
CRC32,50,0.08,detectado_no_corregido,False,9.090909090909092,400,32,440
CRC32,50,0.08,cabecera_perdida,False,9.090909090909092,400,32,440
CRC32,50,0.08,cabecera_perdida,False,9.090909090909092,400,32,440
CRC32,50,0.08,detectado_no_corregido,False,9.090909090909092,400,32,440
CRC32,50,0.08,cabecera_perdida,False,9.090909090909092,400,32,440
CRC32,50,0.08,cabecera_perdida,False,9.090909090909092,400,32,440
CRC32,50,0.08,cabecera_perdida,False,9.090909090909092,400,32,440
CRC32,50,0.08,detectado_no_corregido,False,9.090909090909092,400,32,440
CRC32,50,0.08,cabecera_perdida,False,9.090909090909092,400,32,440
CRC32,50,0.08,detectado_no_corregido,False,9.090909090909092,400,32,440
CRC32,50,0.08,detectado_no_corregido,False,9.090909090909092,400,32,440
CRC32,50,0.08,cabecera_perdida,False,9.090909090909092,400,32,440
CRC32,50,0.08,detectado_no_corregido,False,9.090909090909092,400,32,440
CRC32,50,0.1,cabecera_perdida,False,9.090909090909092,400,32,440
CRC32,50,0.1,detectado_no_corregido,False,9.090909090909092,400,32,440
CRC32,50,0.1,cabecera_perdida,False,9.090909090909092,400,32,440
CRC32,50,0.1,cabecera_perdida,False,9.090909090909092,400,32,440
CRC32,50,0.1,cabecera_perdida,False,9.090909090909092,400,32,440
CRC32,50,0.1,cabecera_perdida,False,9.090909090909092,400,32,440
CRC32,50,0.1,cabecera_perdida,False,9.090909090909092,400,32,440
CRC32,50,0.1,cabecera_perdida,False,9.090909090909092,400,32,440
CRC32,50,0.1,detectado_no_corregido,False,9.090909090909092,400,32,440
CRC32,50,0.1,cabecera_perdida,False,9.090909090909092,400,32,440
CRC32,50,0.1,detectado_no_corregido,False,9.090909090909092,400,32,440
CRC32,50,0.1,cabecera_perdida,False,9.090909090909092,400,32,440
CRC32,50,0.1,cabecera_perdida,False,9.090909090909092,400,32,440
CRC32,50,0.1,cabecera_perdida,False,9.090909090909092,400,32,440
CRC32,50,0.1,cabecera_perdida,False,9.090909090909092,400,32,440
CRC32,50,0.1,cabecera_perdida,False,9.090909090909092,400,32,440
CRC32,50,0.1,cabecera_perdida,False,9.090909090909092,400,32,440
CRC32,50,0.1,cabecera_perdida,False,9.090909090909092,400,32,440
CRC32,50,0.1,cabecera_perdida,False,9.090909090909092,400,32,440
CRC32,50,0.1,cabecera_perdida,False,9.090909090909092,400,32,440
CRC32,50,0.1,detectado_no_corregido,False,9.090909090909092,400,32,440
CRC32,50,0.1,detectado_no_corregido,False,9.090909090909092,400,32,440
CRC32,50,0.1,cabecera_perdida,False,9.090909090909092,400,32,440
CRC32,50,0.1,detectado_no_corregido,False,9.090909090909092,400,32,440
CRC32,50,0.1,cabecera_perdida,False,9.090909090909092,400,32,440
CRC32,50,0.1,cabecera_perdida,False,9.090909090909092,400,32,440
CRC32,50,0.1,cabecera_perdida,False,9.090909090909092,400,32,440
CRC32,50,0.1,cabecera_perdida,False,9.090909090909092,400,32,440
CRC32,50,0.1,cabecera_perdida,False,9.090909090909092,400,32,440
CRC32,50,0.1,cabecera_perdida,False,9.090909090909092,400,32,440
CRC32,50,0.1,cabecera_perdida,False,9.090909090909092,400,32,440
CRC32,50,0.1,detectado_no_corregido,False,9.090909090909092,400,32,440
CRC32,50,0.1,detectado_no_corregido,False,9.090909090909092,400,32,440
CRC32,50,0.1,cabecera_perdida,False,9.090909090909092,400,32,440
CRC32,50,0.1,detectado_no_corregido,False,9.090909090909092,400,32,440
CRC32,50,0.1,detectado_no_corregido,False,9.090909090909092,400,32,440
CRC32,50,0.1,detectado_no_corregido,False,9.090909090909092,400,32,440
CRC32,50,0.1,cabecera_perdida,False,9.090909090909092,400,32,440
CRC32,50,0.1,cabecera_perdida,False,9.090909090909092,400,32,440
CRC32,50,0.1,cabecera_perdida,False,9.090909090909092,400,32,440
CRC32,50,0.1,cabecera_perdida,False,9.090909090909092,400,32,440
CRC32,50,0.1,detectado_no_corregido,False,9.090909090909092,400,32,440
CRC32,50,0.1,detectado_no_corregido,False,9.090909090909092,400,32,440
CRC32,50,0.1,detectado_no_corregido,False,9.090909090909092,400,32,440
CRC32,50,0.1,detectado_no_corregido,False,9.090909090909092,400,32,440
CRC32,50,0.1,cabecera_perdida,False,9.090909090909092,400,32,440
CRC32,50,0.1,detectado_no_corregido,False,9.090909090909092,400,32,440
CRC32,50,0.1,detectado_no_corregido,False,9.090909090909092,400,32,440
CRC32,50,0.1,detectado_no_corregido,False,9.090909090909092,400,32,440
CRC32,50,0.1,detectado_no_corregido,False,9.090909090909092,400,32,440
CRC32,50,0.1,cabecera_perdida,False,9.090909090909092,400,32,440
CRC32,50,0.1,cabecera_perdida,False,9.090909090909092,400,32,440
CRC32,50,0.1,detectado_no_corregido,False,9.090909090909092,400,32,440
CRC32,50,0.1,cabecera_perdida,False,9.090909090909092,400,32,440
CRC32,50,0.1,detectado_no_corregido,False,9.090909090909092,400,32,440
CRC32,50,0.1,cabecera_perdida,False,9.090909090909092,400,32,440
CRC32,50,0.1,detectado_no_corregido,False,9.090909090909092,400,32,440
CRC32,50,0.1,detectado_no_corregido,False,9.090909090909092,400,32,440
CRC32,50,0.1,cabecera_perdida,False,9.090909090909092,400,32,440
CRC32,50,0.1,cabecera_perdida,False,9.090909090909092,400,32,440
CRC32,50,0.1,detectado_no_corregido,False,9.090909090909092,400,32,440
CRC32,50,0.1,detectado_no_corregido,False,9.090909090909092,400,32,440
CRC32,50,0.1,detectado_no_corregido,False,9.090909090909092,400,32,440
CRC32,50,0.1,cabecera_perdida,False,9.090909090909092,400,32,440
CRC32,50,0.1,cabecera_perdida,False,9.090909090909092,400,32,440
CRC32,50,0.1,detectado_no_corregido,False,9.090909090909092,400,32,440
CRC32,50,0.1,detectado_no_corregido,False,9.090909090909092,400,32,440
CRC32,50,0.1,cabecera_perdida,False,9.090909090909092,400,32,440
CRC32,50,0.1,detectado_no_corregido,False,9.090909090909092,400,32,440
CRC32,50,0.1,cabecera_perdida,False,9.090909090909092,400,32,440
CRC32,50,0.1,cabecera_perdida,False,9.090909090909092,400,32,440
CRC32,50,0.1,detectado_no_corregido,False,9.090909090909092,400,32,440
CRC32,50,0.1,cabecera_perdida,False,9.090909090909092,400,32,440
CRC32,50,0.1,detectado_no_corregido,False,9.090909090909092,400,32,440
CRC32,50,0.1,detectado_no_corregido,False,9.090909090909092,400,32,440
CRC32,50,0.1,cabecera_perdida,False,9.090909090909092,400,32,440
CRC32,50,0.1,detectado_no_corregido,False,9.090909090909092,400,32,440
CRC32,50,0.1,cabecera_perdida,False,9.090909090909092,400,32,440
CRC32,50,0.1,cabecera_perdida,False,9.090909090909092,400,32,440
CRC32,50,0.1,detectado_no_corregido,False,9.090909090909092,400,32,440
CRC32,50,0.1,cabecera_perdida,False,9.090909090909092,400,32,440
CRC32,50,0.1,cabecera_perdida,False,9.090909090909092,400,32,440
CRC32,50,0.1,detectado_no_corregido,False,9.090909090909092,400,32,440
CRC32,50,0.1,cabecera_perdida,False,9.090909090909092,400,32,440
CRC32,50,0.1,cabecera_perdida,False,9.090909090909092,400,32,440
CRC32,50,0.1,detectado_no_corregido,False,9.090909090909092,400,32,440
CRC32,50,0.1,cabecera_perdida,False,9.090909090909092,400,32,440
CRC32,50,0.1,cabecera_perdida,False,9.090909090909092,400,32,440
CRC32,50,0.1,detectado_no_corregido,False,9.090909090909092,400,32,440
CRC32,50,0.1,cabecera_perdida,False,9.090909090909092,400,32,440
CRC32,50,0.1,detectado_no_corregido,False,9.090909090909092,400,32,440
CRC32,50,0.1,cabecera_perdida,False,9.090909090909092,400,32,440
CRC32,50,0.1,cabecera_perdida,False,9.090909090909092,400,32,440
CRC32,50,0.1,cabecera_perdida,False,9.090909090909092,400,32,440
CRC32,50,0.1,cabecera_perdida,False,9.090909090909092,400,32,440
CRC32,50,0.1,cabecera_perdida,False,9.090909090909092,400,32,440
CRC32,50,0.1,detectado_no_corregido,False,9.090909090909092,400,32,440
CRC32,50,0.1,cabecera_perdida,False,9.090909090909092,400,32,440
CRC32,50,0.1,detectado_no_corregido,False,9.090909090909092,400,32,440
CRC32,50,0.1,cabecera_perdida,False,9.090909090909092,400,32,440
CRC32,50,0.1,detectado_no_corregido,False,9.090909090909092,400,32,440
CRC32,50,0.1,cabecera_perdida,False,9.090909090909092,400,32,440
CRC32,50,0.1,detectado_no_corregido,False,9.090909090909092,400,32,440
CRC32,50,0.1,cabecera_perdida,False,9.090909090909092,400,32,440
CRC32,50,0.1,cabecera_perdida,False,9.090909090909092,400,32,440
CRC32,50,0.1,detectado_no_corregido,False,9.090909090909092,400,32,440
CRC32,50,0.1,detectado_no_corregido,False,9.090909090909092,400,32,440
CRC32,50,0.1,detectado_no_corregido,False,9.090909090909092,400,32,440
CRC32,50,0.1,cabecera_perdida,False,9.090909090909092,400,32,440
CRC32,50,0.1,cabecera_perdida,False,9.090909090909092,400,32,440
CRC32,50,0.1,cabecera_perdida,False,9.090909090909092,400,32,440
CRC32,50,0.1,detectado_no_corregido,False,9.090909090909092,400,32,440
CRC32,50,0.1,cabecera_perdida,False,9.090909090909092,400,32,440
CRC32,50,0.1,detectado_no_corregido,False,9.090909090909092,400,32,440
CRC32,50,0.1,detectado_no_corregido,False,9.090909090909092,400,32,440
CRC32,50,0.1,detectado_no_corregido,False,9.090909090909092,400,32,440
CRC32,50,0.1,detectado_no_corregido,False,9.090909090909092,400,32,440
CRC32,50,0.1,detectado_no_corregido,False,9.090909090909092,400,32,440
CRC32,50,0.1,cabecera_perdida,False,9.090909090909092,400,32,440
CRC32,50,0.1,detectado_no_corregido,False,9.090909090909092,400,32,440
CRC32,50,0.1,cabecera_perdida,False,9.090909090909092,400,32,440
CRC32,50,0.1,detectado_no_corregido,False,9.090909090909092,400,32,440
CRC32,50,0.1,cabecera_perdida,False,9.090909090909092,400,32,440
CRC32,50,0.1,cabecera_perdida,False,9.090909090909092,400,32,440
CRC32,50,0.1,cabecera_perdida,False,9.090909090909092,400,32,440
CRC32,50,0.1,cabecera_perdida,False,9.090909090909092,400,32,440
CRC32,50,0.1,cabecera_perdida,False,9.090909090909092,400,32,440
CRC32,50,0.1,cabecera_perdida,False,9.090909090909092,400,32,440
CRC32,50,0.1,detectado_no_corregido,False,9.090909090909092,400,32,440
CRC32,50,0.1,cabecera_perdida,False,9.090909090909092,400,32,440
CRC32,50,0.1,detectado_no_corregido,False,9.090909090909092,400,32,440
CRC32,50,0.1,cabecera_perdida,False,9.090909090909092,400,32,440
CRC32,50,0.1,detectado_no_corregido,False,9.090909090909092,400,32,440
CRC32,50,0.1,cabecera_perdida,False,9.090909090909092,400,32,440
CRC32,50,0.1,cabecera_perdida,False,9.090909090909092,400,32,440
CRC32,50,0.1,detectado_no_corregido,False,9.090909090909092,400,32,440
CRC32,50,0.1,cabecera_perdida,False,9.090909090909092,400,32,440
CRC32,50,0.1,detectado_no_corregido,False,9.090909090909092,400,32,440
CRC32,50,0.1,detectado_no_corregido,False,9.090909090909092,400,32,440
CRC32,50,0.1,detectado_no_corregido,False,9.090909090909092,400,32,440
CRC32,50,0.1,detectado_no_corregido,False,9.090909090909092,400,32,440
CRC32,50,0.1,cabecera_perdida,False,9.090909090909092,400,32,440
CRC32,50,0.1,cabecera_perdida,False,9.090909090909092,400,32,440
CRC32,50,0.1,cabecera_perdida,False,9.090909090909092,400,32,440
CRC32,50,0.1,cabecera_perdida,False,9.090909090909092,400,32,440
CRC32,50,0.1,detectado_no_corregido,False,9.090909090909092,400,32,440
CRC32,50,0.1,cabecera_perdida,False,9.090909090909092,400,32,440
CRC32,50,0.1,detectado_no_corregido,False,9.090909090909092,400,32,440
CRC32,50,0.1,cabecera_perdida,False,9.090909090909092,400,32,440
CRC32,50,0.1,detectado_no_corregido,False,9.090909090909092,400,32,440
HAMMING,50,0.0,ok,True,4.07673860911271,400,9,417
HAMMING,50,0.0,ok,True,4.07673860911271,400,9,417
HAMMING,50,0.0,ok,True,4.07673860911271,400,9,417
HAMMING,50,0.0,ok,True,4.07673860911271,400,9,417
HAMMING,50,0.0,ok,True,4.07673860911271,400,9,417
HAMMING,50,0.0,ok,True,4.07673860911271,400,9,417
HAMMING,50,0.0,ok,True,4.07673860911271,400,9,417
HAMMING,50,0.0,ok,True,4.07673860911271,400,9,417
HAMMING,50,0.0,ok,True,4.07673860911271,400,9,417
HAMMING,50,0.0,ok,True,4.07673860911271,400,9,417
HAMMING,50,0.0,ok,True,4.07673860911271,400,9,417
HAMMING,50,0.0,ok,True,4.07673860911271,400,9,417
HAMMING,50,0.0,ok,True,4.07673860911271,400,9,417
HAMMING,50,0.0,ok,True,4.07673860911271,400,9,417
HAMMING,50,0.0,ok,True,4.07673860911271,400,9,417
HAMMING,50,0.0,ok,True,4.07673860911271,400,9,417
HAMMING,50,0.0,ok,True,4.07673860911271,400,9,417
HAMMING,50,0.0,ok,True,4.07673860911271,400,9,417
HAMMING,50,0.0,ok,True,4.07673860911271,400,9,417
HAMMING,50,0.0,ok,True,4.07673860911271,400,9,417
HAMMING,50,0.0,ok,True,4.07673860911271,400,9,417
HAMMING,50,0.0,ok,True,4.07673860911271,400,9,417
HAMMING,50,0.0,ok,True,4.07673860911271,400,9,417
HAMMING,50,0.0,ok,True,4.07673860911271,400,9,417
HAMMING,50,0.0,ok,True,4.07673860911271,400,9,417
HAMMING,50,0.0,ok,True,4.07673860911271,400,9,417
HAMMING,50,0.0,ok,True,4.07673860911271,400,9,417
HAMMING,50,0.0,ok,True,4.07673860911271,400,9,417
HAMMING,50,0.0,ok,True,4.07673860911271,400,9,417
HAMMING,50,0.0,ok,True,4.07673860911271,400,9,417
HAMMING,50,0.0,ok,True,4.07673860911271,400,9,417
HAMMING,50,0.0,ok,True,4.07673860911271,400,9,417
HAMMING,50,0.0,ok,True,4.07673860911271,400,9,417
HAMMING,50,0.0,ok,True,4.07673860911271,400,9,417
HAMMING,50,0.0,ok,True,4.07673860911271,400,9,417
HAMMING,50,0.0,ok,True,4.07673860911271,400,9,417
HAMMING,50,0.0,ok,True,4.07673860911271,400,9,417
HAMMING,50,0.0,ok,True,4.07673860911271,400,9,417
HAMMING,50,0.0,ok,True,4.07673860911271,400,9,417
HAMMING,50,0.0,ok,True,4.07673860911271,400,9,417
HAMMING,50,0.0,ok,True,4.07673860911271,400,9,417
HAMMING,50,0.0,ok,True,4.07673860911271,400,9,417
HAMMING,50,0.0,ok,True,4.07673860911271,400,9,417
HAMMING,50,0.0,ok,True,4.07673860911271,400,9,417
HAMMING,50,0.0,ok,True,4.07673860911271,400,9,417
HAMMING,50,0.0,ok,True,4.07673860911271,400,9,417
HAMMING,50,0.0,ok,True,4.07673860911271,400,9,417
HAMMING,50,0.0,ok,True,4.07673860911271,400,9,417
HAMMING,50,0.0,ok,True,4.07673860911271,400,9,417
HAMMING,50,0.0,ok,True,4.07673860911271,400,9,417
HAMMING,50,0.0,ok,True,4.07673860911271,400,9,417
HAMMING,50,0.0,ok,True,4.07673860911271,400,9,417
HAMMING,50,0.0,ok,True,4.07673860911271,400,9,417
HAMMING,50,0.0,ok,True,4.07673860911271,400,9,417
HAMMING,50,0.0,ok,True,4.07673860911271,400,9,417
HAMMING,50,0.0,ok,True,4.07673860911271,400,9,417
HAMMING,50,0.0,ok,True,4.07673860911271,400,9,417
HAMMING,50,0.0,ok,True,4.07673860911271,400,9,417
HAMMING,50,0.0,ok,True,4.07673860911271,400,9,417
HAMMING,50,0.0,ok,True,4.07673860911271,400,9,417
HAMMING,50,0.0,ok,True,4.07673860911271,400,9,417
HAMMING,50,0.0,ok,True,4.07673860911271,400,9,417
HAMMING,50,0.0,ok,True,4.07673860911271,400,9,417
HAMMING,50,0.0,ok,True,4.07673860911271,400,9,417
HAMMING,50,0.0,ok,True,4.07673860911271,400,9,417
HAMMING,50,0.0,ok,True,4.07673860911271,400,9,417
HAMMING,50,0.0,ok,True,4.07673860911271,400,9,417
HAMMING,50,0.0,ok,True,4.07673860911271,400,9,417
HAMMING,50,0.0,ok,True,4.07673860911271,400,9,417
HAMMING,50,0.0,ok,True,4.07673860911271,400,9,417
HAMMING,50,0.0,ok,True,4.07673860911271,400,9,417
HAMMING,50,0.0,ok,True,4.07673860911271,400,9,417
HAMMING,50,0.0,ok,True,4.07673860911271,400,9,417
HAMMING,50,0.0,ok,True,4.07673860911271,400,9,417
HAMMING,50,0.0,ok,True,4.07673860911271,400,9,417
HAMMING,50,0.0,ok,True,4.07673860911271,400,9,417
HAMMING,50,0.0,ok,True,4.07673860911271,400,9,417
HAMMING,50,0.0,ok,True,4.07673860911271,400,9,417
HAMMING,50,0.0,ok,True,4.07673860911271,400,9,417
HAMMING,50,0.0,ok,True,4.07673860911271,400,9,417
HAMMING,50,0.0,ok,True,4.07673860911271,400,9,417
HAMMING,50,0.0,ok,True,4.07673860911271,400,9,417
HAMMING,50,0.0,ok,True,4.07673860911271,400,9,417
HAMMING,50,0.0,ok,True,4.07673860911271,400,9,417
HAMMING,50,0.0,ok,True,4.07673860911271,400,9,417
HAMMING,50,0.0,ok,True,4.07673860911271,400,9,417
HAMMING,50,0.0,ok,True,4.07673860911271,400,9,417
HAMMING,50,0.0,ok,True,4.07673860911271,400,9,417
HAMMING,50,0.0,ok,True,4.07673860911271,400,9,417
HAMMING,50,0.0,ok,True,4.07673860911271,400,9,417
HAMMING,50,0.0,ok,True,4.07673860911271,400,9,417
HAMMING,50,0.0,ok,True,4.07673860911271,400,9,417
HAMMING,50,0.0,ok,True,4.07673860911271,400,9,417
HAMMING,50,0.0,ok,True,4.07673860911271,400,9,417
HAMMING,50,0.0,ok,True,4.07673860911271,400,9,417
HAMMING,50,0.0,ok,True,4.07673860911271,400,9,417
HAMMING,50,0.0,ok,True,4.07673860911271,400,9,417
HAMMING,50,0.0,ok,True,4.07673860911271,400,9,417
HAMMING,50,0.0,ok,True,4.07673860911271,400,9,417
HAMMING,50,0.0,ok,True,4.07673860911271,400,9,417
HAMMING,50,0.0,ok,True,4.07673860911271,400,9,417
HAMMING,50,0.0,ok,True,4.07673860911271,400,9,417
HAMMING,50,0.0,ok,True,4.07673860911271,400,9,417
HAMMING,50,0.0,ok,True,4.07673860911271,400,9,417
HAMMING,50,0.0,ok,True,4.07673860911271,400,9,417
HAMMING,50,0.0,ok,True,4.07673860911271,400,9,417
HAMMING,50,0.0,ok,True,4.07673860911271,400,9,417
HAMMING,50,0.0,ok,True,4.07673860911271,400,9,417
HAMMING,50,0.0,ok,True,4.07673860911271,400,9,417
HAMMING,50,0.0,ok,True,4.07673860911271,400,9,417
HAMMING,50,0.0,ok,True,4.07673860911271,400,9,417
HAMMING,50,0.0,ok,True,4.07673860911271,400,9,417
HAMMING,50,0.0,ok,True,4.07673860911271,400,9,417
HAMMING,50,0.0,ok,True,4.07673860911271,400,9,417
HAMMING,50,0.0,ok,True,4.07673860911271,400,9,417
HAMMING,50,0.0,ok,True,4.07673860911271,400,9,417
HAMMING,50,0.0,ok,True,4.07673860911271,400,9,417
HAMMING,50,0.0,ok,True,4.07673860911271,400,9,417
HAMMING,50,0.0,ok,True,4.07673860911271,400,9,417
HAMMING,50,0.0,ok,True,4.07673860911271,400,9,417
HAMMING,50,0.0,ok,True,4.07673860911271,400,9,417
HAMMING,50,0.0,ok,True,4.07673860911271,400,9,417
HAMMING,50,0.0,ok,True,4.07673860911271,400,9,417
HAMMING,50,0.0,ok,True,4.07673860911271,400,9,417
HAMMING,50,0.0,ok,True,4.07673860911271,400,9,417
HAMMING,50,0.0,ok,True,4.07673860911271,400,9,417
HAMMING,50,0.0,ok,True,4.07673860911271,400,9,417
HAMMING,50,0.0,ok,True,4.07673860911271,400,9,417
HAMMING,50,0.0,ok,True,4.07673860911271,400,9,417
HAMMING,50,0.0,ok,True,4.07673860911271,400,9,417
HAMMING,50,0.0,ok,True,4.07673860911271,400,9,417
HAMMING,50,0.0,ok,True,4.07673860911271,400,9,417
HAMMING,50,0.0,ok,True,4.07673860911271,400,9,417
HAMMING,50,0.0,ok,True,4.07673860911271,400,9,417
HAMMING,50,0.0,ok,True,4.07673860911271,400,9,417
HAMMING,50,0.0,ok,True,4.07673860911271,400,9,417
HAMMING,50,0.0,ok,True,4.07673860911271,400,9,417
HAMMING,50,0.0,ok,True,4.07673860911271,400,9,417
HAMMING,50,0.0,ok,True,4.07673860911271,400,9,417
HAMMING,50,0.0,ok,True,4.07673860911271,400,9,417
HAMMING,50,0.0,ok,True,4.07673860911271,400,9,417
HAMMING,50,0.0,ok,True,4.07673860911271,400,9,417
HAMMING,50,0.0,ok,True,4.07673860911271,400,9,417
HAMMING,50,0.0,ok,True,4.07673860911271,400,9,417
HAMMING,50,0.0,ok,True,4.07673860911271,400,9,417
HAMMING,50,0.0,ok,True,4.07673860911271,400,9,417
HAMMING,50,0.0,ok,True,4.07673860911271,400,9,417
HAMMING,50,0.0,ok,True,4.07673860911271,400,9,417
HAMMING,50,0.0,ok,True,4.07673860911271,400,9,417
HAMMING,50,0.0,ok,True,4.07673860911271,400,9,417
HAMMING,50,0.001,ok,True,4.07673860911271,400,9,417
HAMMING,50,0.001,corregido,True,4.07673860911271,400,9,417
HAMMING,50,0.001,ok,True,4.07673860911271,400,9,417
HAMMING,50,0.001,ok,True,4.07673860911271,400,9,417
HAMMING,50,0.001,corregido,True,4.07673860911271,400,9,417
HAMMING,50,0.001,corregido,True,4.07673860911271,400,9,417
HAMMING,50,0.001,ok,True,4.07673860911271,400,9,417
HAMMING,50,0.001,corregido,False,4.07673860911271,400,9,417
HAMMING,50,0.001,ok,True,4.07673860911271,400,9,417
HAMMING,50,0.001,ok,True,4.07673860911271,400,9,417
HAMMING,50,0.001,ok,True,4.07673860911271,400,9,417
HAMMING,50,0.001,ok,True,4.07673860911271,400,9,417
HAMMING,50,0.001,corregido,True,4.07673860911271,400,9,417
HAMMING,50,0.001,ok,True,4.07673860911271,400,9,417
HAMMING,50,0.001,ok,True,4.07673860911271,400,9,417
HAMMING,50,0.001,ok,True,4.07673860911271,400,9,417
HAMMING,50,0.001,ok,True,4.07673860911271,400,9,417
HAMMING,50,0.001,corregido,True,4.07673860911271,400,9,417
HAMMING,50,0.001,corregido,False,4.07673860911271,400,9,417
HAMMING,50,0.001,corregido,True,4.07673860911271,400,9,417
HAMMING,50,0.001,ok,True,4.07673860911271,400,9,417
HAMMING,50,0.001,ok,True,4.07673860911271,400,9,417
HAMMING,50,0.001,corregido,True,4.07673860911271,400,9,417
HAMMING,50,0.001,ok,True,4.07673860911271,400,9,417
HAMMING,50,0.001,ok,True,4.07673860911271,400,9,417
HAMMING,50,0.001,ok,True,4.07673860911271,400,9,417
HAMMING,50,0.001,corregido,False,4.07673860911271,400,9,417
HAMMING,50,0.001,ok,True,4.07673860911271,400,9,417
HAMMING,50,0.001,ok,True,4.07673860911271,400,9,417
HAMMING,50,0.001,ok,True,4.07673860911271,400,9,417
HAMMING,50,0.001,ok,True,4.07673860911271,400,9,417
HAMMING,50,0.001,corregido,True,4.07673860911271,400,9,417
HAMMING,50,0.001,ok,True,4.07673860911271,400,9,417
HAMMING,50,0.001,ok,True,4.07673860911271,400,9,417
HAMMING,50,0.001,ok,True,4.07673860911271,400,9,417
HAMMING,50,0.001,ok,True,4.07673860911271,400,9,417
HAMMING,50,0.001,ok,True,4.07673860911271,400,9,417
HAMMING,50,0.001,corregido,True,4.07673860911271,400,9,417
HAMMING,50,0.001,corregido,True,4.07673860911271,400,9,417
HAMMING,50,0.001,corregido,True,4.07673860911271,400,9,417
HAMMING,50,0.001,corregido,True,4.07673860911271,400,9,417
HAMMING,50,0.001,ok,True,4.07673860911271,400,9,417
HAMMING,50,0.001,corregido,True,4.07673860911271,400,9,417
HAMMING,50,0.001,ok,True,4.07673860911271,400,9,417
HAMMING,50,0.001,ok,True,4.07673860911271,400,9,417
HAMMING,50,0.001,corregido,True,4.07673860911271,400,9,417
HAMMING,50,0.001,ok,True,4.07673860911271,400,9,417
HAMMING,50,0.001,ok,True,4.07673860911271,400,9,417
HAMMING,50,0.001,ok,True,4.07673860911271,400,9,417
HAMMING,50,0.001,ok,True,4.07673860911271,400,9,417
HAMMING,50,0.001,corregido,True,4.07673860911271,400,9,417
HAMMING,50,0.001,ok,True,4.07673860911271,400,9,417
HAMMING,50,0.001,corregido,True,4.07673860911271,400,9,417
HAMMING,50,0.001,ok,True,4.07673860911271,400,9,417
HAMMING,50,0.001,ok,True,4.07673860911271,400,9,417
HAMMING,50,0.001,ok,True,4.07673860911271,400,9,417
HAMMING,50,0.001,ok,True,4.07673860911271,400,9,417
HAMMING,50,0.001,no_corregible,False,4.07673860911271,400,9,417
HAMMING,50,0.001,ok,True,4.07673860911271,400,9,417
HAMMING,50,0.001,corregido,True,4.07673860911271,400,9,417
HAMMING,50,0.001,corregido,True,4.07673860911271,400,9,417
HAMMING,50,0.001,ok,True,4.07673860911271,400,9,417
HAMMING,50,0.001,ok,True,4.07673860911271,400,9,417
HAMMING,50,0.001,corregido,False,4.07673860911271,400,9,417
HAMMING,50,0.001,corregido,True,4.07673860911271,400,9,417
HAMMING,50,0.001,ok,True,4.07673860911271,400,9,417
HAMMING,50,0.001,ok,True,4.07673860911271,400,9,417
HAMMING,50,0.001,ok,True,4.07673860911271,400,9,417
HAMMING,50,0.001,ok,True,4.07673860911271,400,9,417
HAMMING,50,0.001,ok,True,4.07673860911271,400,9,417
HAMMING,50,0.001,ok,True,4.07673860911271,400,9,417
HAMMING,50,0.001,ok,True,4.07673860911271,400,9,417
HAMMING,50,0.001,corregido,True,4.07673860911271,400,9,417
HAMMING,50,0.001,ok,True,4.07673860911271,400,9,417
HAMMING,50,0.001,no_corregible,False,4.07673860911271,400,9,417
HAMMING,50,0.001,ok,True,4.07673860911271,400,9,417
HAMMING,50,0.001,ok,True,4.07673860911271,400,9,417
HAMMING,50,0.001,ok,True,4.07673860911271,400,9,417
HAMMING,50,0.001,ok,True,4.07673860911271,400,9,417
HAMMING,50,0.001,corregido,True,4.07673860911271,400,9,417
HAMMING,50,0.001,ok_paridad,True,4.07673860911271,400,9,417
HAMMING,50,0.001,ok,True,4.07673860911271,400,9,417
HAMMING,50,0.001,ok,True,4.07673860911271,400,9,417
HAMMING,50,0.001,ok,True,4.07673860911271,400,9,417
HAMMING,50,0.001,ok,True,4.07673860911271,400,9,417
HAMMING,50,0.001,ok,True,4.07673860911271,400,9,417
HAMMING,50,0.001,ok,True,4.07673860911271,400,9,417
HAMMING,50,0.001,corregido,True,4.07673860911271,400,9,417
HAMMING,50,0.001,corregido,True,4.07673860911271,400,9,417
HAMMING,50,0.001,corregido,True,4.07673860911271,400,9,417
HAMMING,50,0.001,ok,True,4.07673860911271,400,9,417
HAMMING,50,0.001,ok,True,4.07673860911271,400,9,417
HAMMING,50,0.001,corregido,True,4.07673860911271,400,9,417
HAMMING,50,0.001,ok,True,4.07673860911271,400,9,417
HAMMING,50,0.001,ok,True,4.07673860911271,400,9,417
HAMMING,50,0.001,corregido,True,4.07673860911271,400,9,417
HAMMING,50,0.001,ok,True,4.07673860911271,400,9,417
HAMMING,50,0.001,ok,True,4.07673860911271,400,9,417
HAMMING,50,0.001,ok,True,4.07673860911271,400,9,417
HAMMING,50,0.001,ok,True,4.07673860911271,400,9,417
HAMMING,50,0.001,cabecera_perdida,False,4.07673860911271,400,9,417
HAMMING,50,0.001,corregido,True,4.07673860911271,400,9,417
HAMMING,50,0.001,corregido,True,4.07673860911271,400,9,417
HAMMING,50,0.001,ok,True,4.07673860911271,400,9,417
HAMMING,50,0.001,ok,True,4.07673860911271,400,9,417
HAMMING,50,0.001,corregido,True,4.07673860911271,400,9,417
HAMMING,50,0.001,ok,True,4.07673860911271,400,9,417
HAMMING,50,0.001,ok,True,4.07673860911271,400,9,417
HAMMING,50,0.001,corregido,True,4.07673860911271,400,9,417
HAMMING,50,0.001,corregido,True,4.07673860911271,400,9,417
HAMMING,50,0.001,corregido,False,4.07673860911271,400,9,417
HAMMING,50,0.001,ok,True,4.07673860911271,400,9,417
HAMMING,50,0.001,ok,True,4.07673860911271,400,9,417
HAMMING,50,0.001,ok,True,4.07673860911271,400,9,417
HAMMING,50,0.001,ok,True,4.07673860911271,400,9,417
HAMMING,50,0.001,ok,True,4.07673860911271,400,9,417
HAMMING,50,0.001,ok,True,4.07673860911271,400,9,417
HAMMING,50,0.001,ok,True,4.07673860911271,400,9,417
HAMMING,50,0.001,ok,True,4.07673860911271,400,9,417
HAMMING,50,0.001,ok,True,4.07673860911271,400,9,417
HAMMING,50,0.001,ok,True,4.07673860911271,400,9,417
HAMMING,50,0.001,ok,True,4.07673860911271,400,9,417
HAMMING,50,0.001,corregido,True,4.07673860911271,400,9,417
HAMMING,50,0.001,corregido,True,4.07673860911271,400,9,417
HAMMING,50,0.001,ok,True,4.07673860911271,400,9,417
HAMMING,50,0.001,ok,True,4.07673860911271,400,9,417
HAMMING,50,0.001,ok,True,4.07673860911271,400,9,417
HAMMING,50,0.001,ok,True,4.07673860911271,400,9,417
HAMMING,50,0.001,ok,True,4.07673860911271,400,9,417
HAMMING,50,0.001,ok,True,4.07673860911271,400,9,417
HAMMING,50,0.001,ok,True,4.07673860911271,400,9,417
HAMMING,50,0.001,ok,True,4.07673860911271,400,9,417
HAMMING,50,0.001,ok,True,4.07673860911271,400,9,417
HAMMING,50,0.001,ok,True,4.07673860911271,400,9,417
HAMMING,50,0.001,corregido,True,4.07673860911271,400,9,417
HAMMING,50,0.001,ok,True,4.07673860911271,400,9,417
HAMMING,50,0.001,ok,True,4.07673860911271,400,9,417
HAMMING,50,0.001,ok,True,4.07673860911271,400,9,417
HAMMING,50,0.001,corregido,False,4.07673860911271,400,9,417
HAMMING,50,0.001,ok,True,4.07673860911271,400,9,417
HAMMING,50,0.001,ok,True,4.07673860911271,400,9,417
HAMMING,50,0.001,ok,True,4.07673860911271,400,9,417
HAMMING,50,0.001,ok,True,4.07673860911271,400,9,417
HAMMING,50,0.001,ok,True,4.07673860911271,400,9,417
HAMMING,50,0.001,ok_paridad,True,4.07673860911271,400,9,417
HAMMING,50,0.001,corregido,True,4.07673860911271,400,9,417
HAMMING,50,0.001,corregido,True,4.07673860911271,400,9,417
HAMMING,50,0.001,ok,True,4.07673860911271,400,9,417
HAMMING,50,0.001,corregido,True,4.07673860911271,400,9,417
HAMMING,50,0.001,ok,True,4.07673860911271,400,9,417
HAMMING,50,0.002,corregido,False,4.07673860911271,400,9,417
HAMMING,50,0.002,corregido,True,4.07673860911271,400,9,417
HAMMING,50,0.002,ok_paridad,False,4.07673860911271,400,9,417
HAMMING,50,0.002,corregido,True,4.07673860911271,400,9,417
HAMMING,50,0.002,ok,True,4.07673860911271,400,9,417
HAMMING,50,0.002,ok,True,4.07673860911271,400,9,417
HAMMING,50,0.002,ok,True,4.07673860911271,400,9,417
HAMMING,50,0.002,corregido,False,4.07673860911271,400,9,417
HAMMING,50,0.002,corregido,True,4.07673860911271,400,9,417
HAMMING,50,0.002,ok,True,4.07673860911271,400,9,417
HAMMING,50,0.002,corregido,True,4.07673860911271,400,9,417
HAMMING,50,0.002,corregido,False,4.07673860911271,400,9,417
HAMMING,50,0.002,ok,True,4.07673860911271,400,9,417
HAMMING,50,0.002,ok,True,4.07673860911271,400,9,417
HAMMING,50,0.002,corregido,False,4.07673860911271,400,9,417
HAMMING,50,0.002,ok,True,4.07673860911271,400,9,417
HAMMING,50,0.002,ok,True,4.07673860911271,400,9,417
HAMMING,50,0.002,ok,True,4.07673860911271,400,9,417
HAMMING,50,0.002,corregido,True,4.07673860911271,400,9,417
HAMMING,50,0.002,ok,True,4.07673860911271,400,9,417
HAMMING,50,0.002,ok,True,4.07673860911271,400,9,417
HAMMING,50,0.002,corregido,False,4.07673860911271,400,9,417
HAMMING,50,0.002,corregido,True,4.07673860911271,400,9,417
HAMMING,50,0.002,corregido,False,4.07673860911271,400,9,417
HAMMING,50,0.002,corregido,True,4.07673860911271,400,9,417
HAMMING,50,0.002,corregido,True,4.07673860911271,400,9,417
HAMMING,50,0.002,corregido,True,4.07673860911271,400,9,417
HAMMING,50,0.002,corregido,False,4.07673860911271,400,9,417
HAMMING,50,0.002,corregido,False,4.07673860911271,400,9,417
HAMMING,50,0.002,corregido,True,4.07673860911271,400,9,417
HAMMING,50,0.002,ok,True,4.07673860911271,400,9,417
HAMMING,50,0.002,corregido,True,4.07673860911271,400,9,417
HAMMING,50,0.002,corregido,True,4.07673860911271,400,9,417
HAMMING,50,0.002,corregido,False,4.07673860911271,400,9,417
HAMMING,50,0.002,ok,True,4.07673860911271,400,9,417
HAMMING,50,0.002,ok,True,4.07673860911271,400,9,417
HAMMING,50,0.002,corregido,True,4.07673860911271,400,9,417
HAMMING,50,0.002,corregido,True,4.07673860911271,400,9,417
HAMMING,50,0.002,no_corregible,False,4.07673860911271,400,9,417
HAMMING,50,0.002,ok,True,4.07673860911271,400,9,417
HAMMING,50,0.002,corregido,False,4.07673860911271,400,9,417
HAMMING,50,0.002,ok,True,4.07673860911271,400,9,417
HAMMING,50,0.002,corregido,True,4.07673860911271,400,9,417
HAMMING,50,0.002,ok,True,4.07673860911271,400,9,417
HAMMING,50,0.002,corregido,False,4.07673860911271,400,9,417
HAMMING,50,0.002,ok_paridad,False,4.07673860911271,400,9,417
HAMMING,50,0.002,corregido,True,4.07673860911271,400,9,417
HAMMING,50,0.002,corregido,True,4.07673860911271,400,9,417
HAMMING,50,0.002,no_corregible,False,4.07673860911271,400,9,417
HAMMING,50,0.002,corregido,True,4.07673860911271,400,9,417
HAMMING,50,0.002,corregido,True,4.07673860911271,400,9,417
HAMMING,50,0.002,corregido,True,4.07673860911271,400,9,417
HAMMING,50,0.002,ok,True,4.07673860911271,400,9,417
HAMMING,50,0.002,corregido,True,4.07673860911271,400,9,417
HAMMING,50,0.002,corregido,True,4.07673860911271,400,9,417
HAMMING,50,0.002,corregido,True,4.07673860911271,400,9,417
HAMMING,50,0.002,ok,True,4.07673860911271,400,9,417
HAMMING,50,0.002,ok,True,4.07673860911271,400,9,417
HAMMING,50,0.002,corregido,True,4.07673860911271,400,9,417
HAMMING,50,0.002,corregido,True,4.07673860911271,400,9,417
HAMMING,50,0.002,corregido,True,4.07673860911271,400,9,417
HAMMING,50,0.002,corregido,False,4.07673860911271,400,9,417
HAMMING,50,0.002,corregido,True,4.07673860911271,400,9,417
HAMMING,50,0.002,corregido,False,4.07673860911271,400,9,417
HAMMING,50,0.002,ok,True,4.07673860911271,400,9,417
HAMMING,50,0.002,corregido,False,4.07673860911271,400,9,417
HAMMING,50,0.002,corregido,False,4.07673860911271,400,9,417
HAMMING,50,0.002,no_corregible,False,4.07673860911271,400,9,417
HAMMING,50,0.002,ok,True,4.07673860911271,400,9,417
HAMMING,50,0.002,corregido,True,4.07673860911271,400,9,417
HAMMING,50,0.002,ok,True,4.07673860911271,400,9,417
HAMMING,50,0.002,corregido,True,4.07673860911271,400,9,417
HAMMING,50,0.002,ok,True,4.07673860911271,400,9,417
HAMMING,50,0.002,corregido,True,4.07673860911271,400,9,417
HAMMING,50,0.002,ok,True,4.07673860911271,400,9,417
HAMMING,50,0.002,corregido,True,4.07673860911271,400,9,417
HAMMING,50,0.002,ok,True,4.07673860911271,400,9,417
HAMMING,50,0.002,ok,True,4.07673860911271,400,9,417
HAMMING,50,0.002,ok,True,4.07673860911271,400,9,417
HAMMING,50,0.002,ok,True,4.07673860911271,400,9,417
HAMMING,50,0.002,corregido,False,4.07673860911271,400,9,417
HAMMING,50,0.002,ok,True,4.07673860911271,400,9,417
HAMMING,50,0.002,ok,True,4.07673860911271,400,9,417
HAMMING,50,0.002,corregido,False,4.07673860911271,400,9,417
HAMMING,50,0.002,corregido,True,4.07673860911271,400,9,417
HAMMING,50,0.002,corregido,True,4.07673860911271,400,9,417
HAMMING,50,0.002,ok,True,4.07673860911271,400,9,417
HAMMING,50,0.002,no_corregible,False,4.07673860911271,400,9,417
HAMMING,50,0.002,ok,True,4.07673860911271,400,9,417
HAMMING,50,0.002,corregido,False,4.07673860911271,400,9,417
HAMMING,50,0.002,ok,True,4.07673860911271,400,9,417
HAMMING,50,0.002,ok,True,4.07673860911271,400,9,417
HAMMING,50,0.002,ok,True,4.07673860911271,400,9,417
HAMMING,50,0.002,ok,True,4.07673860911271,400,9,417
HAMMING,50,0.002,ok_paridad,True,4.07673860911271,400,9,417
HAMMING,50,0.002,corregido,False,4.07673860911271,400,9,417
HAMMING,50,0.002,ok,True,4.07673860911271,400,9,417
HAMMING,50,0.002,corregido,True,4.07673860911271,400,9,417
HAMMING,50,0.002,ok,True,4.07673860911271,400,9,417
HAMMING,50,0.002,corregido,True,4.07673860911271,400,9,417
HAMMING,50,0.002,corregido,True,4.07673860911271,400,9,417
HAMMING,50,0.002,ok,True,4.07673860911271,400,9,417
HAMMING,50,0.002,ok,True,4.07673860911271,400,9,417
HAMMING,50,0.002,ok,True,4.07673860911271,400,9,417
HAMMING,50,0.002,ok,True,4.07673860911271,400,9,417
HAMMING,50,0.002,corregido,False,4.07673860911271,400,9,417
HAMMING,50,0.002,ok,True,4.07673860911271,400,9,417
HAMMING,50,0.002,ok,True,4.07673860911271,400,9,417
HAMMING,50,0.002,ok,True,4.07673860911271,400,9,417
HAMMING,50,0.002,corregido,True,4.07673860911271,400,9,417
HAMMING,50,0.002,ok,True,4.07673860911271,400,9,417
HAMMING,50,0.002,corregido,True,4.07673860911271,400,9,417
HAMMING,50,0.002,corregido,True,4.07673860911271,400,9,417
HAMMING,50,0.002,corregido,True,4.07673860911271,400,9,417
HAMMING,50,0.002,corregido,True,4.07673860911271,400,9,417
HAMMING,50,0.002,corregido,True,4.07673860911271,400,9,417
HAMMING,50,0.002,corregido,True,4.07673860911271,400,9,417
HAMMING,50,0.002,no_corregible,False,4.07673860911271,400,9,417
HAMMING,50,0.002,corregido,True,4.07673860911271,400,9,417
HAMMING,50,0.002,corregido,False,4.07673860911271,400,9,417
HAMMING,50,0.002,corregido,True,4.07673860911271,400,9,417
HAMMING,50,0.002,ok,True,4.07673860911271,400,9,417
HAMMING,50,0.002,ok,True,4.07673860911271,400,9,417
HAMMING,50,0.002,corregido,True,4.07673860911271,400,9,417
HAMMING,50,0.002,ok,True,4.07673860911271,400,9,417
HAMMING,50,0.002,corregido,True,4.07673860911271,400,9,417
HAMMING,50,0.002,ok,True,4.07673860911271,400,9,417
HAMMING,50,0.002,ok,True,4.07673860911271,400,9,417
HAMMING,50,0.002,ok,True,4.07673860911271,400,9,417
HAMMING,50,0.002,corregido,True,4.07673860911271,400,9,417
HAMMING,50,0.002,ok,True,4.07673860911271,400,9,417
HAMMING,50,0.002,ok,True,4.07673860911271,400,9,417
HAMMING,50,0.002,corregido,True,4.07673860911271,400,9,417
HAMMING,50,0.002,ok,True,4.07673860911271,400,9,417
HAMMING,50,0.002,ok,True,4.07673860911271,400,9,417
HAMMING,50,0.002,ok,True,4.07673860911271,400,9,417
HAMMING,50,0.002,no_corregible,False,4.07673860911271,400,9,417
HAMMING,50,0.002,corregido,True,4.07673860911271,400,9,417
HAMMING,50,0.002,ok,True,4.07673860911271,400,9,417
HAMMING,50,0.002,ok,True,4.07673860911271,400,9,417
HAMMING,50,0.002,corregido,True,4.07673860911271,400,9,417
HAMMING,50,0.002,ok,True,4.07673860911271,400,9,417
HAMMING,50,0.002,corregido,True,4.07673860911271,400,9,417
HAMMING,50,0.002,corregido,True,4.07673860911271,400,9,417
HAMMING,50,0.002,corregido,True,4.07673860911271,400,9,417
HAMMING,50,0.002,corregido,True,4.07673860911271,400,9,417
HAMMING,50,0.002,ok,True,4.07673860911271,400,9,417
HAMMING,50,0.002,ok,True,4.07673860911271,400,9,417
HAMMING,50,0.002,ok,True,4.07673860911271,400,9,417
HAMMING,50,0.002,ok,True,4.07673860911271,400,9,417
HAMMING,50,0.005,corregido,True,4.07673860911271,400,9,417
HAMMING,50,0.005,corregido,False,4.07673860911271,400,9,417
HAMMING,50,0.005,corregido,False,4.07673860911271,400,9,417
HAMMING,50,0.005,corregido,True,4.07673860911271,400,9,417
HAMMING,50,0.005,corregido,True,4.07673860911271,400,9,417
HAMMING,50,0.005,corregido,False,4.07673860911271,400,9,417
HAMMING,50,0.005,corregido,True,4.07673860911271,400,9,417
HAMMING,50,0.005,corregido,True,4.07673860911271,400,9,417
HAMMING,50,0.005,corregido,False,4.07673860911271,400,9,417
HAMMING,50,0.005,corregido,False,4.07673860911271,400,9,417
HAMMING,50,0.005,corregido,False,4.07673860911271,400,9,417
HAMMING,50,0.005,corregido,True,4.07673860911271,400,9,417
HAMMING,50,0.005,corregido,False,4.07673860911271,400,9,417
HAMMING,50,0.005,corregido,False,4.07673860911271,400,9,417
HAMMING,50,0.005,corregido,False,4.07673860911271,400,9,417
HAMMING,50,0.005,ok,True,4.07673860911271,400,9,417
HAMMING,50,0.005,corregido,False,4.07673860911271,400,9,417
HAMMING,50,0.005,corregido,True,4.07673860911271,400,9,417
HAMMING,50,0.005,corregido,True,4.07673860911271,400,9,417
HAMMING,50,0.005,corregido,False,4.07673860911271,400,9,417
HAMMING,50,0.005,ok,True,4.07673860911271,400,9,417
HAMMING,50,0.005,no_corregible,False,4.07673860911271,400,9,417
HAMMING,50,0.005,corregido,False,4.07673860911271,400,9,417
HAMMING,50,0.005,corregido,True,4.07673860911271,400,9,417
HAMMING,50,0.005,ok,True,4.07673860911271,400,9,417
HAMMING,50,0.005,no_corregible,False,4.07673860911271,400,9,417
HAMMING,50,0.005,corregido,False,4.07673860911271,400,9,417
HAMMING,50,0.005,corregido,True,4.07673860911271,400,9,417
HAMMING,50,0.005,corregido,False,4.07673860911271,400,9,417
HAMMING,50,0.005,corregido,False,4.07673860911271,400,9,417
HAMMING,50,0.005,corregido,False,4.07673860911271,400,9,417
HAMMING,50,0.005,corregido,True,4.07673860911271,400,9,417
HAMMING,50,0.005,corregido,False,4.07673860911271,400,9,417
HAMMING,50,0.005,no_corregible,False,4.07673860911271,400,9,417
HAMMING,50,0.005,corregido,False,4.07673860911271,400,9,417
HAMMING,50,0.005,corregido,False,4.07673860911271,400,9,417
HAMMING,50,0.005,ok,True,4.07673860911271,400,9,417
HAMMING,50,0.005,corregido,True,4.07673860911271,400,9,417
HAMMING,50,0.005,corregido,False,4.07673860911271,400,9,417
HAMMING,50,0.005,corregido,False,4.07673860911271,400,9,417
HAMMING,50,0.005,cabecera_perdida,False,4.07673860911271,400,9,417
HAMMING,50,0.005,corregido,True,4.07673860911271,400,9,417
HAMMING,50,0.005,corregido,True,4.07673860911271,400,9,417
HAMMING,50,0.005,corregido,False,4.07673860911271,400,9,417
HAMMING,50,0.005,corregido,False,4.07673860911271,400,9,417
HAMMING,50,0.005,corregido,True,4.07673860911271,400,9,417
HAMMING,50,0.005,ok,True,4.07673860911271,400,9,417
HAMMING,50,0.005,no_corregible,False,4.07673860911271,400,9,417
HAMMING,50,0.005,corregido,False,4.07673860911271,400,9,417
HAMMING,50,0.005,no_corregible,False,4.07673860911271,400,9,417
HAMMING,50,0.005,no_corregible,False,4.07673860911271,400,9,417
HAMMING,50,0.005,corregido,True,4.07673860911271,400,9,417
HAMMING,50,0.005,corregido,False,4.07673860911271,400,9,417
HAMMING,50,0.005,corregido,False,4.07673860911271,400,9,417
HAMMING,50,0.005,corregido,True,4.07673860911271,400,9,417
HAMMING,50,0.005,corregido,False,4.07673860911271,400,9,417
HAMMING,50,0.005,corregido,False,4.07673860911271,400,9,417
HAMMING,50,0.005,corregido,False,4.07673860911271,400,9,417
HAMMING,50,0.005,corregido,False,4.07673860911271,400,9,417
HAMMING,50,0.005,corregido,True,4.07673860911271,400,9,417
HAMMING,50,0.005,corregido,True,4.07673860911271,400,9,417
HAMMING,50,0.005,cabecera_perdida,False,4.07673860911271,400,9,417
HAMMING,50,0.005,corregido,False,4.07673860911271,400,9,417
HAMMING,50,0.005,corregido,False,4.07673860911271,400,9,417
HAMMING,50,0.005,corregido,False,4.07673860911271,400,9,417
HAMMING,50,0.005,cabecera_perdida,False,4.07673860911271,400,9,417
HAMMING,50,0.005,corregido,True,4.07673860911271,400,9,417
HAMMING,50,0.005,corregido,False,4.07673860911271,400,9,417
HAMMING,50,0.005,corregido,False,4.07673860911271,400,9,417
HAMMING,50,0.005,corregido,False,4.07673860911271,400,9,417
HAMMING,50,0.005,corregido,False,4.07673860911271,400,9,417
HAMMING,50,0.005,corregido,True,4.07673860911271,400,9,417
HAMMING,50,0.005,corregido,True,4.07673860911271,400,9,417
HAMMING,50,0.005,corregido,True,4.07673860911271,400,9,417
HAMMING,50,0.005,corregido,False,4.07673860911271,400,9,417
HAMMING,50,0.005,corregido,False,4.07673860911271,400,9,417
HAMMING,50,0.005,ok,True,4.07673860911271,400,9,417
HAMMING,50,0.005,corregido,False,4.07673860911271,400,9,417
HAMMING,50,0.005,no_corregible,False,4.07673860911271,400,9,417
HAMMING,50,0.005,corregido,False,4.07673860911271,400,9,417
HAMMING,50,0.005,corregido,True,4.07673860911271,400,9,417
HAMMING,50,0.005,no_corregible,False,4.07673860911271,400,9,417
HAMMING,50,0.005,corregido,False,4.07673860911271,400,9,417
HAMMING,50,0.005,corregido,True,4.07673860911271,400,9,417
HAMMING,50,0.005,cabecera_perdida,False,4.07673860911271,400,9,417
HAMMING,50,0.005,corregido,True,4.07673860911271,400,9,417
HAMMING,50,0.005,corregido,False,4.07673860911271,400,9,417
HAMMING,50,0.005,no_corregible,False,4.07673860911271,400,9,417
HAMMING,50,0.005,corregido,False,4.07673860911271,400,9,417
HAMMING,50,0.005,corregido,True,4.07673860911271,400,9,417
HAMMING,50,0.005,corregido,False,4.07673860911271,400,9,417
HAMMING,50,0.005,corregido,False,4.07673860911271,400,9,417
HAMMING,50,0.005,corregido,False,4.07673860911271,400,9,417
HAMMING,50,0.005,corregido,False,4.07673860911271,400,9,417
HAMMING,50,0.005,corregido,False,4.07673860911271,400,9,417
HAMMING,50,0.005,corregido,False,4.07673860911271,400,9,417
HAMMING,50,0.005,corregido,False,4.07673860911271,400,9,417
HAMMING,50,0.005,corregido,False,4.07673860911271,400,9,417
HAMMING,50,0.005,corregido,True,4.07673860911271,400,9,417
HAMMING,50,0.005,corregido,True,4.07673860911271,400,9,417
HAMMING,50,0.005,corregido,True,4.07673860911271,400,9,417
HAMMING,50,0.005,ok,True,4.07673860911271,400,9,417
HAMMING,50,0.005,corregido,False,4.07673860911271,400,9,417
HAMMING,50,0.005,corregido,True,4.07673860911271,400,9,417
HAMMING,50,0.005,ok_paridad,False,4.07673860911271,400,9,417
HAMMING,50,0.005,corregido,False,4.07673860911271,400,9,417
HAMMING,50,0.005,corregido,False,4.07673860911271,400,9,417
HAMMING,50,0.005,corregido,True,4.07673860911271,400,9,417
HAMMING,50,0.005,corregido,False,4.07673860911271,400,9,417
HAMMING,50,0.005,no_corregible,False,4.07673860911271,400,9,417
HAMMING,50,0.005,no_corregible,False,4.07673860911271,400,9,417
HAMMING,50,0.005,corregido,False,4.07673860911271,400,9,417
HAMMING,50,0.005,ok,True,4.07673860911271,400,9,417
HAMMING,50,0.005,corregido,False,4.07673860911271,400,9,417
HAMMING,50,0.005,corregido,False,4.07673860911271,400,9,417
HAMMING,50,0.005,no_corregible,False,4.07673860911271,400,9,417
HAMMING,50,0.005,corregido,True,4.07673860911271,400,9,417
HAMMING,50,0.005,no_corregible,False,4.07673860911271,400,9,417
HAMMING,50,0.005,ok,True,4.07673860911271,400,9,417
HAMMING,50,0.005,corregido,False,4.07673860911271,400,9,417
HAMMING,50,0.005,corregido,True,4.07673860911271,400,9,417
HAMMING,50,0.005,no_corregible,False,4.07673860911271,400,9,417
HAMMING,50,0.005,ok,True,4.07673860911271,400,9,417
HAMMING,50,0.005,corregido,False,4.07673860911271,400,9,417
HAMMING,50,0.005,corregido,True,4.07673860911271,400,9,417
HAMMING,50,0.005,corregido,False,4.07673860911271,400,9,417
HAMMING,50,0.005,corregido,False,4.07673860911271,400,9,417
HAMMING,50,0.005,corregido,True,4.07673860911271,400,9,417
HAMMING,50,0.005,corregido,False,4.07673860911271,400,9,417
HAMMING,50,0.005,no_corregible,False,4.07673860911271,400,9,417
HAMMING,50,0.005,cabecera_perdida,False,4.07673860911271,400,9,417
HAMMING,50,0.005,corregido,False,4.07673860911271,400,9,417
HAMMING,50,0.005,corregido,False,4.07673860911271,400,9,417
HAMMING,50,0.005,no_corregible,False,4.07673860911271,400,9,417
HAMMING,50,0.005,corregido,False,4.07673860911271,400,9,417
HAMMING,50,0.005,corregido,False,4.07673860911271,400,9,417
HAMMING,50,0.005,cabecera_perdida,False,4.07673860911271,400,9,417
HAMMING,50,0.005,corregido,False,4.07673860911271,400,9,417
HAMMING,50,0.005,corregido,True,4.07673860911271,400,9,417
HAMMING,50,0.005,corregido,False,4.07673860911271,400,9,417
HAMMING,50,0.005,ok,True,4.07673860911271,400,9,417
HAMMING,50,0.005,corregido,True,4.07673860911271,400,9,417
HAMMING,50,0.005,corregido,True,4.07673860911271,400,9,417
HAMMING,50,0.005,corregido,False,4.07673860911271,400,9,417
HAMMING,50,0.005,corregido,False,4.07673860911271,400,9,417
HAMMING,50,0.005,corregido,True,4.07673860911271,400,9,417
HAMMING,50,0.005,corregido,False,4.07673860911271,400,9,417
HAMMING,50,0.005,ok,True,4.07673860911271,400,9,417
HAMMING,50,0.005,corregido,False,4.07673860911271,400,9,417
HAMMING,50,0.005,corregido,False,4.07673860911271,400,9,417
HAMMING,50,0.01,corregido,False,4.07673860911271,400,9,417
HAMMING,50,0.01,corregido,False,4.07673860911271,400,9,417
HAMMING,50,0.01,no_corregible,False,4.07673860911271,400,9,417
HAMMING,50,0.01,corregido,True,4.07673860911271,400,9,417
HAMMING,50,0.01,corregido,False,4.07673860911271,400,9,417
HAMMING,50,0.01,no_corregible,False,4.07673860911271,400,9,417
HAMMING,50,0.01,cabecera_perdida,False,4.07673860911271,400,9,417
HAMMING,50,0.01,no_corregible,False,4.07673860911271,400,9,417
HAMMING,50,0.01,no_corregible,False,4.07673860911271,400,9,417
HAMMING,50,0.01,no_corregible,False,4.07673860911271,400,9,417
HAMMING,50,0.01,corregido,False,4.07673860911271,400,9,417
HAMMING,50,0.01,corregido,False,4.07673860911271,400,9,417
HAMMING,50,0.01,corregido,False,4.07673860911271,400,9,417
HAMMING,50,0.01,corregido,False,4.07673860911271,400,9,417
HAMMING,50,0.01,cabecera_perdida,False,4.07673860911271,400,9,417
HAMMING,50,0.01,corregido,True,4.07673860911271,400,9,417
HAMMING,50,0.01,corregido,False,4.07673860911271,400,9,417
HAMMING,50,0.01,corregido,False,4.07673860911271,400,9,417
HAMMING,50,0.01,corregido,False,4.07673860911271,400,9,417
HAMMING,50,0.01,no_corregible,False,4.07673860911271,400,9,417
HAMMING,50,0.01,corregido,False,4.07673860911271,400,9,417
HAMMING,50,0.01,cabecera_perdida,False,4.07673860911271,400,9,417
HAMMING,50,0.01,corregido,False,4.07673860911271,400,9,417
HAMMING,50,0.01,cabecera_perdida,False,4.07673860911271,400,9,417
HAMMING,50,0.01,corregido,False,4.07673860911271,400,9,417
HAMMING,50,0.01,corregido,False,4.07673860911271,400,9,417
HAMMING,50,0.01,corregido,False,4.07673860911271,400,9,417
HAMMING,50,0.01,corregido,False,4.07673860911271,400,9,417
HAMMING,50,0.01,corregido,False,4.07673860911271,400,9,417
HAMMING,50,0.01,corregido,True,4.07673860911271,400,9,417
HAMMING,50,0.01,corregido,False,4.07673860911271,400,9,417
HAMMING,50,0.01,corregido,True,4.07673860911271,400,9,417
HAMMING,50,0.01,corregido,False,4.07673860911271,400,9,417
HAMMING,50,0.01,corregido,False,4.07673860911271,400,9,417
HAMMING,50,0.01,no_corregible,False,4.07673860911271,400,9,417
HAMMING,50,0.01,no_corregible,False,4.07673860911271,400,9,417
HAMMING,50,0.01,no_corregible,False,4.07673860911271,400,9,417
HAMMING,50,0.01,corregido,False,4.07673860911271,400,9,417
HAMMING,50,0.01,corregido,False,4.07673860911271,400,9,417
HAMMING,50,0.01,corregido,True,4.07673860911271,400,9,417
HAMMING,50,0.01,no_corregible,False,4.07673860911271,400,9,417
HAMMING,50,0.01,cabecera_perdida,False,4.07673860911271,400,9,417
HAMMING,50,0.01,corregido,False,4.07673860911271,400,9,417
HAMMING,50,0.01,corregido,False,4.07673860911271,400,9,417
HAMMING,50,0.01,corregido,False,4.07673860911271,400,9,417
HAMMING,50,0.01,cabecera_perdida,False,4.07673860911271,400,9,417
HAMMING,50,0.01,corregido,False,4.07673860911271,400,9,417
HAMMING,50,0.01,cabecera_perdida,False,4.07673860911271,400,9,417
HAMMING,50,0.01,corregido,True,4.07673860911271,400,9,417
HAMMING,50,0.01,corregido,False,4.07673860911271,400,9,417
HAMMING,50,0.01,no_corregible,False,4.07673860911271,400,9,417
HAMMING,50,0.01,no_corregible,False,4.07673860911271,400,9,417
HAMMING,50,0.01,corregido,False,4.07673860911271,400,9,417
HAMMING,50,0.01,corregido,False,4.07673860911271,400,9,417
HAMMING,50,0.01,no_corregible,False,4.07673860911271,400,9,417
HAMMING,50,0.01,no_corregible,False,4.07673860911271,400,9,417
HAMMING,50,0.01,corregido,False,4.07673860911271,400,9,417
HAMMING,50,0.01,corregido,False,4.07673860911271,400,9,417
HAMMING,50,0.01,corregido,False,4.07673860911271,400,9,417
HAMMING,50,0.01,corregido,False,4.07673860911271,400,9,417
HAMMING,50,0.01,corregido,False,4.07673860911271,400,9,417
HAMMING,50,0.01,corregido,False,4.07673860911271,400,9,417
HAMMING,50,0.01,corregido,False,4.07673860911271,400,9,417
HAMMING,50,0.01,cabecera_perdida,False,4.07673860911271,400,9,417
HAMMING,50,0.01,corregido,False,4.07673860911271,400,9,417
HAMMING,50,0.01,no_corregible,False,4.07673860911271,400,9,417
HAMMING,50,0.01,corregido,False,4.07673860911271,400,9,417
HAMMING,50,0.01,corregido,False,4.07673860911271,400,9,417
HAMMING,50,0.01,ok_paridad,False,4.07673860911271,400,9,417
HAMMING,50,0.01,corregido,False,4.07673860911271,400,9,417
HAMMING,50,0.01,corregido,False,4.07673860911271,400,9,417
HAMMING,50,0.01,ok_paridad,False,4.07673860911271,400,9,417
HAMMING,50,0.01,no_corregible,False,4.07673860911271,400,9,417
HAMMING,50,0.01,no_corregible,False,4.07673860911271,400,9,417
HAMMING,50,0.01,corregido,False,4.07673860911271,400,9,417
HAMMING,50,0.01,corregido,True,4.07673860911271,400,9,417
HAMMING,50,0.01,corregido,False,4.07673860911271,400,9,417
HAMMING,50,0.01,corregido,False,4.07673860911271,400,9,417
HAMMING,50,0.01,corregido,False,4.07673860911271,400,9,417
HAMMING,50,0.01,corregido,False,4.07673860911271,400,9,417
HAMMING,50,0.01,ok,True,4.07673860911271,400,9,417
HAMMING,50,0.01,corregido,False,4.07673860911271,400,9,417
HAMMING,50,0.01,corregido,False,4.07673860911271,400,9,417
HAMMING,50,0.01,no_corregible,False,4.07673860911271,400,9,417
HAMMING,50,0.01,corregido,False,4.07673860911271,400,9,417
HAMMING,50,0.01,corregido,False,4.07673860911271,400,9,417
HAMMING,50,0.01,corregido,False,4.07673860911271,400,9,417
HAMMING,50,0.01,corregido,False,4.07673860911271,400,9,417
HAMMING,50,0.01,corregido,False,4.07673860911271,400,9,417
HAMMING,50,0.01,no_corregible,False,4.07673860911271,400,9,417
HAMMING,50,0.01,corregido,False,4.07673860911271,400,9,417
HAMMING,50,0.01,corregido,False,4.07673860911271,400,9,417
HAMMING,50,0.01,corregido,False,4.07673860911271,400,9,417
HAMMING,50,0.01,no_corregible,False,4.07673860911271,400,9,417
HAMMING,50,0.01,cabecera_perdida,False,4.07673860911271,400,9,417
HAMMING,50,0.01,corregido,False,4.07673860911271,400,9,417
HAMMING,50,0.01,corregido,False,4.07673860911271,400,9,417
HAMMING,50,0.01,corregido,False,4.07673860911271,400,9,417
HAMMING,50,0.01,no_corregible,False,4.07673860911271,400,9,417
HAMMING,50,0.01,corregido,True,4.07673860911271,400,9,417
HAMMING,50,0.01,corregido,False,4.07673860911271,400,9,417
HAMMING,50,0.01,corregido,False,4.07673860911271,400,9,417
HAMMING,50,0.01,corregido,False,4.07673860911271,400,9,417
HAMMING,50,0.01,corregido,False,4.07673860911271,400,9,417
HAMMING,50,0.01,corregido,False,4.07673860911271,400,9,417
HAMMING,50,0.01,no_corregible,False,4.07673860911271,400,9,417
HAMMING,50,0.01,corregido,False,4.07673860911271,400,9,417
HAMMING,50,0.01,cabecera_perdida,False,4.07673860911271,400,9,417
HAMMING,50,0.01,corregido,False,4.07673860911271,400,9,417
HAMMING,50,0.01,no_corregible,False,4.07673860911271,400,9,417
HAMMING,50,0.01,corregido,False,4.07673860911271,400,9,417
HAMMING,50,0.01,corregido,False,4.07673860911271,400,9,417
HAMMING,50,0.01,no_corregible,False,4.07673860911271,400,9,417
HAMMING,50,0.01,corregido,True,4.07673860911271,400,9,417
HAMMING,50,0.01,corregido,True,4.07673860911271,400,9,417
HAMMING,50,0.01,no_corregible,False,4.07673860911271,400,9,417
HAMMING,50,0.01,corregido,False,4.07673860911271,400,9,417
HAMMING,50,0.01,corregido,True,4.07673860911271,400,9,417
HAMMING,50,0.01,no_corregible,False,4.07673860911271,400,9,417
HAMMING,50,0.01,cabecera_perdida,False,4.07673860911271,400,9,417
HAMMING,50,0.01,corregido,False,4.07673860911271,400,9,417
HAMMING,50,0.01,corregido,False,4.07673860911271,400,9,417
HAMMING,50,0.01,no_corregible,False,4.07673860911271,400,9,417
HAMMING,50,0.01,cabecera_perdida,False,4.07673860911271,400,9,417
HAMMING,50,0.01,corregido,False,4.07673860911271,400,9,417
HAMMING,50,0.01,corregido,True,4.07673860911271,400,9,417
HAMMING,50,0.01,corregido,False,4.07673860911271,400,9,417
HAMMING,50,0.01,corregido,False,4.07673860911271,400,9,417
HAMMING,50,0.01,corregido,False,4.07673860911271,400,9,417
HAMMING,50,0.01,no_corregible,False,4.07673860911271,400,9,417
HAMMING,50,0.01,cabecera_perdida,False,4.07673860911271,400,9,417
HAMMING,50,0.01,corregido,False,4.07673860911271,400,9,417
HAMMING,50,0.01,ok,True,4.07673860911271,400,9,417
HAMMING,50,0.01,no_corregible,False,4.07673860911271,400,9,417
HAMMING,50,0.01,corregido,False,4.07673860911271,400,9,417
HAMMING,50,0.01,corregido,False,4.07673860911271,400,9,417
HAMMING,50,0.01,no_corregible,False,4.07673860911271,400,9,417
HAMMING,50,0.01,no_corregible,False,4.07673860911271,400,9,417
HAMMING,50,0.01,corregido,False,4.07673860911271,400,9,417
HAMMING,50,0.01,no_corregible,False,4.07673860911271,400,9,417
HAMMING,50,0.01,corregido,False,4.07673860911271,400,9,417
HAMMING,50,0.01,ok,True,4.07673860911271,400,9,417
HAMMING,50,0.01,no_corregible,False,4.07673860911271,400,9,417
HAMMING,50,0.01,no_corregible,False,4.07673860911271,400,9,417
HAMMING,50,0.01,corregido,False,4.07673860911271,400,9,417
HAMMING,50,0.01,corregido,False,4.07673860911271,400,9,417
HAMMING,50,0.01,corregido,False,4.07673860911271,400,9,417
HAMMING,50,0.01,corregido,True,4.07673860911271,400,9,417
HAMMING,50,0.01,corregido,False,4.07673860911271,400,9,417
HAMMING,50,0.01,corregido,False,4.07673860911271,400,9,417
HAMMING,50,0.02,corregido,False,4.07673860911271,400,9,417
HAMMING,50,0.02,no_corregible,False,4.07673860911271,400,9,417
HAMMING,50,0.02,no_corregible,False,4.07673860911271,400,9,417
HAMMING,50,0.02,trama_invalida,False,4.07673860911271,400,9,417
HAMMING,50,0.02,corregido,False,4.07673860911271,400,9,417
HAMMING,50,0.02,corregido,False,4.07673860911271,400,9,417
HAMMING,50,0.02,corregido,False,4.07673860911271,400,9,417
HAMMING,50,0.02,corregido,False,4.07673860911271,400,9,417
HAMMING,50,0.02,corregido,False,4.07673860911271,400,9,417
HAMMING,50,0.02,corregido,False,4.07673860911271,400,9,417
HAMMING,50,0.02,corregido,False,4.07673860911271,400,9,417
HAMMING,50,0.02,cabecera_perdida,False,4.07673860911271,400,9,417
HAMMING,50,0.02,corregido,False,4.07673860911271,400,9,417
HAMMING,50,0.02,corregido,False,4.07673860911271,400,9,417
HAMMING,50,0.02,corregido,False,4.07673860911271,400,9,417
HAMMING,50,0.02,corregido,False,4.07673860911271,400,9,417
HAMMING,50,0.02,cabecera_perdida,False,4.07673860911271,400,9,417
HAMMING,50,0.02,corregido,False,4.07673860911271,400,9,417
HAMMING,50,0.02,corregido,False,4.07673860911271,400,9,417
HAMMING,50,0.02,corregido,False,4.07673860911271,400,9,417
HAMMING,50,0.02,corregido,False,4.07673860911271,400,9,417
HAMMING,50,0.02,corregido,False,4.07673860911271,400,9,417
HAMMING,50,0.02,corregido,False,4.07673860911271,400,9,417
HAMMING,50,0.02,corregido,False,4.07673860911271,400,9,417
HAMMING,50,0.02,corregido,False,4.07673860911271,400,9,417
HAMMING,50,0.02,corregido,False,4.07673860911271,400,9,417
HAMMING,50,0.02,corregido,False,4.07673860911271,400,9,417
HAMMING,50,0.02,corregido,False,4.07673860911271,400,9,417
HAMMING,50,0.02,corregido,False,4.07673860911271,400,9,417
HAMMING,50,0.02,no_corregible,False,4.07673860911271,400,9,417
HAMMING,50,0.02,corregido,False,4.07673860911271,400,9,417
HAMMING,50,0.02,corregido,False,4.07673860911271,400,9,417
HAMMING,50,0.02,corregido,False,4.07673860911271,400,9,417
HAMMING,50,0.02,corregido,False,4.07673860911271,400,9,417
HAMMING,50,0.02,corregido,False,4.07673860911271,400,9,417
HAMMING,50,0.02,corregido,False,4.07673860911271,400,9,417
HAMMING,50,0.02,corregido,False,4.07673860911271,400,9,417
HAMMING,50,0.02,cabecera_perdida,False,4.07673860911271,400,9,417
HAMMING,50,0.02,cabecera_perdida,False,4.07673860911271,400,9,417
HAMMING,50,0.02,no_corregible,False,4.07673860911271,400,9,417
HAMMING,50,0.02,corregido,False,4.07673860911271,400,9,417
HAMMING,50,0.02,corregido,False,4.07673860911271,400,9,417
HAMMING,50,0.02,no_corregible,False,4.07673860911271,400,9,417
HAMMING,50,0.02,cabecera_perdida,False,4.07673860911271,400,9,417
HAMMING,50,0.02,corregido,False,4.07673860911271,400,9,417
HAMMING,50,0.02,corregido,False,4.07673860911271,400,9,417
HAMMING,50,0.02,corregido,False,4.07673860911271,400,9,417
HAMMING,50,0.02,corregido,False,4.07673860911271,400,9,417
HAMMING,50,0.02,corregido,False,4.07673860911271,400,9,417
HAMMING,50,0.02,no_corregible,False,4.07673860911271,400,9,417
HAMMING,50,0.02,no_corregible,False,4.07673860911271,400,9,417
HAMMING,50,0.02,corregido,False,4.07673860911271,400,9,417
HAMMING,50,0.02,no_corregible,False,4.07673860911271,400,9,417
HAMMING,50,0.02,corregido,False,4.07673860911271,400,9,417
HAMMING,50,0.02,corregido,False,4.07673860911271,400,9,417
HAMMING,50,0.02,corregido,False,4.07673860911271,400,9,417
HAMMING,50,0.02,no_corregible,False,4.07673860911271,400,9,417
HAMMING,50,0.02,corregido,False,4.07673860911271,400,9,417
HAMMING,50,0.02,ok,False,4.07673860911271,400,9,417
HAMMING,50,0.02,corregido,False,4.07673860911271,400,9,417
HAMMING,50,0.02,cabecera_perdida,False,4.07673860911271,400,9,417
HAMMING,50,0.02,cabecera_perdida,False,4.07673860911271,400,9,417
HAMMING,50,0.02,no_corregible,False,4.07673860911271,400,9,417
HAMMING,50,0.02,corregido,False,4.07673860911271,400,9,417
HAMMING,50,0.02,corregido,False,4.07673860911271,400,9,417
HAMMING,50,0.02,corregido,False,4.07673860911271,400,9,417
HAMMING,50,0.02,corregido,False,4.07673860911271,400,9,417
HAMMING,50,0.02,corregido,False,4.07673860911271,400,9,417
HAMMING,50,0.02,corregido,False,4.07673860911271,400,9,417
HAMMING,50,0.02,corregido,False,4.07673860911271,400,9,417
HAMMING,50,0.02,corregido,False,4.07673860911271,400,9,417
HAMMING,50,0.02,cabecera_perdida,False,4.07673860911271,400,9,417
HAMMING,50,0.02,no_corregible,False,4.07673860911271,400,9,417
HAMMING,50,0.02,corregido,False,4.07673860911271,400,9,417
HAMMING,50,0.02,corregido,False,4.07673860911271,400,9,417
HAMMING,50,0.02,corregido,False,4.07673860911271,400,9,417
HAMMING,50,0.02,no_corregible,False,4.07673860911271,400,9,417
HAMMING,50,0.02,no_corregible,False,4.07673860911271,400,9,417
HAMMING,50,0.02,no_corregible,False,4.07673860911271,400,9,417
HAMMING,50,0.02,no_corregible,False,4.07673860911271,400,9,417
HAMMING,50,0.02,no_corregible,False,4.07673860911271,400,9,417
HAMMING,50,0.02,cabecera_perdida,False,4.07673860911271,400,9,417
HAMMING,50,0.02,corregido,False,4.07673860911271,400,9,417
HAMMING,50,0.02,no_corregible,False,4.07673860911271,400,9,417
HAMMING,50,0.02,no_corregible,False,4.07673860911271,400,9,417
HAMMING,50,0.02,corregido,False,4.07673860911271,400,9,417
HAMMING,50,0.02,ok_paridad,False,4.07673860911271,400,9,417
HAMMING,50,0.02,corregido,False,4.07673860911271,400,9,417
HAMMING,50,0.02,corregido,False,4.07673860911271,400,9,417
HAMMING,50,0.02,corregido,False,4.07673860911271,400,9,417
HAMMING,50,0.02,corregido,False,4.07673860911271,400,9,417
HAMMING,50,0.02,corregido,False,4.07673860911271,400,9,417
HAMMING,50,0.02,corregido,False,4.07673860911271,400,9,417
HAMMING,50,0.02,no_corregible,False,4.07673860911271,400,9,417
HAMMING,50,0.02,corregido,False,4.07673860911271,400,9,417
HAMMING,50,0.02,cabecera_perdida,False,4.07673860911271,400,9,417
HAMMING,50,0.02,corregido,False,4.07673860911271,400,9,417
HAMMING,50,0.02,corregido,False,4.07673860911271,400,9,417
HAMMING,50,0.02,corregido,False,4.07673860911271,400,9,417
HAMMING,50,0.02,cabecera_perdida,False,4.07673860911271,400,9,417
HAMMING,50,0.02,corregido,False,4.07673860911271,400,9,417
HAMMING,50,0.02,cabecera_perdida,False,4.07673860911271,400,9,417
HAMMING,50,0.02,cabecera_perdida,False,4.07673860911271,400,9,417
HAMMING,50,0.02,corregido,False,4.07673860911271,400,9,417
HAMMING,50,0.02,corregido,False,4.07673860911271,400,9,417
HAMMING,50,0.02,corregido,False,4.07673860911271,400,9,417
HAMMING,50,0.02,corregido,False,4.07673860911271,400,9,417
HAMMING,50,0.02,corregido,False,4.07673860911271,400,9,417
HAMMING,50,0.02,corregido,True,4.07673860911271,400,9,417
HAMMING,50,0.02,no_corregible,False,4.07673860911271,400,9,417
HAMMING,50,0.02,corregido,False,4.07673860911271,400,9,417
HAMMING,50,0.02,no_corregible,False,4.07673860911271,400,9,417
HAMMING,50,0.02,corregido,False,4.07673860911271,400,9,417
HAMMING,50,0.02,ok,True,4.07673860911271,400,9,417
HAMMING,50,0.02,no_corregible,False,4.07673860911271,400,9,417
HAMMING,50,0.02,corregido,False,4.07673860911271,400,9,417
HAMMING,50,0.02,corregido,False,4.07673860911271,400,9,417
HAMMING,50,0.02,ok_paridad,False,4.07673860911271,400,9,417
HAMMING,50,0.02,no_corregible,False,4.07673860911271,400,9,417
HAMMING,50,0.02,no_corregible,False,4.07673860911271,400,9,417
HAMMING,50,0.02,no_corregible,False,4.07673860911271,400,9,417
HAMMING,50,0.02,corregido,False,4.07673860911271,400,9,417
HAMMING,50,0.02,corregido,False,4.07673860911271,400,9,417
HAMMING,50,0.02,cabecera_perdida,False,4.07673860911271,400,9,417
HAMMING,50,0.02,corregido,False,4.07673860911271,400,9,417
HAMMING,50,0.02,corregido,False,4.07673860911271,400,9,417
HAMMING,50,0.02,corregido,False,4.07673860911271,400,9,417
HAMMING,50,0.02,corregido,False,4.07673860911271,400,9,417
HAMMING,50,0.02,corregido,False,4.07673860911271,400,9,417
HAMMING,50,0.02,cabecera_perdida,False,4.07673860911271,400,9,417
HAMMING,50,0.02,corregido,False,4.07673860911271,400,9,417
HAMMING,50,0.02,corregido,False,4.07673860911271,400,9,417
HAMMING,50,0.02,corregido,False,4.07673860911271,400,9,417
HAMMING,50,0.02,corregido,False,4.07673860911271,400,9,417
HAMMING,50,0.02,cabecera_perdida,False,4.07673860911271,400,9,417
HAMMING,50,0.02,ok_paridad,False,4.07673860911271,400,9,417
HAMMING,50,0.02,no_corregible,False,4.07673860911271,400,9,417
HAMMING,50,0.02,no_corregible,False,4.07673860911271,400,9,417
HAMMING,50,0.02,no_corregible,False,4.07673860911271,400,9,417
HAMMING,50,0.02,cabecera_perdida,False,4.07673860911271,400,9,417
HAMMING,50,0.02,corregido,False,4.07673860911271,400,9,417
HAMMING,50,0.02,cabecera_perdida,False,4.07673860911271,400,9,417
HAMMING,50,0.02,corregido,False,4.07673860911271,400,9,417
HAMMING,50,0.02,corregido,False,4.07673860911271,400,9,417
HAMMING,50,0.02,corregido,False,4.07673860911271,400,9,417
HAMMING,50,0.02,corregido,False,4.07673860911271,400,9,417
HAMMING,50,0.02,corregido,False,4.07673860911271,400,9,417
HAMMING,50,0.02,no_corregible,False,4.07673860911271,400,9,417
HAMMING,50,0.02,corregido,False,4.07673860911271,400,9,417
HAMMING,50,0.02,no_corregible,False,4.07673860911271,400,9,417
HAMMING,50,0.03,no_corregible,False,4.07673860911271,400,9,417
HAMMING,50,0.03,cabecera_perdida,False,4.07673860911271,400,9,417
HAMMING,50,0.03,corregido,False,4.07673860911271,400,9,417
HAMMING,50,0.03,corregido,False,4.07673860911271,400,9,417
HAMMING,50,0.03,cabecera_perdida,False,4.07673860911271,400,9,417
HAMMING,50,0.03,corregido,False,4.07673860911271,400,9,417
HAMMING,50,0.03,corregido,False,4.07673860911271,400,9,417
HAMMING,50,0.03,cabecera_perdida,False,4.07673860911271,400,9,417
HAMMING,50,0.03,corregido,False,4.07673860911271,400,9,417
HAMMING,50,0.03,no_corregible,False,4.07673860911271,400,9,417
HAMMING,50,0.03,no_corregible,False,4.07673860911271,400,9,417
HAMMING,50,0.03,corregido,False,4.07673860911271,400,9,417
HAMMING,50,0.03,ok_paridad,False,4.07673860911271,400,9,417
HAMMING,50,0.03,no_corregible,False,4.07673860911271,400,9,417
HAMMING,50,0.03,corregido,False,4.07673860911271,400,9,417
HAMMING,50,0.03,corregido,False,4.07673860911271,400,9,417
HAMMING,50,0.03,corregido,False,4.07673860911271,400,9,417
HAMMING,50,0.03,cabecera_perdida,False,4.07673860911271,400,9,417
HAMMING,50,0.03,no_corregible,False,4.07673860911271,400,9,417
HAMMING,50,0.03,cabecera_perdida,False,4.07673860911271,400,9,417
HAMMING,50,0.03,no_corregible,False,4.07673860911271,400,9,417
HAMMING,50,0.03,cabecera_perdida,False,4.07673860911271,400,9,417
HAMMING,50,0.03,corregido,False,4.07673860911271,400,9,417
HAMMING,50,0.03,no_corregible,False,4.07673860911271,400,9,417
HAMMING,50,0.03,corregido,False,4.07673860911271,400,9,417
HAMMING,50,0.03,corregido,False,4.07673860911271,400,9,417
HAMMING,50,0.03,cabecera_perdida,False,4.07673860911271,400,9,417
HAMMING,50,0.03,corregido,False,4.07673860911271,400,9,417
HAMMING,50,0.03,corregido,False,4.07673860911271,400,9,417
HAMMING,50,0.03,cabecera_perdida,False,4.07673860911271,400,9,417
HAMMING,50,0.03,no_corregible,False,4.07673860911271,400,9,417
HAMMING,50,0.03,corregido,False,4.07673860911271,400,9,417
HAMMING,50,0.03,cabecera_perdida,False,4.07673860911271,400,9,417
HAMMING,50,0.03,cabecera_perdida,False,4.07673860911271,400,9,417
HAMMING,50,0.03,no_corregible,False,4.07673860911271,400,9,417
HAMMING,50,0.03,corregido,False,4.07673860911271,400,9,417
HAMMING,50,0.03,corregido,False,4.07673860911271,400,9,417
HAMMING,50,0.03,corregido,False,4.07673860911271,400,9,417
HAMMING,50,0.03,cabecera_perdida,False,4.07673860911271,400,9,417
HAMMING,50,0.03,no_corregible,False,4.07673860911271,400,9,417
HAMMING,50,0.03,no_corregible,False,4.07673860911271,400,9,417
HAMMING,50,0.03,cabecera_perdida,False,4.07673860911271,400,9,417
HAMMING,50,0.03,cabecera_perdida,False,4.07673860911271,400,9,417
HAMMING,50,0.03,corregido,False,4.07673860911271,400,9,417
HAMMING,50,0.03,no_corregible,False,4.07673860911271,400,9,417
HAMMING,50,0.03,no_corregible,False,4.07673860911271,400,9,417
HAMMING,50,0.03,corregido,False,4.07673860911271,400,9,417
HAMMING,50,0.03,no_corregible,False,4.07673860911271,400,9,417
HAMMING,50,0.03,corregido,False,4.07673860911271,400,9,417
HAMMING,50,0.03,corregido,False,4.07673860911271,400,9,417
HAMMING,50,0.03,no_corregible,False,4.07673860911271,400,9,417
HAMMING,50,0.03,corregido,False,4.07673860911271,400,9,417
HAMMING,50,0.03,no_corregible,False,4.07673860911271,400,9,417
HAMMING,50,0.03,corregido,False,4.07673860911271,400,9,417
HAMMING,50,0.03,corregido,False,4.07673860911271,400,9,417
HAMMING,50,0.03,corregido,False,4.07673860911271,400,9,417
HAMMING,50,0.03,corregido,False,4.07673860911271,400,9,417
HAMMING,50,0.03,ok_paridad,False,4.07673860911271,400,9,417
HAMMING,50,0.03,corregido,False,4.07673860911271,400,9,417
HAMMING,50,0.03,cabecera_perdida,False,4.07673860911271,400,9,417
HAMMING,50,0.03,corregido,False,4.07673860911271,400,9,417
HAMMING,50,0.03,corregido,False,4.07673860911271,400,9,417
HAMMING,50,0.03,ok_paridad,False,4.07673860911271,400,9,417
HAMMING,50,0.03,cabecera_perdida,False,4.07673860911271,400,9,417
HAMMING,50,0.03,cabecera_perdida,False,4.07673860911271,400,9,417
HAMMING,50,0.03,corregido,False,4.07673860911271,400,9,417
HAMMING,50,0.03,cabecera_perdida,False,4.07673860911271,400,9,417
HAMMING,50,0.03,cabecera_perdida,False,4.07673860911271,400,9,417
HAMMING,50,0.03,corregido,False,4.07673860911271,400,9,417
HAMMING,50,0.03,no_corregible,False,4.07673860911271,400,9,417
HAMMING,50,0.03,corregido,False,4.07673860911271,400,9,417
HAMMING,50,0.03,cabecera_perdida,False,4.07673860911271,400,9,417
HAMMING,50,0.03,corregido,False,4.07673860911271,400,9,417
HAMMING,50,0.03,cabecera_perdida,False,4.07673860911271,400,9,417
HAMMING,50,0.03,no_corregible,False,4.07673860911271,400,9,417
HAMMING,50,0.03,cabecera_perdida,False,4.07673860911271,400,9,417
HAMMING,50,0.03,corregido,False,4.07673860911271,400,9,417
HAMMING,50,0.03,corregido,False,4.07673860911271,400,9,417
HAMMING,50,0.03,corregido,False,4.07673860911271,400,9,417
HAMMING,50,0.03,corregido,False,4.07673860911271,400,9,417
HAMMING,50,0.03,corregido,False,4.07673860911271,400,9,417
HAMMING,50,0.03,corregido,False,4.07673860911271,400,9,417
HAMMING,50,0.03,cabecera_perdida,False,4.07673860911271,400,9,417
HAMMING,50,0.03,corregido,False,4.07673860911271,400,9,417
HAMMING,50,0.03,no_corregible,False,4.07673860911271,400,9,417
HAMMING,50,0.03,corregido,False,4.07673860911271,400,9,417
HAMMING,50,0.03,ok_paridad,False,4.07673860911271,400,9,417
HAMMING,50,0.03,corregido,False,4.07673860911271,400,9,417
HAMMING,50,0.03,corregido,False,4.07673860911271,400,9,417
HAMMING,50,0.03,corregido,False,4.07673860911271,400,9,417
HAMMING,50,0.03,cabecera_perdida,False,4.07673860911271,400,9,417
HAMMING,50,0.03,cabecera_perdida,False,4.07673860911271,400,9,417
HAMMING,50,0.03,corregido,False,4.07673860911271,400,9,417
HAMMING,50,0.03,corregido,False,4.07673860911271,400,9,417
HAMMING,50,0.03,cabecera_perdida,False,4.07673860911271,400,9,417
HAMMING,50,0.03,corregido,False,4.07673860911271,400,9,417
HAMMING,50,0.03,cabecera_perdida,False,4.07673860911271,400,9,417
HAMMING,50,0.03,corregido,False,4.07673860911271,400,9,417
HAMMING,50,0.03,corregido,False,4.07673860911271,400,9,417
HAMMING,50,0.03,corregido,False,4.07673860911271,400,9,417
HAMMING,50,0.03,corregido,False,4.07673860911271,400,9,417
HAMMING,50,0.03,corregido,False,4.07673860911271,400,9,417
HAMMING,50,0.03,no_corregible,False,4.07673860911271,400,9,417
HAMMING,50,0.03,corregido,False,4.07673860911271,400,9,417
HAMMING,50,0.03,cabecera_perdida,False,4.07673860911271,400,9,417
HAMMING,50,0.03,cabecera_perdida,False,4.07673860911271,400,9,417
HAMMING,50,0.03,corregido,False,4.07673860911271,400,9,417
HAMMING,50,0.03,corregido,False,4.07673860911271,400,9,417
HAMMING,50,0.03,corregido,False,4.07673860911271,400,9,417
HAMMING,50,0.03,no_corregible,False,4.07673860911271,400,9,417
HAMMING,50,0.03,corregido,False,4.07673860911271,400,9,417
HAMMING,50,0.03,corregido,False,4.07673860911271,400,9,417
HAMMING,50,0.03,corregido,False,4.07673860911271,400,9,417
HAMMING,50,0.03,corregido,False,4.07673860911271,400,9,417
HAMMING,50,0.03,cabecera_perdida,False,4.07673860911271,400,9,417
HAMMING,50,0.03,no_corregible,False,4.07673860911271,400,9,417
HAMMING,50,0.03,cabecera_perdida,False,4.07673860911271,400,9,417
HAMMING,50,0.03,corregido,False,4.07673860911271,400,9,417
HAMMING,50,0.03,corregido,False,4.07673860911271,400,9,417
HAMMING,50,0.03,corregido,False,4.07673860911271,400,9,417
HAMMING,50,0.03,cabecera_perdida,False,4.07673860911271,400,9,417
HAMMING,50,0.03,cabecera_perdida,False,4.07673860911271,400,9,417
HAMMING,50,0.03,no_corregible,False,4.07673860911271,400,9,417
HAMMING,50,0.03,no_corregible,False,4.07673860911271,400,9,417
HAMMING,50,0.03,no_corregible,False,4.07673860911271,400,9,417
HAMMING,50,0.03,corregido,False,4.07673860911271,400,9,417
HAMMING,50,0.03,corregido,False,4.07673860911271,400,9,417
HAMMING,50,0.03,corregido,False,4.07673860911271,400,9,417
HAMMING,50,0.03,no_corregible,False,4.07673860911271,400,9,417
HAMMING,50,0.03,corregido,False,4.07673860911271,400,9,417
HAMMING,50,0.03,cabecera_perdida,False,4.07673860911271,400,9,417
HAMMING,50,0.03,corregido,False,4.07673860911271,400,9,417
HAMMING,50,0.03,corregido,False,4.07673860911271,400,9,417
HAMMING,50,0.03,no_corregible,False,4.07673860911271,400,9,417
HAMMING,50,0.03,cabecera_perdida,False,4.07673860911271,400,9,417
HAMMING,50,0.03,cabecera_perdida,False,4.07673860911271,400,9,417
HAMMING,50,0.03,corregido,False,4.07673860911271,400,9,417
HAMMING,50,0.03,corregido,False,4.07673860911271,400,9,417
HAMMING,50,0.03,corregido,False,4.07673860911271,400,9,417
HAMMING,50,0.03,no_corregible,False,4.07673860911271,400,9,417
HAMMING,50,0.03,no_corregible,False,4.07673860911271,400,9,417
HAMMING,50,0.03,no_corregible,False,4.07673860911271,400,9,417
HAMMING,50,0.03,corregido,False,4.07673860911271,400,9,417
HAMMING,50,0.03,corregido,False,4.07673860911271,400,9,417
HAMMING,50,0.03,corregido,False,4.07673860911271,400,9,417
HAMMING,50,0.03,cabecera_perdida,False,4.07673860911271,400,9,417
HAMMING,50,0.03,cabecera_perdida,False,4.07673860911271,400,9,417
HAMMING,50,0.03,no_corregible,False,4.07673860911271,400,9,417
HAMMING,50,0.03,corregido,False,4.07673860911271,400,9,417
HAMMING,50,0.03,ok,False,4.07673860911271,400,9,417
HAMMING,50,0.05,corregido,False,4.07673860911271,400,9,417
HAMMING,50,0.05,cabecera_perdida,False,4.07673860911271,400,9,417
HAMMING,50,0.05,cabecera_perdida,False,4.07673860911271,400,9,417
HAMMING,50,0.05,corregido,False,4.07673860911271,400,9,417
HAMMING,50,0.05,corregido,False,4.07673860911271,400,9,417
HAMMING,50,0.05,cabecera_perdida,False,4.07673860911271,400,9,417
HAMMING,50,0.05,corregido,False,4.07673860911271,400,9,417
HAMMING,50,0.05,no_corregible,False,4.07673860911271,400,9,417
HAMMING,50,0.05,corregido,False,4.07673860911271,400,9,417
HAMMING,50,0.05,no_corregible,False,4.07673860911271,400,9,417
HAMMING,50,0.05,corregido,False,4.07673860911271,400,9,417
HAMMING,50,0.05,corregido,False,4.07673860911271,400,9,417
HAMMING,50,0.05,corregido,False,4.07673860911271,400,9,417
HAMMING,50,0.05,corregido,False,4.07673860911271,400,9,417
HAMMING,50,0.05,ok_paridad,False,4.07673860911271,400,9,417
HAMMING,50,0.05,no_corregible,False,4.07673860911271,400,9,417
HAMMING,50,0.05,cabecera_perdida,False,4.07673860911271,400,9,417
HAMMING,50,0.05,cabecera_perdida,False,4.07673860911271,400,9,417
HAMMING,50,0.05,cabecera_perdida,False,4.07673860911271,400,9,417
HAMMING,50,0.05,cabecera_perdida,False,4.07673860911271,400,9,417
HAMMING,50,0.05,no_corregible,False,4.07673860911271,400,9,417
HAMMING,50,0.05,cabecera_perdida,False,4.07673860911271,400,9,417
HAMMING,50,0.05,cabecera_perdida,False,4.07673860911271,400,9,417
HAMMING,50,0.05,no_corregible,False,4.07673860911271,400,9,417
HAMMING,50,0.05,cabecera_perdida,False,4.07673860911271,400,9,417
HAMMING,50,0.05,cabecera_perdida,False,4.07673860911271,400,9,417
HAMMING,50,0.05,corregido,False,4.07673860911271,400,9,417
HAMMING,50,0.05,no_corregible,False,4.07673860911271,400,9,417
HAMMING,50,0.05,cabecera_perdida,False,4.07673860911271,400,9,417
HAMMING,50,0.05,cabecera_perdida,False,4.07673860911271,400,9,417
HAMMING,50,0.05,cabecera_perdida,False,4.07673860911271,400,9,417
HAMMING,50,0.05,corregido,False,4.07673860911271,400,9,417
HAMMING,50,0.05,corregido,False,4.07673860911271,400,9,417
HAMMING,50,0.05,no_corregible,False,4.07673860911271,400,9,417
HAMMING,50,0.05,cabecera_perdida,False,4.07673860911271,400,9,417
HAMMING,50,0.05,cabecera_perdida,False,4.07673860911271,400,9,417
HAMMING,50,0.05,corregido,False,4.07673860911271,400,9,417
HAMMING,50,0.05,corregido,False,4.07673860911271,400,9,417
HAMMING,50,0.05,cabecera_perdida,False,4.07673860911271,400,9,417
HAMMING,50,0.05,corregido,False,4.07673860911271,400,9,417
HAMMING,50,0.05,corregido,False,4.07673860911271,400,9,417
HAMMING,50,0.05,no_corregible,False,4.07673860911271,400,9,417
HAMMING,50,0.05,corregido,False,4.07673860911271,400,9,417
HAMMING,50,0.05,cabecera_perdida,False,4.07673860911271,400,9,417
HAMMING,50,0.05,cabecera_perdida,False,4.07673860911271,400,9,417
HAMMING,50,0.05,cabecera_perdida,False,4.07673860911271,400,9,417
HAMMING,50,0.05,corregido,False,4.07673860911271,400,9,417
HAMMING,50,0.05,cabecera_perdida,False,4.07673860911271,400,9,417
HAMMING,50,0.05,corregido,False,4.07673860911271,400,9,417
HAMMING,50,0.05,corregido,False,4.07673860911271,400,9,417
HAMMING,50,0.05,corregido,False,4.07673860911271,400,9,417
HAMMING,50,0.05,no_corregible,False,4.07673860911271,400,9,417
HAMMING,50,0.05,corregido,False,4.07673860911271,400,9,417
HAMMING,50,0.05,corregido,False,4.07673860911271,400,9,417
HAMMING,50,0.05,cabecera_perdida,False,4.07673860911271,400,9,417
HAMMING,50,0.05,cabecera_perdida,False,4.07673860911271,400,9,417
HAMMING,50,0.05,no_corregible,False,4.07673860911271,400,9,417
HAMMING,50,0.05,corregido,False,4.07673860911271,400,9,417
HAMMING,50,0.05,corregido,False,4.07673860911271,400,9,417
HAMMING,50,0.05,corregido,False,4.07673860911271,400,9,417
HAMMING,50,0.05,cabecera_perdida,False,4.07673860911271,400,9,417
HAMMING,50,0.05,cabecera_perdida,False,4.07673860911271,400,9,417
HAMMING,50,0.05,cabecera_perdida,False,4.07673860911271,400,9,417
HAMMING,50,0.05,cabecera_perdida,False,4.07673860911271,400,9,417
HAMMING,50,0.05,cabecera_perdida,False,4.07673860911271,400,9,417
HAMMING,50,0.05,corregido,False,4.07673860911271,400,9,417
HAMMING,50,0.05,no_corregible,False,4.07673860911271,400,9,417
HAMMING,50,0.05,no_corregible,False,4.07673860911271,400,9,417
HAMMING,50,0.05,corregido,False,4.07673860911271,400,9,417
HAMMING,50,0.05,no_corregible,False,4.07673860911271,400,9,417
HAMMING,50,0.05,corregido,False,4.07673860911271,400,9,417
HAMMING,50,0.05,cabecera_perdida,False,4.07673860911271,400,9,417
HAMMING,50,0.05,cabecera_perdida,False,4.07673860911271,400,9,417
HAMMING,50,0.05,corregido,False,4.07673860911271,400,9,417
HAMMING,50,0.05,corregido,False,4.07673860911271,400,9,417
HAMMING,50,0.05,corregido,False,4.07673860911271,400,9,417
HAMMING,50,0.05,corregido,False,4.07673860911271,400,9,417
HAMMING,50,0.05,corregido,False,4.07673860911271,400,9,417
HAMMING,50,0.05,corregido,False,4.07673860911271,400,9,417
HAMMING,50,0.05,corregido,False,4.07673860911271,400,9,417
HAMMING,50,0.05,corregido,False,4.07673860911271,400,9,417
HAMMING,50,0.05,no_corregible,False,4.07673860911271,400,9,417
HAMMING,50,0.05,corregido,False,4.07673860911271,400,9,417
HAMMING,50,0.05,cabecera_perdida,False,4.07673860911271,400,9,417
HAMMING,50,0.05,no_corregible,False,4.07673860911271,400,9,417
HAMMING,50,0.05,corregido,False,4.07673860911271,400,9,417
HAMMING,50,0.05,corregido,False,4.07673860911271,400,9,417
HAMMING,50,0.05,cabecera_perdida,False,4.07673860911271,400,9,417
HAMMING,50,0.05,cabecera_perdida,False,4.07673860911271,400,9,417
HAMMING,50,0.05,cabecera_perdida,False,4.07673860911271,400,9,417
HAMMING,50,0.05,no_corregible,False,4.07673860911271,400,9,417
HAMMING,50,0.05,no_corregible,False,4.07673860911271,400,9,417
HAMMING,50,0.05,no_corregible,False,4.07673860911271,400,9,417
HAMMING,50,0.05,cabecera_perdida,False,4.07673860911271,400,9,417
HAMMING,50,0.05,cabecera_perdida,False,4.07673860911271,400,9,417
HAMMING,50,0.05,corregido,False,4.07673860911271,400,9,417
HAMMING,50,0.05,corregido,False,4.07673860911271,400,9,417
HAMMING,50,0.05,cabecera_perdida,False,4.07673860911271,400,9,417
HAMMING,50,0.05,corregido,False,4.07673860911271,400,9,417
HAMMING,50,0.05,no_corregible,False,4.07673860911271,400,9,417
HAMMING,50,0.05,cabecera_perdida,False,4.07673860911271,400,9,417
HAMMING,50,0.05,corregido,False,4.07673860911271,400,9,417
HAMMING,50,0.05,corregido,False,4.07673860911271,400,9,417
HAMMING,50,0.05,cabecera_perdida,False,4.07673860911271,400,9,417
HAMMING,50,0.05,corregido,False,4.07673860911271,400,9,417
HAMMING,50,0.05,corregido,False,4.07673860911271,400,9,417
HAMMING,50,0.05,cabecera_perdida,False,4.07673860911271,400,9,417
HAMMING,50,0.05,corregido,False,4.07673860911271,400,9,417
HAMMING,50,0.05,corregido,False,4.07673860911271,400,9,417
HAMMING,50,0.05,no_corregible,False,4.07673860911271,400,9,417
HAMMING,50,0.05,corregido,False,4.07673860911271,400,9,417
HAMMING,50,0.05,corregido,False,4.07673860911271,400,9,417
HAMMING,50,0.05,corregido,False,4.07673860911271,400,9,417
HAMMING,50,0.05,cabecera_perdida,False,4.07673860911271,400,9,417
HAMMING,50,0.05,cabecera_perdida,False,4.07673860911271,400,9,417
HAMMING,50,0.05,ok_paridad,False,4.07673860911271,400,9,417
HAMMING,50,0.05,corregido,False,4.07673860911271,400,9,417
HAMMING,50,0.05,cabecera_perdida,False,4.07673860911271,400,9,417
HAMMING,50,0.05,corregido,False,4.07673860911271,400,9,417
HAMMING,50,0.05,cabecera_perdida,False,4.07673860911271,400,9,417
HAMMING,50,0.05,cabecera_perdida,False,4.07673860911271,400,9,417
HAMMING,50,0.05,corregido,False,4.07673860911271,400,9,417
HAMMING,50,0.05,cabecera_perdida,False,4.07673860911271,400,9,417
HAMMING,50,0.05,cabecera_perdida,False,4.07673860911271,400,9,417
HAMMING,50,0.05,corregido,False,4.07673860911271,400,9,417
HAMMING,50,0.05,corregido,False,4.07673860911271,400,9,417
HAMMING,50,0.05,corregido,False,4.07673860911271,400,9,417
HAMMING,50,0.05,corregido,False,4.07673860911271,400,9,417
HAMMING,50,0.05,corregido,False,4.07673860911271,400,9,417
HAMMING,50,0.05,corregido,False,4.07673860911271,400,9,417
HAMMING,50,0.05,corregido,False,4.07673860911271,400,9,417
HAMMING,50,0.05,cabecera_perdida,False,4.07673860911271,400,9,417
HAMMING,50,0.05,cabecera_perdida,False,4.07673860911271,400,9,417
HAMMING,50,0.05,corregido,False,4.07673860911271,400,9,417
HAMMING,50,0.05,corregido,False,4.07673860911271,400,9,417
HAMMING,50,0.05,corregido,False,4.07673860911271,400,9,417
HAMMING,50,0.05,cabecera_perdida,False,4.07673860911271,400,9,417
HAMMING,50,0.05,corregido,False,4.07673860911271,400,9,417
HAMMING,50,0.05,cabecera_perdida,False,4.07673860911271,400,9,417
HAMMING,50,0.05,corregido,False,4.07673860911271,400,9,417
HAMMING,50,0.05,corregido,False,4.07673860911271,400,9,417
HAMMING,50,0.05,no_corregible,False,4.07673860911271,400,9,417
HAMMING,50,0.05,cabecera_perdida,False,4.07673860911271,400,9,417
HAMMING,50,0.05,corregido,False,4.07673860911271,400,9,417
HAMMING,50,0.05,cabecera_perdida,False,4.07673860911271,400,9,417
HAMMING,50,0.05,cabecera_perdida,False,4.07673860911271,400,9,417
HAMMING,50,0.05,cabecera_perdida,False,4.07673860911271,400,9,417
HAMMING,50,0.05,cabecera_perdida,False,4.07673860911271,400,9,417
HAMMING,50,0.05,cabecera_perdida,False,4.07673860911271,400,9,417
HAMMING,50,0.05,no_corregible,False,4.07673860911271,400,9,417
HAMMING,50,0.08,cabecera_perdida,False,4.07673860911271,400,9,417
HAMMING,50,0.08,cabecera_perdida,False,4.07673860911271,400,9,417
HAMMING,50,0.08,cabecera_perdida,False,4.07673860911271,400,9,417
HAMMING,50,0.08,no_corregible,False,4.07673860911271,400,9,417
HAMMING,50,0.08,cabecera_perdida,False,4.07673860911271,400,9,417
HAMMING,50,0.08,cabecera_perdida,False,4.07673860911271,400,9,417
HAMMING,50,0.08,cabecera_perdida,False,4.07673860911271,400,9,417
HAMMING,50,0.08,corregido,False,4.07673860911271,400,9,417
HAMMING,50,0.08,cabecera_perdida,False,4.07673860911271,400,9,417
HAMMING,50,0.08,cabecera_perdida,False,4.07673860911271,400,9,417
HAMMING,50,0.08,corregido,False,4.07673860911271,400,9,417
HAMMING,50,0.08,cabecera_perdida,False,4.07673860911271,400,9,417
HAMMING,50,0.08,cabecera_perdida,False,4.07673860911271,400,9,417
HAMMING,50,0.08,corregido,False,4.07673860911271,400,9,417
HAMMING,50,0.08,corregido,False,4.07673860911271,400,9,417
HAMMING,50,0.08,no_corregible,False,4.07673860911271,400,9,417
HAMMING,50,0.08,cabecera_perdida,False,4.07673860911271,400,9,417
HAMMING,50,0.08,cabecera_perdida,False,4.07673860911271,400,9,417
HAMMING,50,0.08,cabecera_perdida,False,4.07673860911271,400,9,417
HAMMING,50,0.08,cabecera_perdida,False,4.07673860911271,400,9,417
HAMMING,50,0.08,corregido,False,4.07673860911271,400,9,417
HAMMING,50,0.08,cabecera_perdida,False,4.07673860911271,400,9,417
HAMMING,50,0.08,cabecera_perdida,False,4.07673860911271,400,9,417
HAMMING,50,0.08,no_corregible,False,4.07673860911271,400,9,417
HAMMING,50,0.08,corregido,False,4.07673860911271,400,9,417
HAMMING,50,0.08,corregido,False,4.07673860911271,400,9,417
HAMMING,50,0.08,cabecera_perdida,False,4.07673860911271,400,9,417
HAMMING,50,0.08,corregido,False,4.07673860911271,400,9,417
HAMMING,50,0.08,cabecera_perdida,False,4.07673860911271,400,9,417
HAMMING,50,0.08,cabecera_perdida,False,4.07673860911271,400,9,417
HAMMING,50,0.08,corregido,False,4.07673860911271,400,9,417
HAMMING,50,0.08,corregido,False,4.07673860911271,400,9,417
HAMMING,50,0.08,corregido,False,4.07673860911271,400,9,417
HAMMING,50,0.08,corregido,False,4.07673860911271,400,9,417
HAMMING,50,0.08,cabecera_perdida,False,4.07673860911271,400,9,417
HAMMING,50,0.08,no_corregible,False,4.07673860911271,400,9,417
HAMMING,50,0.08,corregido,False,4.07673860911271,400,9,417
HAMMING,50,0.08,cabecera_perdida,False,4.07673860911271,400,9,417
HAMMING,50,0.08,cabecera_perdida,False,4.07673860911271,400,9,417
HAMMING,50,0.08,cabecera_perdida,False,4.07673860911271,400,9,417
HAMMING,50,0.08,cabecera_perdida,False,4.07673860911271,400,9,417
HAMMING,50,0.08,corregido,False,4.07673860911271,400,9,417
HAMMING,50,0.08,cabecera_perdida,False,4.07673860911271,400,9,417
HAMMING,50,0.08,corregido,False,4.07673860911271,400,9,417
HAMMING,50,0.08,corregido,False,4.07673860911271,400,9,417
HAMMING,50,0.08,cabecera_perdida,False,4.07673860911271,400,9,417
HAMMING,50,0.08,cabecera_perdida,False,4.07673860911271,400,9,417
HAMMING,50,0.08,cabecera_perdida,False,4.07673860911271,400,9,417
HAMMING,50,0.08,corregido,False,4.07673860911271,400,9,417
HAMMING,50,0.08,corregido,False,4.07673860911271,400,9,417
HAMMING,50,0.08,cabecera_perdida,False,4.07673860911271,400,9,417
HAMMING,50,0.08,cabecera_perdida,False,4.07673860911271,400,9,417
HAMMING,50,0.08,corregido,False,4.07673860911271,400,9,417
HAMMING,50,0.08,no_corregible,False,4.07673860911271,400,9,417
HAMMING,50,0.08,corregido,False,4.07673860911271,400,9,417
HAMMING,50,0.08,cabecera_perdida,False,4.07673860911271,400,9,417
HAMMING,50,0.08,corregido,False,4.07673860911271,400,9,417
HAMMING,50,0.08,cabecera_perdida,False,4.07673860911271,400,9,417
HAMMING,50,0.08,cabecera_perdida,False,4.07673860911271,400,9,417
HAMMING,50,0.08,cabecera_perdida,False,4.07673860911271,400,9,417
HAMMING,50,0.08,cabecera_perdida,False,4.07673860911271,400,9,417
HAMMING,50,0.08,corregido,False,4.07673860911271,400,9,417
HAMMING,50,0.08,cabecera_perdida,False,4.07673860911271,400,9,417
HAMMING,50,0.08,corregido,False,4.07673860911271,400,9,417
HAMMING,50,0.08,cabecera_perdida,False,4.07673860911271,400,9,417
HAMMING,50,0.08,corregido,False,4.07673860911271,400,9,417
HAMMING,50,0.08,cabecera_perdida,False,4.07673860911271,400,9,417
HAMMING,50,0.08,no_corregible,False,4.07673860911271,400,9,417
HAMMING,50,0.08,cabecera_perdida,False,4.07673860911271,400,9,417
HAMMING,50,0.08,corregido,False,4.07673860911271,400,9,417
HAMMING,50,0.08,cabecera_perdida,False,4.07673860911271,400,9,417
HAMMING,50,0.08,cabecera_perdida,False,4.07673860911271,400,9,417
HAMMING,50,0.08,cabecera_perdida,False,4.07673860911271,400,9,417
HAMMING,50,0.08,no_corregible,False,4.07673860911271,400,9,417
HAMMING,50,0.08,corregido,False,4.07673860911271,400,9,417
HAMMING,50,0.08,no_corregible,False,4.07673860911271,400,9,417
HAMMING,50,0.08,no_corregible,False,4.07673860911271,400,9,417
HAMMING,50,0.08,corregido,False,4.07673860911271,400,9,417
HAMMING,50,0.08,corregido,False,4.07673860911271,400,9,417
HAMMING,50,0.08,cabecera_perdida,False,4.07673860911271,400,9,417
HAMMING,50,0.08,cabecera_perdida,False,4.07673860911271,400,9,417
HAMMING,50,0.08,cabecera_perdida,False,4.07673860911271,400,9,417
HAMMING,50,0.08,corregido,False,4.07673860911271,400,9,417
HAMMING,50,0.08,cabecera_perdida,False,4.07673860911271,400,9,417
HAMMING,50,0.08,cabecera_perdida,False,4.07673860911271,400,9,417
HAMMING,50,0.08,corregido,False,4.07673860911271,400,9,417
HAMMING,50,0.08,corregido,False,4.07673860911271,400,9,417
HAMMING,50,0.08,cabecera_perdida,False,4.07673860911271,400,9,417
HAMMING,50,0.08,corregido,False,4.07673860911271,400,9,417
HAMMING,50,0.08,cabecera_perdida,False,4.07673860911271,400,9,417
HAMMING,50,0.08,cabecera_perdida,False,4.07673860911271,400,9,417
HAMMING,50,0.08,ok_paridad,False,4.07673860911271,400,9,417
HAMMING,50,0.08,cabecera_perdida,False,4.07673860911271,400,9,417
HAMMING,50,0.08,cabecera_perdida,False,4.07673860911271,400,9,417
HAMMING,50,0.08,corregido,False,4.07673860911271,400,9,417
HAMMING,50,0.08,corregido,False,4.07673860911271,400,9,417
HAMMING,50,0.08,no_corregible,False,4.07673860911271,400,9,417
HAMMING,50,0.08,corregido,False,4.07673860911271,400,9,417
HAMMING,50,0.08,cabecera_perdida,False,4.07673860911271,400,9,417
HAMMING,50,0.08,corregido,False,4.07673860911271,400,9,417
HAMMING,50,0.08,corregido,False,4.07673860911271,400,9,417
HAMMING,50,0.08,corregido,False,4.07673860911271,400,9,417
HAMMING,50,0.08,corregido,False,4.07673860911271,400,9,417
HAMMING,50,0.08,corregido,False,4.07673860911271,400,9,417
HAMMING,50,0.08,no_corregible,False,4.07673860911271,400,9,417
HAMMING,50,0.08,corregido,False,4.07673860911271,400,9,417
HAMMING,50,0.08,cabecera_perdida,False,4.07673860911271,400,9,417
HAMMING,50,0.08,corregido,False,4.07673860911271,400,9,417
HAMMING,50,0.08,corregido,False,4.07673860911271,400,9,417
HAMMING,50,0.08,no_corregible,False,4.07673860911271,400,9,417
HAMMING,50,0.08,corregido,False,4.07673860911271,400,9,417
HAMMING,50,0.08,corregido,False,4.07673860911271,400,9,417
HAMMING,50,0.08,cabecera_perdida,False,4.07673860911271,400,9,417
HAMMING,50,0.08,cabecera_perdida,False,4.07673860911271,400,9,417
HAMMING,50,0.08,cabecera_perdida,False,4.07673860911271,400,9,417
HAMMING,50,0.08,corregido,False,4.07673860911271,400,9,417
HAMMING,50,0.08,corregido,False,4.07673860911271,400,9,417
HAMMING,50,0.08,cabecera_perdida,False,4.07673860911271,400,9,417
HAMMING,50,0.08,cabecera_perdida,False,4.07673860911271,400,9,417
HAMMING,50,0.08,no_corregible,False,4.07673860911271,400,9,417
HAMMING,50,0.08,cabecera_perdida,False,4.07673860911271,400,9,417
HAMMING,50,0.08,corregido,False,4.07673860911271,400,9,417
HAMMING,50,0.08,cabecera_perdida,False,4.07673860911271,400,9,417
HAMMING,50,0.08,cabecera_perdida,False,4.07673860911271,400,9,417
HAMMING,50,0.08,corregido,False,4.07673860911271,400,9,417
HAMMING,50,0.08,corregido,False,4.07673860911271,400,9,417
HAMMING,50,0.08,corregido,False,4.07673860911271,400,9,417
HAMMING,50,0.08,corregido,False,4.07673860911271,400,9,417
HAMMING,50,0.08,corregido,False,4.07673860911271,400,9,417
HAMMING,50,0.08,no_corregible,False,4.07673860911271,400,9,417
HAMMING,50,0.08,corregido,False,4.07673860911271,400,9,417
HAMMING,50,0.08,cabecera_perdida,False,4.07673860911271,400,9,417
HAMMING,50,0.08,corregido,False,4.07673860911271,400,9,417
HAMMING,50,0.08,corregido,False,4.07673860911271,400,9,417
HAMMING,50,0.08,corregido,False,4.07673860911271,400,9,417
HAMMING,50,0.08,no_corregible,False,4.07673860911271,400,9,417
HAMMING,50,0.08,no_corregible,False,4.07673860911271,400,9,417
HAMMING,50,0.08,cabecera_perdida,False,4.07673860911271,400,9,417
HAMMING,50,0.08,corregido,False,4.07673860911271,400,9,417
HAMMING,50,0.08,cabecera_perdida,False,4.07673860911271,400,9,417
HAMMING,50,0.08,cabecera_perdida,False,4.07673860911271,400,9,417
HAMMING,50,0.08,corregido,False,4.07673860911271,400,9,417
HAMMING,50,0.08,corregido,False,4.07673860911271,400,9,417
HAMMING,50,0.08,cabecera_perdida,False,4.07673860911271,400,9,417
HAMMING,50,0.08,corregido,False,4.07673860911271,400,9,417
HAMMING,50,0.08,cabecera_perdida,False,4.07673860911271,400,9,417
HAMMING,50,0.08,no_corregible,False,4.07673860911271,400,9,417
HAMMING,50,0.08,corregido,False,4.07673860911271,400,9,417
HAMMING,50,0.08,cabecera_perdida,False,4.07673860911271,400,9,417
HAMMING,50,0.08,cabecera_perdida,False,4.07673860911271,400,9,417
HAMMING,50,0.1,cabecera_perdida,False,4.07673860911271,400,9,417
HAMMING,50,0.1,cabecera_perdida,False,4.07673860911271,400,9,417
HAMMING,50,0.1,cabecera_perdida,False,4.07673860911271,400,9,417
HAMMING,50,0.1,corregido,False,4.07673860911271,400,9,417
HAMMING,50,0.1,corregido,False,4.07673860911271,400,9,417
HAMMING,50,0.1,no_corregible,False,4.07673860911271,400,9,417
HAMMING,50,0.1,cabecera_perdida,False,4.07673860911271,400,9,417
HAMMING,50,0.1,corregido,False,4.07673860911271,400,9,417
HAMMING,50,0.1,corregido,False,4.07673860911271,400,9,417
HAMMING,50,0.1,no_corregible,False,4.07673860911271,400,9,417
HAMMING,50,0.1,corregido,False,4.07673860911271,400,9,417
HAMMING,50,0.1,no_corregible,False,4.07673860911271,400,9,417
HAMMING,50,0.1,cabecera_perdida,False,4.07673860911271,400,9,417
HAMMING,50,0.1,cabecera_perdida,False,4.07673860911271,400,9,417
HAMMING,50,0.1,corregido,False,4.07673860911271,400,9,417
HAMMING,50,0.1,cabecera_perdida,False,4.07673860911271,400,9,417
HAMMING,50,0.1,corregido,False,4.07673860911271,400,9,417
HAMMING,50,0.1,cabecera_perdida,False,4.07673860911271,400,9,417
HAMMING,50,0.1,corregido,False,4.07673860911271,400,9,417
HAMMING,50,0.1,cabecera_perdida,False,4.07673860911271,400,9,417
HAMMING,50,0.1,cabecera_perdida,False,4.07673860911271,400,9,417
HAMMING,50,0.1,cabecera_perdida,False,4.07673860911271,400,9,417
HAMMING,50,0.1,cabecera_perdida,False,4.07673860911271,400,9,417
HAMMING,50,0.1,corregido,False,4.07673860911271,400,9,417
HAMMING,50,0.1,cabecera_perdida,False,4.07673860911271,400,9,417
HAMMING,50,0.1,no_corregible,False,4.07673860911271,400,9,417
HAMMING,50,0.1,corregido,False,4.07673860911271,400,9,417
HAMMING,50,0.1,corregido,False,4.07673860911271,400,9,417
HAMMING,50,0.1,cabecera_perdida,False,4.07673860911271,400,9,417
HAMMING,50,0.1,cabecera_perdida,False,4.07673860911271,400,9,417
HAMMING,50,0.1,no_corregible,False,4.07673860911271,400,9,417
HAMMING,50,0.1,cabecera_perdida,False,4.07673860911271,400,9,417
HAMMING,50,0.1,cabecera_perdida,False,4.07673860911271,400,9,417
HAMMING,50,0.1,cabecera_perdida,False,4.07673860911271,400,9,417
HAMMING,50,0.1,cabecera_perdida,False,4.07673860911271,400,9,417
HAMMING,50,0.1,cabecera_perdida,False,4.07673860911271,400,9,417
HAMMING,50,0.1,corregido,False,4.07673860911271,400,9,417
HAMMING,50,0.1,corregido,False,4.07673860911271,400,9,417
HAMMING,50,0.1,cabecera_perdida,False,4.07673860911271,400,9,417
HAMMING,50,0.1,corregido,False,4.07673860911271,400,9,417
HAMMING,50,0.1,cabecera_perdida,False,4.07673860911271,400,9,417
HAMMING,50,0.1,corregido,False,4.07673860911271,400,9,417
HAMMING,50,0.1,no_corregible,False,4.07673860911271,400,9,417
HAMMING,50,0.1,cabecera_perdida,False,4.07673860911271,400,9,417
HAMMING,50,0.1,no_corregible,False,4.07673860911271,400,9,417
HAMMING,50,0.1,corregido,False,4.07673860911271,400,9,417
HAMMING,50,0.1,no_corregible,False,4.07673860911271,400,9,417
HAMMING,50,0.1,cabecera_perdida,False,4.07673860911271,400,9,417
HAMMING,50,0.1,cabecera_perdida,False,4.07673860911271,400,9,417
HAMMING,50,0.1,cabecera_perdida,False,4.07673860911271,400,9,417
HAMMING,50,0.1,cabecera_perdida,False,4.07673860911271,400,9,417
HAMMING,50,0.1,cabecera_perdida,False,4.07673860911271,400,9,417
HAMMING,50,0.1,cabecera_perdida,False,4.07673860911271,400,9,417
HAMMING,50,0.1,cabecera_perdida,False,4.07673860911271,400,9,417
HAMMING,50,0.1,cabecera_perdida,False,4.07673860911271,400,9,417
HAMMING,50,0.1,cabecera_perdida,False,4.07673860911271,400,9,417
HAMMING,50,0.1,cabecera_perdida,False,4.07673860911271,400,9,417
HAMMING,50,0.1,cabecera_perdida,False,4.07673860911271,400,9,417
HAMMING,50,0.1,cabecera_perdida,False,4.07673860911271,400,9,417
HAMMING,50,0.1,cabecera_perdida,False,4.07673860911271,400,9,417
HAMMING,50,0.1,corregido,False,4.07673860911271,400,9,417
HAMMING,50,0.1,trama_invalida,False,4.07673860911271,400,9,417
HAMMING,50,0.1,cabecera_perdida,False,4.07673860911271,400,9,417
HAMMING,50,0.1,cabecera_perdida,False,4.07673860911271,400,9,417
HAMMING,50,0.1,corregido,False,4.07673860911271,400,9,417
HAMMING,50,0.1,corregido,False,4.07673860911271,400,9,417
HAMMING,50,0.1,cabecera_perdida,False,4.07673860911271,400,9,417
HAMMING,50,0.1,corregido,False,4.07673860911271,400,9,417
HAMMING,50,0.1,corregido,False,4.07673860911271,400,9,417
HAMMING,50,0.1,corregido,False,4.07673860911271,400,9,417
HAMMING,50,0.1,corregido,False,4.07673860911271,400,9,417
HAMMING,50,0.1,cabecera_perdida,False,4.07673860911271,400,9,417
HAMMING,50,0.1,corregido,False,4.07673860911271,400,9,417
HAMMING,50,0.1,corregido,False,4.07673860911271,400,9,417
HAMMING,50,0.1,corregido,False,4.07673860911271,400,9,417
HAMMING,50,0.1,cabecera_perdida,False,4.07673860911271,400,9,417
HAMMING,50,0.1,corregido,False,4.07673860911271,400,9,417
HAMMING,50,0.1,cabecera_perdida,False,4.07673860911271,400,9,417
HAMMING,50,0.1,corregido,False,4.07673860911271,400,9,417
HAMMING,50,0.1,corregido,False,4.07673860911271,400,9,417
HAMMING,50,0.1,cabecera_perdida,False,4.07673860911271,400,9,417
HAMMING,50,0.1,cabecera_perdida,False,4.07673860911271,400,9,417
HAMMING,50,0.1,corregido,False,4.07673860911271,400,9,417
HAMMING,50,0.1,cabecera_perdida,False,4.07673860911271,400,9,417
HAMMING,50,0.1,no_corregible,False,4.07673860911271,400,9,417
HAMMING,50,0.1,no_corregible,False,4.07673860911271,400,9,417
HAMMING,50,0.1,cabecera_perdida,False,4.07673860911271,400,9,417
HAMMING,50,0.1,corregido,False,4.07673860911271,400,9,417
HAMMING,50,0.1,cabecera_perdida,False,4.07673860911271,400,9,417
HAMMING,50,0.1,corregido,False,4.07673860911271,400,9,417
HAMMING,50,0.1,cabecera_perdida,False,4.07673860911271,400,9,417
HAMMING,50,0.1,cabecera_perdida,False,4.07673860911271,400,9,417
HAMMING,50,0.1,no_corregible,False,4.07673860911271,400,9,417
HAMMING,50,0.1,cabecera_perdida,False,4.07673860911271,400,9,417
HAMMING,50,0.1,cabecera_perdida,False,4.07673860911271,400,9,417
HAMMING,50,0.1,cabecera_perdida,False,4.07673860911271,400,9,417
HAMMING,50,0.1,cabecera_perdida,False,4.07673860911271,400,9,417
HAMMING,50,0.1,corregido,False,4.07673860911271,400,9,417
HAMMING,50,0.1,cabecera_perdida,False,4.07673860911271,400,9,417
HAMMING,50,0.1,corregido,False,4.07673860911271,400,9,417
HAMMING,50,0.1,cabecera_perdida,False,4.07673860911271,400,9,417
HAMMING,50,0.1,corregido,False,4.07673860911271,400,9,417
HAMMING,50,0.1,corregido,False,4.07673860911271,400,9,417
HAMMING,50,0.1,no_corregible,False,4.07673860911271,400,9,417
HAMMING,50,0.1,no_corregible,False,4.07673860911271,400,9,417
HAMMING,50,0.1,cabecera_perdida,False,4.07673860911271,400,9,417
HAMMING,50,0.1,cabecera_perdida,False,4.07673860911271,400,9,417
HAMMING,50,0.1,no_corregible,False,4.07673860911271,400,9,417
HAMMING,50,0.1,cabecera_perdida,False,4.07673860911271,400,9,417
HAMMING,50,0.1,cabecera_perdida,False,4.07673860911271,400,9,417
HAMMING,50,0.1,cabecera_perdida,False,4.07673860911271,400,9,417
HAMMING,50,0.1,corregido,False,4.07673860911271,400,9,417
HAMMING,50,0.1,cabecera_perdida,False,4.07673860911271,400,9,417
HAMMING,50,0.1,corregido,False,4.07673860911271,400,9,417
HAMMING,50,0.1,cabecera_perdida,False,4.07673860911271,400,9,417
HAMMING,50,0.1,cabecera_perdida,False,4.07673860911271,400,9,417
HAMMING,50,0.1,cabecera_perdida,False,4.07673860911271,400,9,417
HAMMING,50,0.1,corregido,False,4.07673860911271,400,9,417
HAMMING,50,0.1,corregido,False,4.07673860911271,400,9,417
HAMMING,50,0.1,cabecera_perdida,False,4.07673860911271,400,9,417
HAMMING,50,0.1,cabecera_perdida,False,4.07673860911271,400,9,417
HAMMING,50,0.1,cabecera_perdida,False,4.07673860911271,400,9,417
HAMMING,50,0.1,corregido,False,4.07673860911271,400,9,417
HAMMING,50,0.1,cabecera_perdida,False,4.07673860911271,400,9,417
HAMMING,50,0.1,cabecera_perdida,False,4.07673860911271,400,9,417
HAMMING,50,0.1,cabecera_perdida,False,4.07673860911271,400,9,417
HAMMING,50,0.1,cabecera_perdida,False,4.07673860911271,400,9,417
HAMMING,50,0.1,cabecera_perdida,False,4.07673860911271,400,9,417
HAMMING,50,0.1,cabecera_perdida,False,4.07673860911271,400,9,417
HAMMING,50,0.1,cabecera_perdida,False,4.07673860911271,400,9,417
HAMMING,50,0.1,corregido,False,4.07673860911271,400,9,417
HAMMING,50,0.1,corregido,False,4.07673860911271,400,9,417
HAMMING,50,0.1,no_corregible,False,4.07673860911271,400,9,417
HAMMING,50,0.1,cabecera_perdida,False,4.07673860911271,400,9,417
HAMMING,50,0.1,corregido,False,4.07673860911271,400,9,417
HAMMING,50,0.1,cabecera_perdida,False,4.07673860911271,400,9,417
HAMMING,50,0.1,cabecera_perdida,False,4.07673860911271,400,9,417
HAMMING,50,0.1,cabecera_perdida,False,4.07673860911271,400,9,417
HAMMING,50,0.1,cabecera_perdida,False,4.07673860911271,400,9,417
HAMMING,50,0.1,cabecera_perdida,False,4.07673860911271,400,9,417
HAMMING,50,0.1,corregido,False,4.07673860911271,400,9,417
HAMMING,50,0.1,no_corregible,False,4.07673860911271,400,9,417
HAMMING,50,0.1,cabecera_perdida,False,4.07673860911271,400,9,417
HAMMING,50,0.1,corregido,False,4.07673860911271,400,9,417
HAMMING,50,0.1,cabecera_perdida,False,4.07673860911271,400,9,417
HAMMING,50,0.1,cabecera_perdida,False,4.07673860911271,400,9,417
HAMMING,50,0.1,corregido,False,4.07673860911271,400,9,417
HAMMING,50,0.1,cabecera_perdida,False,4.07673860911271,400,9,417
HAMMING,50,0.1,corregido,False,4.07673860911271,400,9,417
HAMMING,50,0.1,corregido,False,4.07673860911271,400,9,417
CRC32,100,0.0,ok,True,4.761904761904762,800,32,840
CRC32,100,0.0,ok,True,4.761904761904762,800,32,840
CRC32,100,0.0,ok,True,4.761904761904762,800,32,840
CRC32,100,0.0,ok,True,4.761904761904762,800,32,840
CRC32,100,0.0,ok,True,4.761904761904762,800,32,840
CRC32,100,0.0,ok,True,4.761904761904762,800,32,840
CRC32,100,0.0,ok,True,4.761904761904762,800,32,840
CRC32,100,0.0,ok,True,4.761904761904762,800,32,840
CRC32,100,0.0,ok,True,4.761904761904762,800,32,840
CRC32,100,0.0,ok,True,4.761904761904762,800,32,840
CRC32,100,0.0,ok,True,4.761904761904762,800,32,840
CRC32,100,0.0,ok,True,4.761904761904762,800,32,840
CRC32,100,0.0,ok,True,4.761904761904762,800,32,840
CRC32,100,0.0,ok,True,4.761904761904762,800,32,840
CRC32,100,0.0,ok,True,4.761904761904762,800,32,840
CRC32,100,0.0,ok,True,4.761904761904762,800,32,840
CRC32,100,0.0,ok,True,4.761904761904762,800,32,840
CRC32,100,0.0,ok,True,4.761904761904762,800,32,840
CRC32,100,0.0,ok,True,4.761904761904762,800,32,840
CRC32,100,0.0,ok,True,4.761904761904762,800,32,840
CRC32,100,0.0,ok,True,4.761904761904762,800,32,840
CRC32,100,0.0,ok,True,4.761904761904762,800,32,840
CRC32,100,0.0,ok,True,4.761904761904762,800,32,840
CRC32,100,0.0,ok,True,4.761904761904762,800,32,840
CRC32,100,0.0,ok,True,4.761904761904762,800,32,840
CRC32,100,0.0,ok,True,4.761904761904762,800,32,840
CRC32,100,0.0,ok,True,4.761904761904762,800,32,840
CRC32,100,0.0,ok,True,4.761904761904762,800,32,840
CRC32,100,0.0,ok,True,4.761904761904762,800,32,840
CRC32,100,0.0,ok,True,4.761904761904762,800,32,840
CRC32,100,0.0,ok,True,4.761904761904762,800,32,840
CRC32,100,0.0,ok,True,4.761904761904762,800,32,840
CRC32,100,0.0,ok,True,4.761904761904762,800,32,840
CRC32,100,0.0,ok,True,4.761904761904762,800,32,840
CRC32,100,0.0,ok,True,4.761904761904762,800,32,840
CRC32,100,0.0,ok,True,4.761904761904762,800,32,840
CRC32,100,0.0,ok,True,4.761904761904762,800,32,840
CRC32,100,0.0,ok,True,4.761904761904762,800,32,840
CRC32,100,0.0,ok,True,4.761904761904762,800,32,840
CRC32,100,0.0,ok,True,4.761904761904762,800,32,840
CRC32,100,0.0,ok,True,4.761904761904762,800,32,840
CRC32,100,0.0,ok,True,4.761904761904762,800,32,840
CRC32,100,0.0,ok,True,4.761904761904762,800,32,840
CRC32,100,0.0,ok,True,4.761904761904762,800,32,840
CRC32,100,0.0,ok,True,4.761904761904762,800,32,840
CRC32,100,0.0,ok,True,4.761904761904762,800,32,840
CRC32,100,0.0,ok,True,4.761904761904762,800,32,840
CRC32,100,0.0,ok,True,4.761904761904762,800,32,840
CRC32,100,0.0,ok,True,4.761904761904762,800,32,840
CRC32,100,0.0,ok,True,4.761904761904762,800,32,840
CRC32,100,0.0,ok,True,4.761904761904762,800,32,840
CRC32,100,0.0,ok,True,4.761904761904762,800,32,840
CRC32,100,0.0,ok,True,4.761904761904762,800,32,840
CRC32,100,0.0,ok,True,4.761904761904762,800,32,840
CRC32,100,0.0,ok,True,4.761904761904762,800,32,840
CRC32,100,0.0,ok,True,4.761904761904762,800,32,840
CRC32,100,0.0,ok,True,4.761904761904762,800,32,840
CRC32,100,0.0,ok,True,4.761904761904762,800,32,840
CRC32,100,0.0,ok,True,4.761904761904762,800,32,840
CRC32,100,0.0,ok,True,4.761904761904762,800,32,840
CRC32,100,0.0,ok,True,4.761904761904762,800,32,840
CRC32,100,0.0,ok,True,4.761904761904762,800,32,840
CRC32,100,0.0,ok,True,4.761904761904762,800,32,840
CRC32,100,0.0,ok,True,4.761904761904762,800,32,840
CRC32,100,0.0,ok,True,4.761904761904762,800,32,840
CRC32,100,0.0,ok,True,4.761904761904762,800,32,840
CRC32,100,0.0,ok,True,4.761904761904762,800,32,840
CRC32,100,0.0,ok,True,4.761904761904762,800,32,840
CRC32,100,0.0,ok,True,4.761904761904762,800,32,840
CRC32,100,0.0,ok,True,4.761904761904762,800,32,840
CRC32,100,0.0,ok,True,4.761904761904762,800,32,840
CRC32,100,0.0,ok,True,4.761904761904762,800,32,840
CRC32,100,0.0,ok,True,4.761904761904762,800,32,840
CRC32,100,0.0,ok,True,4.761904761904762,800,32,840
CRC32,100,0.0,ok,True,4.761904761904762,800,32,840
CRC32,100,0.0,ok,True,4.761904761904762,800,32,840
CRC32,100,0.0,ok,True,4.761904761904762,800,32,840
CRC32,100,0.0,ok,True,4.761904761904762,800,32,840
CRC32,100,0.0,ok,True,4.761904761904762,800,32,840
CRC32,100,0.0,ok,True,4.761904761904762,800,32,840
CRC32,100,0.0,ok,True,4.761904761904762,800,32,840
CRC32,100,0.0,ok,True,4.761904761904762,800,32,840
CRC32,100,0.0,ok,True,4.761904761904762,800,32,840
CRC32,100,0.0,ok,True,4.761904761904762,800,32,840
CRC32,100,0.0,ok,True,4.761904761904762,800,32,840
CRC32,100,0.0,ok,True,4.761904761904762,800,32,840
CRC32,100,0.0,ok,True,4.761904761904762,800,32,840
CRC32,100,0.0,ok,True,4.761904761904762,800,32,840
CRC32,100,0.0,ok,True,4.761904761904762,800,32,840
CRC32,100,0.0,ok,True,4.761904761904762,800,32,840
CRC32,100,0.0,ok,True,4.761904761904762,800,32,840
CRC32,100,0.0,ok,True,4.761904761904762,800,32,840
CRC32,100,0.0,ok,True,4.761904761904762,800,32,840
CRC32,100,0.0,ok,True,4.761904761904762,800,32,840
CRC32,100,0.0,ok,True,4.761904761904762,800,32,840
CRC32,100,0.0,ok,True,4.761904761904762,800,32,840
CRC32,100,0.0,ok,True,4.761904761904762,800,32,840
CRC32,100,0.0,ok,True,4.761904761904762,800,32,840
CRC32,100,0.0,ok,True,4.761904761904762,800,32,840
CRC32,100,0.0,ok,True,4.761904761904762,800,32,840
CRC32,100,0.0,ok,True,4.761904761904762,800,32,840
CRC32,100,0.0,ok,True,4.761904761904762,800,32,840
CRC32,100,0.0,ok,True,4.761904761904762,800,32,840
CRC32,100,0.0,ok,True,4.761904761904762,800,32,840
CRC32,100,0.0,ok,True,4.761904761904762,800,32,840
CRC32,100,0.0,ok,True,4.761904761904762,800,32,840
CRC32,100,0.0,ok,True,4.761904761904762,800,32,840
CRC32,100,0.0,ok,True,4.761904761904762,800,32,840
CRC32,100,0.0,ok,True,4.761904761904762,800,32,840
CRC32,100,0.0,ok,True,4.761904761904762,800,32,840
CRC32,100,0.0,ok,True,4.761904761904762,800,32,840
CRC32,100,0.0,ok,True,4.761904761904762,800,32,840
CRC32,100,0.0,ok,True,4.761904761904762,800,32,840
CRC32,100,0.0,ok,True,4.761904761904762,800,32,840
CRC32,100,0.0,ok,True,4.761904761904762,800,32,840
CRC32,100,0.0,ok,True,4.761904761904762,800,32,840
CRC32,100,0.0,ok,True,4.761904761904762,800,32,840
CRC32,100,0.0,ok,True,4.761904761904762,800,32,840
CRC32,100,0.0,ok,True,4.761904761904762,800,32,840
CRC32,100,0.0,ok,True,4.761904761904762,800,32,840
CRC32,100,0.0,ok,True,4.761904761904762,800,32,840
CRC32,100,0.0,ok,True,4.761904761904762,800,32,840
CRC32,100,0.0,ok,True,4.761904761904762,800,32,840
CRC32,100,0.0,ok,True,4.761904761904762,800,32,840
CRC32,100,0.0,ok,True,4.761904761904762,800,32,840
CRC32,100,0.0,ok,True,4.761904761904762,800,32,840
CRC32,100,0.0,ok,True,4.761904761904762,800,32,840
CRC32,100,0.0,ok,True,4.761904761904762,800,32,840
CRC32,100,0.0,ok,True,4.761904761904762,800,32,840
CRC32,100,0.0,ok,True,4.761904761904762,800,32,840
CRC32,100,0.0,ok,True,4.761904761904762,800,32,840
CRC32,100,0.0,ok,True,4.761904761904762,800,32,840
CRC32,100,0.0,ok,True,4.761904761904762,800,32,840
CRC32,100,0.0,ok,True,4.761904761904762,800,32,840
CRC32,100,0.0,ok,True,4.761904761904762,800,32,840
CRC32,100,0.0,ok,True,4.761904761904762,800,32,840
CRC32,100,0.0,ok,True,4.761904761904762,800,32,840
CRC32,100,0.0,ok,True,4.761904761904762,800,32,840
CRC32,100,0.0,ok,True,4.761904761904762,800,32,840
CRC32,100,0.0,ok,True,4.761904761904762,800,32,840
CRC32,100,0.0,ok,True,4.761904761904762,800,32,840
CRC32,100,0.0,ok,True,4.761904761904762,800,32,840
CRC32,100,0.0,ok,True,4.761904761904762,800,32,840
CRC32,100,0.0,ok,True,4.761904761904762,800,32,840
CRC32,100,0.0,ok,True,4.761904761904762,800,32,840
CRC32,100,0.0,ok,True,4.761904761904762,800,32,840
CRC32,100,0.0,ok,True,4.761904761904762,800,32,840
CRC32,100,0.0,ok,True,4.761904761904762,800,32,840
CRC32,100,0.0,ok,True,4.761904761904762,800,32,840
CRC32,100,0.0,ok,True,4.761904761904762,800,32,840
CRC32,100,0.001,ok,True,4.761904761904762,800,32,840
CRC32,100,0.001,ok,True,4.761904761904762,800,32,840
CRC32,100,0.001,detectado_no_corregido,False,4.761904761904762,800,32,840
CRC32,100,0.001,detectado_no_corregido,False,4.761904761904762,800,32,840
CRC32,100,0.001,detectado_no_corregido,False,4.761904761904762,800,32,840
CRC32,100,0.001,detectado_no_corregido,False,4.761904761904762,800,32,840
CRC32,100,0.001,detectado_no_corregido,False,4.761904761904762,800,32,840
CRC32,100,0.001,ok,True,4.761904761904762,800,32,840
CRC32,100,0.001,detectado_no_corregido,False,4.761904761904762,800,32,840
CRC32,100,0.001,ok,True,4.761904761904762,800,32,840
CRC32,100,0.001,ok,True,4.761904761904762,800,32,840
CRC32,100,0.001,cabecera_perdida,False,4.761904761904762,800,32,840
CRC32,100,0.001,detectado_no_corregido,False,4.761904761904762,800,32,840
CRC32,100,0.001,detectado_no_corregido,False,4.761904761904762,800,32,840
CRC32,100,0.001,ok,True,4.761904761904762,800,32,840
CRC32,100,0.001,ok,True,4.761904761904762,800,32,840
CRC32,100,0.001,ok,True,4.761904761904762,800,32,840
CRC32,100,0.001,detectado_no_corregido,False,4.761904761904762,800,32,840
CRC32,100,0.001,ok,True,4.761904761904762,800,32,840
CRC32,100,0.001,detectado_no_corregido,False,4.761904761904762,800,32,840
CRC32,100,0.001,detectado_no_corregido,False,4.761904761904762,800,32,840
CRC32,100,0.001,detectado_no_corregido,False,4.761904761904762,800,32,840
CRC32,100,0.001,detectado_no_corregido,False,4.761904761904762,800,32,840
CRC32,100,0.001,detectado_no_corregido,False,4.761904761904762,800,32,840
CRC32,100,0.001,ok,True,4.761904761904762,800,32,840
CRC32,100,0.001,detectado_no_corregido,False,4.761904761904762,800,32,840
CRC32,100,0.001,detectado_no_corregido,False,4.761904761904762,800,32,840
CRC32,100,0.001,detectado_no_corregido,False,4.761904761904762,800,32,840
CRC32,100,0.001,ok,True,4.761904761904762,800,32,840
CRC32,100,0.001,detectado_no_corregido,False,4.761904761904762,800,32,840
CRC32,100,0.001,detectado_no_corregido,False,4.761904761904762,800,32,840
CRC32,100,0.001,detectado_no_corregido,False,4.761904761904762,800,32,840
CRC32,100,0.001,detectado_no_corregido,False,4.761904761904762,800,32,840
CRC32,100,0.001,detectado_no_corregido,False,4.761904761904762,800,32,840
CRC32,100,0.001,ok,True,4.761904761904762,800,32,840
CRC32,100,0.001,detectado_no_corregido,False,4.761904761904762,800,32,840
CRC32,100,0.001,detectado_no_corregido,False,4.761904761904762,800,32,840
CRC32,100,0.001,detectado_no_corregido,False,4.761904761904762,800,32,840
CRC32,100,0.001,ok,True,4.761904761904762,800,32,840
CRC32,100,0.001,detectado_no_corregido,False,4.761904761904762,800,32,840
CRC32,100,0.001,detectado_no_corregido,False,4.761904761904762,800,32,840
CRC32,100,0.001,detectado_no_corregido,False,4.761904761904762,800,32,840
CRC32,100,0.001,cabecera_perdida,False,4.761904761904762,800,32,840
CRC32,100,0.001,ok,True,4.761904761904762,800,32,840
CRC32,100,0.001,ok,True,4.761904761904762,800,32,840
CRC32,100,0.001,ok,True,4.761904761904762,800,32,840
CRC32,100,0.001,ok,True,4.761904761904762,800,32,840
CRC32,100,0.001,detectado_no_corregido,False,4.761904761904762,800,32,840
CRC32,100,0.001,detectado_no_corregido,False,4.761904761904762,800,32,840
CRC32,100,0.001,detectado_no_corregido,False,4.761904761904762,800,32,840
CRC32,100,0.001,ok,True,4.761904761904762,800,32,840
CRC32,100,0.001,detectado_no_corregido,False,4.761904761904762,800,32,840
CRC32,100,0.001,ok,True,4.761904761904762,800,32,840
CRC32,100,0.001,ok,True,4.761904761904762,800,32,840
CRC32,100,0.001,ok,True,4.761904761904762,800,32,840
CRC32,100,0.001,detectado_no_corregido,False,4.761904761904762,800,32,840
CRC32,100,0.001,ok,True,4.761904761904762,800,32,840
CRC32,100,0.001,ok,True,4.761904761904762,800,32,840
CRC32,100,0.001,ok,True,4.761904761904762,800,32,840
CRC32,100,0.001,ok,True,4.761904761904762,800,32,840
CRC32,100,0.001,detectado_no_corregido,False,4.761904761904762,800,32,840
CRC32,100,0.001,detectado_no_corregido,False,4.761904761904762,800,32,840
CRC32,100,0.001,ok,True,4.761904761904762,800,32,840
CRC32,100,0.001,ok,True,4.761904761904762,800,32,840
CRC32,100,0.001,detectado_no_corregido,False,4.761904761904762,800,32,840
CRC32,100,0.001,cabecera_perdida,False,4.761904761904762,800,32,840
CRC32,100,0.001,detectado_no_corregido,False,4.761904761904762,800,32,840
CRC32,100,0.001,detectado_no_corregido,False,4.761904761904762,800,32,840
CRC32,100,0.001,ok,True,4.761904761904762,800,32,840
CRC32,100,0.001,ok,True,4.761904761904762,800,32,840
CRC32,100,0.001,detectado_no_corregido,False,4.761904761904762,800,32,840
CRC32,100,0.001,ok,True,4.761904761904762,800,32,840
CRC32,100,0.001,ok,True,4.761904761904762,800,32,840
CRC32,100,0.001,detectado_no_corregido,False,4.761904761904762,800,32,840
CRC32,100,0.001,ok,True,4.761904761904762,800,32,840
CRC32,100,0.001,ok,True,4.761904761904762,800,32,840
CRC32,100,0.001,detectado_no_corregido,False,4.761904761904762,800,32,840
CRC32,100,0.001,detectado_no_corregido,False,4.761904761904762,800,32,840
CRC32,100,0.001,detectado_no_corregido,False,4.761904761904762,800,32,840
CRC32,100,0.001,ok,True,4.761904761904762,800,32,840
CRC32,100,0.001,detectado_no_corregido,False,4.761904761904762,800,32,840
CRC32,100,0.001,detectado_no_corregido,False,4.761904761904762,800,32,840
CRC32,100,0.001,detectado_no_corregido,False,4.761904761904762,800,32,840
CRC32,100,0.001,ok,True,4.761904761904762,800,32,840
CRC32,100,0.001,detectado_no_corregido,False,4.761904761904762,800,32,840
CRC32,100,0.001,detectado_no_corregido,False,4.761904761904762,800,32,840
CRC32,100,0.001,detectado_no_corregido,False,4.761904761904762,800,32,840
CRC32,100,0.001,ok,True,4.761904761904762,800,32,840
CRC32,100,0.001,detectado_no_corregido,False,4.761904761904762,800,32,840
CRC32,100,0.001,detectado_no_corregido,False,4.761904761904762,800,32,840
CRC32,100,0.001,detectado_no_corregido,False,4.761904761904762,800,32,840
CRC32,100,0.001,detectado_no_corregido,False,4.761904761904762,800,32,840
CRC32,100,0.001,detectado_no_corregido,False,4.761904761904762,800,32,840
CRC32,100,0.001,detectado_no_corregido,False,4.761904761904762,800,32,840
CRC32,100,0.001,ok,True,4.761904761904762,800,32,840
CRC32,100,0.001,detectado_no_corregido,False,4.761904761904762,800,32,840
CRC32,100,0.001,ok,True,4.761904761904762,800,32,840
CRC32,100,0.001,detectado_no_corregido,False,4.761904761904762,800,32,840
CRC32,100,0.001,detectado_no_corregido,False,4.761904761904762,800,32,840
CRC32,100,0.001,ok,True,4.761904761904762,800,32,840
CRC32,100,0.001,ok,True,4.761904761904762,800,32,840
CRC32,100,0.001,detectado_no_corregido,False,4.761904761904762,800,32,840
CRC32,100,0.001,ok,True,4.761904761904762,800,32,840
CRC32,100,0.001,detectado_no_corregido,False,4.761904761904762,800,32,840
CRC32,100,0.001,detectado_no_corregido,False,4.761904761904762,800,32,840
CRC32,100,0.001,detectado_no_corregido,False,4.761904761904762,800,32,840
CRC32,100,0.001,detectado_no_corregido,False,4.761904761904762,800,32,840
CRC32,100,0.001,detectado_no_corregido,False,4.761904761904762,800,32,840
CRC32,100,0.001,ok,True,4.761904761904762,800,32,840
CRC32,100,0.001,detectado_no_corregido,False,4.761904761904762,800,32,840
CRC32,100,0.001,detectado_no_corregido,False,4.761904761904762,800,32,840
CRC32,100,0.001,detectado_no_corregido,False,4.761904761904762,800,32,840
CRC32,100,0.001,detectado_no_corregido,False,4.761904761904762,800,32,840
CRC32,100,0.001,ok,True,4.761904761904762,800,32,840
CRC32,100,0.001,ok,True,4.761904761904762,800,32,840
CRC32,100,0.001,detectado_no_corregido,False,4.761904761904762,800,32,840
CRC32,100,0.001,ok,True,4.761904761904762,800,32,840
CRC32,100,0.001,ok,True,4.761904761904762,800,32,840
CRC32,100,0.001,ok,True,4.761904761904762,800,32,840
CRC32,100,0.001,ok,True,4.761904761904762,800,32,840
CRC32,100,0.001,detectado_no_corregido,False,4.761904761904762,800,32,840
CRC32,100,0.001,detectado_no_corregido,False,4.761904761904762,800,32,840
CRC32,100,0.001,detectado_no_corregido,False,4.761904761904762,800,32,840
CRC32,100,0.001,ok,True,4.761904761904762,800,32,840
CRC32,100,0.001,detectado_no_corregido,False,4.761904761904762,800,32,840
CRC32,100,0.001,ok,True,4.761904761904762,800,32,840
CRC32,100,0.001,detectado_no_corregido,False,4.761904761904762,800,32,840
CRC32,100,0.001,detectado_no_corregido,False,4.761904761904762,800,32,840
CRC32,100,0.001,ok,True,4.761904761904762,800,32,840
CRC32,100,0.001,detectado_no_corregido,False,4.761904761904762,800,32,840
CRC32,100,0.001,ok,True,4.761904761904762,800,32,840
CRC32,100,0.001,detectado_no_corregido,False,4.761904761904762,800,32,840
CRC32,100,0.001,detectado_no_corregido,False,4.761904761904762,800,32,840
CRC32,100,0.001,detectado_no_corregido,False,4.761904761904762,800,32,840
CRC32,100,0.001,detectado_no_corregido,False,4.761904761904762,800,32,840
CRC32,100,0.001,detectado_no_corregido,False,4.761904761904762,800,32,840
CRC32,100,0.001,detectado_no_corregido,False,4.761904761904762,800,32,840
CRC32,100,0.001,detectado_no_corregido,False,4.761904761904762,800,32,840
CRC32,100,0.001,ok,True,4.761904761904762,800,32,840
CRC32,100,0.001,detectado_no_corregido,False,4.761904761904762,800,32,840
CRC32,100,0.001,detectado_no_corregido,False,4.761904761904762,800,32,840
CRC32,100,0.001,ok,True,4.761904761904762,800,32,840
CRC32,100,0.001,detectado_no_corregido,False,4.761904761904762,800,32,840
CRC32,100,0.001,detectado_no_corregido,False,4.761904761904762,800,32,840
CRC32,100,0.001,ok,True,4.761904761904762,800,32,840
CRC32,100,0.001,ok,True,4.761904761904762,800,32,840
CRC32,100,0.001,ok,True,4.761904761904762,800,32,840
CRC32,100,0.001,detectado_no_corregido,False,4.761904761904762,800,32,840
CRC32,100,0.001,detectado_no_corregido,False,4.761904761904762,800,32,840
CRC32,100,0.001,ok,True,4.761904761904762,800,32,840
CRC32,100,0.002,detectado_no_corregido,False,4.761904761904762,800,32,840
CRC32,100,0.002,detectado_no_corregido,False,4.761904761904762,800,32,840
CRC32,100,0.002,detectado_no_corregido,False,4.761904761904762,800,32,840
CRC32,100,0.002,detectado_no_corregido,False,4.761904761904762,800,32,840
CRC32,100,0.002,detectado_no_corregido,False,4.761904761904762,800,32,840
CRC32,100,0.002,detectado_no_corregido,False,4.761904761904762,800,32,840
CRC32,100,0.002,ok,True,4.761904761904762,800,32,840
CRC32,100,0.002,detectado_no_corregido,False,4.761904761904762,800,32,840
CRC32,100,0.002,detectado_no_corregido,False,4.761904761904762,800,32,840
CRC32,100,0.002,detectado_no_corregido,False,4.761904761904762,800,32,840
CRC32,100,0.002,detectado_no_corregido,False,4.761904761904762,800,32,840
CRC32,100,0.002,detectado_no_corregido,False,4.761904761904762,800,32,840
CRC32,100,0.002,detectado_no_corregido,False,4.761904761904762,800,32,840
CRC32,100,0.002,detectado_no_corregido,False,4.761904761904762,800,32,840
CRC32,100,0.002,detectado_no_corregido,False,4.761904761904762,800,32,840
CRC32,100,0.002,ok,True,4.761904761904762,800,32,840
CRC32,100,0.002,detectado_no_corregido,False,4.761904761904762,800,32,840
CRC32,100,0.002,ok,True,4.761904761904762,800,32,840
CRC32,100,0.002,detectado_no_corregido,False,4.761904761904762,800,32,840
CRC32,100,0.002,detectado_no_corregido,False,4.761904761904762,800,32,840
CRC32,100,0.002,detectado_no_corregido,False,4.761904761904762,800,32,840
CRC32,100,0.002,ok,True,4.761904761904762,800,32,840
CRC32,100,0.002,detectado_no_corregido,False,4.761904761904762,800,32,840
CRC32,100,0.002,detectado_no_corregido,False,4.761904761904762,800,32,840
CRC32,100,0.002,detectado_no_corregido,False,4.761904761904762,800,32,840
CRC32,100,0.002,detectado_no_corregido,False,4.761904761904762,800,32,840
CRC32,100,0.002,detectado_no_corregido,False,4.761904761904762,800,32,840
CRC32,100,0.002,detectado_no_corregido,False,4.761904761904762,800,32,840
CRC32,100,0.002,detectado_no_corregido,False,4.761904761904762,800,32,840
CRC32,100,0.002,detectado_no_corregido,False,4.761904761904762,800,32,840
CRC32,100,0.002,ok,True,4.761904761904762,800,32,840
CRC32,100,0.002,detectado_no_corregido,False,4.761904761904762,800,32,840
CRC32,100,0.002,detectado_no_corregido,False,4.761904761904762,800,32,840
CRC32,100,0.002,detectado_no_corregido,False,4.761904761904762,800,32,840
CRC32,100,0.002,ok,True,4.761904761904762,800,32,840
CRC32,100,0.002,detectado_no_corregido,False,4.761904761904762,800,32,840
CRC32,100,0.002,detectado_no_corregido,False,4.761904761904762,800,32,840
CRC32,100,0.002,detectado_no_corregido,False,4.761904761904762,800,32,840
CRC32,100,0.002,detectado_no_corregido,False,4.761904761904762,800,32,840
CRC32,100,0.002,detectado_no_corregido,False,4.761904761904762,800,32,840
CRC32,100,0.002,detectado_no_corregido,False,4.761904761904762,800,32,840
CRC32,100,0.002,detectado_no_corregido,False,4.761904761904762,800,32,840
CRC32,100,0.002,detectado_no_corregido,False,4.761904761904762,800,32,840
CRC32,100,0.002,detectado_no_corregido,False,4.761904761904762,800,32,840
CRC32,100,0.002,detectado_no_corregido,False,4.761904761904762,800,32,840
CRC32,100,0.002,ok,True,4.761904761904762,800,32,840
CRC32,100,0.002,detectado_no_corregido,False,4.761904761904762,800,32,840
CRC32,100,0.002,detectado_no_corregido,False,4.761904761904762,800,32,840
CRC32,100,0.002,detectado_no_corregido,False,4.761904761904762,800,32,840
CRC32,100,0.002,detectado_no_corregido,False,4.761904761904762,800,32,840
CRC32,100,0.002,ok,True,4.761904761904762,800,32,840
CRC32,100,0.002,ok,True,4.761904761904762,800,32,840
CRC32,100,0.002,detectado_no_corregido,False,4.761904761904762,800,32,840
CRC32,100,0.002,detectado_no_corregido,False,4.761904761904762,800,32,840
CRC32,100,0.002,detectado_no_corregido,False,4.761904761904762,800,32,840
CRC32,100,0.002,ok,True,4.761904761904762,800,32,840
CRC32,100,0.002,detectado_no_corregido,False,4.761904761904762,800,32,840
CRC32,100,0.002,ok,True,4.761904761904762,800,32,840
CRC32,100,0.002,detectado_no_corregido,False,4.761904761904762,800,32,840
CRC32,100,0.002,ok,True,4.761904761904762,800,32,840
CRC32,100,0.002,ok,True,4.761904761904762,800,32,840
CRC32,100,0.002,ok,True,4.761904761904762,800,32,840
CRC32,100,0.002,detectado_no_corregido,False,4.761904761904762,800,32,840
CRC32,100,0.002,ok,True,4.761904761904762,800,32,840
CRC32,100,0.002,detectado_no_corregido,False,4.761904761904762,800,32,840
CRC32,100,0.002,detectado_no_corregido,False,4.761904761904762,800,32,840
CRC32,100,0.002,detectado_no_corregido,False,4.761904761904762,800,32,840
CRC32,100,0.002,detectado_no_corregido,False,4.761904761904762,800,32,840
CRC32,100,0.002,detectado_no_corregido,False,4.761904761904762,800,32,840
CRC32,100,0.002,ok,True,4.761904761904762,800,32,840
CRC32,100,0.002,detectado_no_corregido,False,4.761904761904762,800,32,840
CRC32,100,0.002,ok,True,4.761904761904762,800,32,840
CRC32,100,0.002,detectado_no_corregido,False,4.761904761904762,800,32,840
CRC32,100,0.002,ok,True,4.761904761904762,800,32,840
CRC32,100,0.002,detectado_no_corregido,False,4.761904761904762,800,32,840
CRC32,100,0.002,detectado_no_corregido,False,4.761904761904762,800,32,840
CRC32,100,0.002,detectado_no_corregido,False,4.761904761904762,800,32,840
CRC32,100,0.002,detectado_no_corregido,False,4.761904761904762,800,32,840
CRC32,100,0.002,detectado_no_corregido,False,4.761904761904762,800,32,840
CRC32,100,0.002,detectado_no_corregido,False,4.761904761904762,800,32,840
CRC32,100,0.002,detectado_no_corregido,False,4.761904761904762,800,32,840
CRC32,100,0.002,detectado_no_corregido,False,4.761904761904762,800,32,840
CRC32,100,0.002,ok,True,4.761904761904762,800,32,840
CRC32,100,0.002,detectado_no_corregido,False,4.761904761904762,800,32,840
CRC32,100,0.002,ok,True,4.761904761904762,800,32,840
CRC32,100,0.002,detectado_no_corregido,False,4.761904761904762,800,32,840
CRC32,100,0.002,detectado_no_corregido,False,4.761904761904762,800,32,840
CRC32,100,0.002,detectado_no_corregido,False,4.761904761904762,800,32,840
CRC32,100,0.002,detectado_no_corregido,False,4.761904761904762,800,32,840
CRC32,100,0.002,detectado_no_corregido,False,4.761904761904762,800,32,840
CRC32,100,0.002,detectado_no_corregido,False,4.761904761904762,800,32,840
CRC32,100,0.002,detectado_no_corregido,False,4.761904761904762,800,32,840
CRC32,100,0.002,detectado_no_corregido,False,4.761904761904762,800,32,840
CRC32,100,0.002,detectado_no_corregido,False,4.761904761904762,800,32,840
CRC32,100,0.002,detectado_no_corregido,False,4.761904761904762,800,32,840
CRC32,100,0.002,detectado_no_corregido,False,4.761904761904762,800,32,840
CRC32,100,0.002,ok,True,4.761904761904762,800,32,840
CRC32,100,0.002,detectado_no_corregido,False,4.761904761904762,800,32,840
CRC32,100,0.002,ok,True,4.761904761904762,800,32,840
CRC32,100,0.002,detectado_no_corregido,False,4.761904761904762,800,32,840
CRC32,100,0.002,ok,True,4.761904761904762,800,32,840
CRC32,100,0.002,detectado_no_corregido,False,4.761904761904762,800,32,840
CRC32,100,0.002,detectado_no_corregido,False,4.761904761904762,800,32,840
CRC32,100,0.002,detectado_no_corregido,False,4.761904761904762,800,32,840
CRC32,100,0.002,detectado_no_corregido,False,4.761904761904762,800,32,840
CRC32,100,0.002,detectado_no_corregido,False,4.761904761904762,800,32,840
CRC32,100,0.002,detectado_no_corregido,False,4.761904761904762,800,32,840
CRC32,100,0.002,detectado_no_corregido,False,4.761904761904762,800,32,840
CRC32,100,0.002,detectado_no_corregido,False,4.761904761904762,800,32,840
CRC32,100,0.002,ok,True,4.761904761904762,800,32,840
CRC32,100,0.002,detectado_no_corregido,False,4.761904761904762,800,32,840
CRC32,100,0.002,detectado_no_corregido,False,4.761904761904762,800,32,840
CRC32,100,0.002,detectado_no_corregido,False,4.761904761904762,800,32,840
CRC32,100,0.002,detectado_no_corregido,False,4.761904761904762,800,32,840
CRC32,100,0.002,detectado_no_corregido,False,4.761904761904762,800,32,840
CRC32,100,0.002,detectado_no_corregido,False,4.761904761904762,800,32,840
CRC32,100,0.002,detectado_no_corregido,False,4.761904761904762,800,32,840
CRC32,100,0.002,detectado_no_corregido,False,4.761904761904762,800,32,840
CRC32,100,0.002,detectado_no_corregido,False,4.761904761904762,800,32,840
CRC32,100,0.002,ok,True,4.761904761904762,800,32,840
CRC32,100,0.002,detectado_no_corregido,False,4.761904761904762,800,32,840
CRC32,100,0.002,detectado_no_corregido,False,4.761904761904762,800,32,840
CRC32,100,0.002,cabecera_perdida,False,4.761904761904762,800,32,840
CRC32,100,0.002,detectado_no_corregido,False,4.761904761904762,800,32,840
CRC32,100,0.002,detectado_no_corregido,False,4.761904761904762,800,32,840
CRC32,100,0.002,detectado_no_corregido,False,4.761904761904762,800,32,840
CRC32,100,0.002,detectado_no_corregido,False,4.761904761904762,800,32,840
CRC32,100,0.002,detectado_no_corregido,False,4.761904761904762,800,32,840
CRC32,100,0.002,detectado_no_corregido,False,4.761904761904762,800,32,840
CRC32,100,0.002,detectado_no_corregido,False,4.761904761904762,800,32,840
CRC32,100,0.002,detectado_no_corregido,False,4.761904761904762,800,32,840
CRC32,100,0.002,detectado_no_corregido,False,4.761904761904762,800,32,840
CRC32,100,0.002,ok,True,4.761904761904762,800,32,840
CRC32,100,0.002,detectado_no_corregido,False,4.761904761904762,800,32,840
CRC32,100,0.002,detectado_no_corregido,False,4.761904761904762,800,32,840
CRC32,100,0.002,detectado_no_corregido,False,4.761904761904762,800,32,840
CRC32,100,0.002,detectado_no_corregido,False,4.761904761904762,800,32,840
CRC32,100,0.002,cabecera_perdida,False,4.761904761904762,800,32,840
CRC32,100,0.002,ok,True,4.761904761904762,800,32,840
CRC32,100,0.002,detectado_no_corregido,False,4.761904761904762,800,32,840
CRC32,100,0.002,detectado_no_corregido,False,4.761904761904762,800,32,840
CRC32,100,0.002,detectado_no_corregido,False,4.761904761904762,800,32,840
CRC32,100,0.002,detectado_no_corregido,False,4.761904761904762,800,32,840
CRC32,100,0.002,detectado_no_corregido,False,4.761904761904762,800,32,840
CRC32,100,0.002,detectado_no_corregido,False,4.761904761904762,800,32,840
CRC32,100,0.002,detectado_no_corregido,False,4.761904761904762,800,32,840
CRC32,100,0.002,detectado_no_corregido,False,4.761904761904762,800,32,840
CRC32,100,0.002,detectado_no_corregido,False,4.761904761904762,800,32,840
CRC32,100,0.002,detectado_no_corregido,False,4.761904761904762,800,32,840
CRC32,100,0.002,detectado_no_corregido,False,4.761904761904762,800,32,840
CRC32,100,0.005,detectado_no_corregido,False,4.761904761904762,800,32,840
CRC32,100,0.005,detectado_no_corregido,False,4.761904761904762,800,32,840
CRC32,100,0.005,detectado_no_corregido,False,4.761904761904762,800,32,840
CRC32,100,0.005,detectado_no_corregido,False,4.761904761904762,800,32,840
CRC32,100,0.005,cabecera_perdida,False,4.761904761904762,800,32,840
CRC32,100,0.005,detectado_no_corregido,False,4.761904761904762,800,32,840
CRC32,100,0.005,cabecera_perdida,False,4.761904761904762,800,32,840
CRC32,100,0.005,detectado_no_corregido,False,4.761904761904762,800,32,840
CRC32,100,0.005,detectado_no_corregido,False,4.761904761904762,800,32,840
CRC32,100,0.005,detectado_no_corregido,False,4.761904761904762,800,32,840
CRC32,100,0.005,detectado_no_corregido,False,4.761904761904762,800,32,840
CRC32,100,0.005,detectado_no_corregido,False,4.761904761904762,800,32,840
CRC32,100,0.005,detectado_no_corregido,False,4.761904761904762,800,32,840
CRC32,100,0.005,detectado_no_corregido,False,4.761904761904762,800,32,840
CRC32,100,0.005,detectado_no_corregido,False,4.761904761904762,800,32,840
CRC32,100,0.005,detectado_no_corregido,False,4.761904761904762,800,32,840
CRC32,100,0.005,detectado_no_corregido,False,4.761904761904762,800,32,840
CRC32,100,0.005,detectado_no_corregido,False,4.761904761904762,800,32,840
CRC32,100,0.005,detectado_no_corregido,False,4.761904761904762,800,32,840
CRC32,100,0.005,detectado_no_corregido,False,4.761904761904762,800,32,840
CRC32,100,0.005,detectado_no_corregido,False,4.761904761904762,800,32,840
CRC32,100,0.005,detectado_no_corregido,False,4.761904761904762,800,32,840
CRC32,100,0.005,detectado_no_corregido,False,4.761904761904762,800,32,840
CRC32,100,0.005,detectado_no_corregido,False,4.761904761904762,800,32,840
CRC32,100,0.005,detectado_no_corregido,False,4.761904761904762,800,32,840
CRC32,100,0.005,detectado_no_corregido,False,4.761904761904762,800,32,840
CRC32,100,0.005,detectado_no_corregido,False,4.761904761904762,800,32,840
CRC32,100,0.005,detectado_no_corregido,False,4.761904761904762,800,32,840
CRC32,100,0.005,detectado_no_corregido,False,4.761904761904762,800,32,840
CRC32,100,0.005,detectado_no_corregido,False,4.761904761904762,800,32,840
CRC32,100,0.005,detectado_no_corregido,False,4.761904761904762,800,32,840
CRC32,100,0.005,detectado_no_corregido,False,4.761904761904762,800,32,840
CRC32,100,0.005,detectado_no_corregido,False,4.761904761904762,800,32,840
CRC32,100,0.005,detectado_no_corregido,False,4.761904761904762,800,32,840
CRC32,100,0.005,detectado_no_corregido,False,4.761904761904762,800,32,840
CRC32,100,0.005,detectado_no_corregido,False,4.761904761904762,800,32,840
CRC32,100,0.005,detectado_no_corregido,False,4.761904761904762,800,32,840
CRC32,100,0.005,detectado_no_corregido,False,4.761904761904762,800,32,840
CRC32,100,0.005,detectado_no_corregido,False,4.761904761904762,800,32,840
CRC32,100,0.005,detectado_no_corregido,False,4.761904761904762,800,32,840
CRC32,100,0.005,detectado_no_corregido,False,4.761904761904762,800,32,840
CRC32,100,0.005,detectado_no_corregido,False,4.761904761904762,800,32,840
CRC32,100,0.005,detectado_no_corregido,False,4.761904761904762,800,32,840
CRC32,100,0.005,detectado_no_corregido,False,4.761904761904762,800,32,840
CRC32,100,0.005,detectado_no_corregido,False,4.761904761904762,800,32,840
CRC32,100,0.005,detectado_no_corregido,False,4.761904761904762,800,32,840
CRC32,100,0.005,detectado_no_corregido,False,4.761904761904762,800,32,840
CRC32,100,0.005,detectado_no_corregido,False,4.761904761904762,800,32,840
CRC32,100,0.005,detectado_no_corregido,False,4.761904761904762,800,32,840
CRC32,100,0.005,detectado_no_corregido,False,4.761904761904762,800,32,840
CRC32,100,0.005,detectado_no_corregido,False,4.761904761904762,800,32,840
CRC32,100,0.005,detectado_no_corregido,False,4.761904761904762,800,32,840
CRC32,100,0.005,detectado_no_corregido,False,4.761904761904762,800,32,840
CRC32,100,0.005,detectado_no_corregido,False,4.761904761904762,800,32,840
CRC32,100,0.005,detectado_no_corregido,False,4.761904761904762,800,32,840
CRC32,100,0.005,detectado_no_corregido,False,4.761904761904762,800,32,840
CRC32,100,0.005,detectado_no_corregido,False,4.761904761904762,800,32,840
CRC32,100,0.005,detectado_no_corregido,False,4.761904761904762,800,32,840
CRC32,100,0.005,detectado_no_corregido,False,4.761904761904762,800,32,840
CRC32,100,0.005,detectado_no_corregido,False,4.761904761904762,800,32,840
CRC32,100,0.005,detectado_no_corregido,False,4.761904761904762,800,32,840
CRC32,100,0.005,detectado_no_corregido,False,4.761904761904762,800,32,840
CRC32,100,0.005,detectado_no_corregido,False,4.761904761904762,800,32,840
CRC32,100,0.005,detectado_no_corregido,False,4.761904761904762,800,32,840
CRC32,100,0.005,detectado_no_corregido,False,4.761904761904762,800,32,840
CRC32,100,0.005,detectado_no_corregido,False,4.761904761904762,800,32,840
CRC32,100,0.005,detectado_no_corregido,False,4.761904761904762,800,32,840
CRC32,100,0.005,detectado_no_corregido,False,4.761904761904762,800,32,840
CRC32,100,0.005,detectado_no_corregido,False,4.761904761904762,800,32,840
CRC32,100,0.005,detectado_no_corregido,False,4.761904761904762,800,32,840
CRC32,100,0.005,detectado_no_corregido,False,4.761904761904762,800,32,840
CRC32,100,0.005,detectado_no_corregido,False,4.761904761904762,800,32,840
CRC32,100,0.005,detectado_no_corregido,False,4.761904761904762,800,32,840
CRC32,100,0.005,detectado_no_corregido,False,4.761904761904762,800,32,840
CRC32,100,0.005,detectado_no_corregido,False,4.761904761904762,800,32,840
CRC32,100,0.005,detectado_no_corregido,False,4.761904761904762,800,32,840
CRC32,100,0.005,detectado_no_corregido,False,4.761904761904762,800,32,840
CRC32,100,0.005,detectado_no_corregido,False,4.761904761904762,800,32,840
CRC32,100,0.005,detectado_no_corregido,False,4.761904761904762,800,32,840
CRC32,100,0.005,detectado_no_corregido,False,4.761904761904762,800,32,840
CRC32,100,0.005,detectado_no_corregido,False,4.761904761904762,800,32,840
CRC32,100,0.005,cabecera_perdida,False,4.761904761904762,800,32,840
CRC32,100,0.005,detectado_no_corregido,False,4.761904761904762,800,32,840
CRC32,100,0.005,detectado_no_corregido,False,4.761904761904762,800,32,840
CRC32,100,0.005,detectado_no_corregido,False,4.761904761904762,800,32,840
CRC32,100,0.005,detectado_no_corregido,False,4.761904761904762,800,32,840
CRC32,100,0.005,detectado_no_corregido,False,4.761904761904762,800,32,840
CRC32,100,0.005,detectado_no_corregido,False,4.761904761904762,800,32,840
CRC32,100,0.005,detectado_no_corregido,False,4.761904761904762,800,32,840
CRC32,100,0.005,detectado_no_corregido,False,4.761904761904762,800,32,840
CRC32,100,0.005,detectado_no_corregido,False,4.761904761904762,800,32,840
CRC32,100,0.005,detectado_no_corregido,False,4.761904761904762,800,32,840
CRC32,100,0.005,detectado_no_corregido,False,4.761904761904762,800,32,840
CRC32,100,0.005,detectado_no_corregido,False,4.761904761904762,800,32,840
CRC32,100,0.005,detectado_no_corregido,False,4.761904761904762,800,32,840
CRC32,100,0.005,detectado_no_corregido,False,4.761904761904762,800,32,840
CRC32,100,0.005,detectado_no_corregido,False,4.761904761904762,800,32,840
CRC32,100,0.005,detectado_no_corregido,False,4.761904761904762,800,32,840
CRC32,100,0.005,detectado_no_corregido,False,4.761904761904762,800,32,840
CRC32,100,0.005,detectado_no_corregido,False,4.761904761904762,800,32,840
CRC32,100,0.005,detectado_no_corregido,False,4.761904761904762,800,32,840
CRC32,100,0.005,detectado_no_corregido,False,4.761904761904762,800,32,840
CRC32,100,0.005,detectado_no_corregido,False,4.761904761904762,800,32,840
CRC32,100,0.005,detectado_no_corregido,False,4.761904761904762,800,32,840
CRC32,100,0.005,detectado_no_corregido,False,4.761904761904762,800,32,840
CRC32,100,0.005,detectado_no_corregido,False,4.761904761904762,800,32,840
CRC32,100,0.005,detectado_no_corregido,False,4.761904761904762,800,32,840
CRC32,100,0.005,detectado_no_corregido,False,4.761904761904762,800,32,840
CRC32,100,0.005,detectado_no_corregido,False,4.761904761904762,800,32,840
CRC32,100,0.005,detectado_no_corregido,False,4.761904761904762,800,32,840
CRC32,100,0.005,detectado_no_corregido,False,4.761904761904762,800,32,840
CRC32,100,0.005,detectado_no_corregido,False,4.761904761904762,800,32,840
CRC32,100,0.005,detectado_no_corregido,False,4.761904761904762,800,32,840
CRC32,100,0.005,detectado_no_corregido,False,4.761904761904762,800,32,840
CRC32,100,0.005,detectado_no_corregido,False,4.761904761904762,800,32,840
CRC32,100,0.005,detectado_no_corregido,False,4.761904761904762,800,32,840
CRC32,100,0.005,detectado_no_corregido,False,4.761904761904762,800,32,840
CRC32,100,0.005,detectado_no_corregido,False,4.761904761904762,800,32,840
CRC32,100,0.005,detectado_no_corregido,False,4.761904761904762,800,32,840
CRC32,100,0.005,detectado_no_corregido,False,4.761904761904762,800,32,840
CRC32,100,0.005,detectado_no_corregido,False,4.761904761904762,800,32,840
CRC32,100,0.005,detectado_no_corregido,False,4.761904761904762,800,32,840
CRC32,100,0.005,detectado_no_corregido,False,4.761904761904762,800,32,840
CRC32,100,0.005,detectado_no_corregido,False,4.761904761904762,800,32,840
CRC32,100,0.005,detectado_no_corregido,False,4.761904761904762,800,32,840
CRC32,100,0.005,detectado_no_corregido,False,4.761904761904762,800,32,840
CRC32,100,0.005,detectado_no_corregido,False,4.761904761904762,800,32,840
CRC32,100,0.005,detectado_no_corregido,False,4.761904761904762,800,32,840
CRC32,100,0.005,detectado_no_corregido,False,4.761904761904762,800,32,840
CRC32,100,0.005,detectado_no_corregido,False,4.761904761904762,800,32,840
CRC32,100,0.005,detectado_no_corregido,False,4.761904761904762,800,32,840
CRC32,100,0.005,detectado_no_corregido,False,4.761904761904762,800,32,840
CRC32,100,0.005,detectado_no_corregido,False,4.761904761904762,800,32,840
CRC32,100,0.005,detectado_no_corregido,False,4.761904761904762,800,32,840
CRC32,100,0.005,detectado_no_corregido,False,4.761904761904762,800,32,840
CRC32,100,0.005,detectado_no_corregido,False,4.761904761904762,800,32,840
CRC32,100,0.005,detectado_no_corregido,False,4.761904761904762,800,32,840
CRC32,100,0.005,detectado_no_corregido,False,4.761904761904762,800,32,840
CRC32,100,0.005,ok,True,4.761904761904762,800,32,840
CRC32,100,0.005,detectado_no_corregido,False,4.761904761904762,800,32,840
CRC32,100,0.005,detectado_no_corregido,False,4.761904761904762,800,32,840
CRC32,100,0.005,detectado_no_corregido,False,4.761904761904762,800,32,840
CRC32,100,0.005,detectado_no_corregido,False,4.761904761904762,800,32,840
CRC32,100,0.005,detectado_no_corregido,False,4.761904761904762,800,32,840
CRC32,100,0.005,detectado_no_corregido,False,4.761904761904762,800,32,840
CRC32,100,0.005,detectado_no_corregido,False,4.761904761904762,800,32,840
CRC32,100,0.005,detectado_no_corregido,False,4.761904761904762,800,32,840
CRC32,100,0.005,detectado_no_corregido,False,4.761904761904762,800,32,840
CRC32,100,0.005,detectado_no_corregido,False,4.761904761904762,800,32,840
CRC32,100,0.005,detectado_no_corregido,False,4.761904761904762,800,32,840
CRC32,100,0.01,detectado_no_corregido,False,4.761904761904762,800,32,840
CRC32,100,0.01,detectado_no_corregido,False,4.761904761904762,800,32,840
CRC32,100,0.01,detectado_no_corregido,False,4.761904761904762,800,32,840
CRC32,100,0.01,detectado_no_corregido,False,4.761904761904762,800,32,840
CRC32,100,0.01,detectado_no_corregido,False,4.761904761904762,800,32,840
CRC32,100,0.01,detectado_no_corregido,False,4.761904761904762,800,32,840
CRC32,100,0.01,detectado_no_corregido,False,4.761904761904762,800,32,840
CRC32,100,0.01,detectado_no_corregido,False,4.761904761904762,800,32,840
CRC32,100,0.01,detectado_no_corregido,False,4.761904761904762,800,32,840
CRC32,100,0.01,detectado_no_corregido,False,4.761904761904762,800,32,840
CRC32,100,0.01,detectado_no_corregido,False,4.761904761904762,800,32,840
CRC32,100,0.01,detectado_no_corregido,False,4.761904761904762,800,32,840
CRC32,100,0.01,detectado_no_corregido,False,4.761904761904762,800,32,840
CRC32,100,0.01,detectado_no_corregido,False,4.761904761904762,800,32,840
CRC32,100,0.01,detectado_no_corregido,False,4.761904761904762,800,32,840
CRC32,100,0.01,detectado_no_corregido,False,4.761904761904762,800,32,840
CRC32,100,0.01,detectado_no_corregido,False,4.761904761904762,800,32,840
CRC32,100,0.01,detectado_no_corregido,False,4.761904761904762,800,32,840
CRC32,100,0.01,detectado_no_corregido,False,4.761904761904762,800,32,840
CRC32,100,0.01,detectado_no_corregido,False,4.761904761904762,800,32,840
CRC32,100,0.01,detectado_no_corregido,False,4.761904761904762,800,32,840
CRC32,100,0.01,detectado_no_corregido,False,4.761904761904762,800,32,840
CRC32,100,0.01,detectado_no_corregido,False,4.761904761904762,800,32,840
CRC32,100,0.01,detectado_no_corregido,False,4.761904761904762,800,32,840
CRC32,100,0.01,cabecera_perdida,False,4.761904761904762,800,32,840
CRC32,100,0.01,detectado_no_corregido,False,4.761904761904762,800,32,840
CRC32,100,0.01,detectado_no_corregido,False,4.761904761904762,800,32,840
CRC32,100,0.01,detectado_no_corregido,False,4.761904761904762,800,32,840
CRC32,100,0.01,detectado_no_corregido,False,4.761904761904762,800,32,840
CRC32,100,0.01,detectado_no_corregido,False,4.761904761904762,800,32,840
CRC32,100,0.01,detectado_no_corregido,False,4.761904761904762,800,32,840
CRC32,100,0.01,detectado_no_corregido,False,4.761904761904762,800,32,840
CRC32,100,0.01,detectado_no_corregido,False,4.761904761904762,800,32,840
CRC32,100,0.01,detectado_no_corregido,False,4.761904761904762,800,32,840
CRC32,100,0.01,detectado_no_corregido,False,4.761904761904762,800,32,840
CRC32,100,0.01,detectado_no_corregido,False,4.761904761904762,800,32,840
CRC32,100,0.01,detectado_no_corregido,False,4.761904761904762,800,32,840
CRC32,100,0.01,detectado_no_corregido,False,4.761904761904762,800,32,840
CRC32,100,0.01,detectado_no_corregido,False,4.761904761904762,800,32,840
CRC32,100,0.01,detectado_no_corregido,False,4.761904761904762,800,32,840
CRC32,100,0.01,detectado_no_corregido,False,4.761904761904762,800,32,840
CRC32,100,0.01,detectado_no_corregido,False,4.761904761904762,800,32,840
CRC32,100,0.01,detectado_no_corregido,False,4.761904761904762,800,32,840
CRC32,100,0.01,detectado_no_corregido,False,4.761904761904762,800,32,840
CRC32,100,0.01,detectado_no_corregido,False,4.761904761904762,800,32,840
CRC32,100,0.01,detectado_no_corregido,False,4.761904761904762,800,32,840
CRC32,100,0.01,detectado_no_corregido,False,4.761904761904762,800,32,840
CRC32,100,0.01,detectado_no_corregido,False,4.761904761904762,800,32,840
CRC32,100,0.01,detectado_no_corregido,False,4.761904761904762,800,32,840
CRC32,100,0.01,detectado_no_corregido,False,4.761904761904762,800,32,840
CRC32,100,0.01,detectado_no_corregido,False,4.761904761904762,800,32,840
CRC32,100,0.01,cabecera_perdida,False,4.761904761904762,800,32,840
CRC32,100,0.01,detectado_no_corregido,False,4.761904761904762,800,32,840
CRC32,100,0.01,detectado_no_corregido,False,4.761904761904762,800,32,840
CRC32,100,0.01,detectado_no_corregido,False,4.761904761904762,800,32,840
CRC32,100,0.01,detectado_no_corregido,False,4.761904761904762,800,32,840
CRC32,100,0.01,cabecera_perdida,False,4.761904761904762,800,32,840
CRC32,100,0.01,detectado_no_corregido,False,4.761904761904762,800,32,840
CRC32,100,0.01,detectado_no_corregido,False,4.761904761904762,800,32,840
CRC32,100,0.01,detectado_no_corregido,False,4.761904761904762,800,32,840
CRC32,100,0.01,detectado_no_corregido,False,4.761904761904762,800,32,840
CRC32,100,0.01,detectado_no_corregido,False,4.761904761904762,800,32,840
CRC32,100,0.01,detectado_no_corregido,False,4.761904761904762,800,32,840
CRC32,100,0.01,detectado_no_corregido,False,4.761904761904762,800,32,840
CRC32,100,0.01,detectado_no_corregido,False,4.761904761904762,800,32,840
CRC32,100,0.01,detectado_no_corregido,False,4.761904761904762,800,32,840
CRC32,100,0.01,detectado_no_corregido,False,4.761904761904762,800,32,840
CRC32,100,0.01,detectado_no_corregido,False,4.761904761904762,800,32,840
CRC32,100,0.01,cabecera_perdida,False,4.761904761904762,800,32,840
CRC32,100,0.01,cabecera_perdida,False,4.761904761904762,800,32,840
CRC32,100,0.01,detectado_no_corregido,False,4.761904761904762,800,32,840
CRC32,100,0.01,detectado_no_corregido,False,4.761904761904762,800,32,840
CRC32,100,0.01,detectado_no_corregido,False,4.761904761904762,800,32,840
CRC32,100,0.01,detectado_no_corregido,False,4.761904761904762,800,32,840
CRC32,100,0.01,detectado_no_corregido,False,4.761904761904762,800,32,840
CRC32,100,0.01,detectado_no_corregido,False,4.761904761904762,800,32,840
CRC32,100,0.01,detectado_no_corregido,False,4.761904761904762,800,32,840
CRC32,100,0.01,detectado_no_corregido,False,4.761904761904762,800,32,840
CRC32,100,0.01,detectado_no_corregido,False,4.761904761904762,800,32,840
CRC32,100,0.01,detectado_no_corregido,False,4.761904761904762,800,32,840
CRC32,100,0.01,detectado_no_corregido,False,4.761904761904762,800,32,840
CRC32,100,0.01,detectado_no_corregido,False,4.761904761904762,800,32,840
CRC32,100,0.01,detectado_no_corregido,False,4.761904761904762,800,32,840
CRC32,100,0.01,detectado_no_corregido,False,4.761904761904762,800,32,840
CRC32,100,0.01,detectado_no_corregido,False,4.761904761904762,800,32,840
CRC32,100,0.01,cabecera_perdida,False,4.761904761904762,800,32,840
CRC32,100,0.01,detectado_no_corregido,False,4.761904761904762,800,32,840
CRC32,100,0.01,detectado_no_corregido,False,4.761904761904762,800,32,840
CRC32,100,0.01,detectado_no_corregido,False,4.761904761904762,800,32,840
CRC32,100,0.01,detectado_no_corregido,False,4.761904761904762,800,32,840
CRC32,100,0.01,cabecera_perdida,False,4.761904761904762,800,32,840
CRC32,100,0.01,detectado_no_corregido,False,4.761904761904762,800,32,840
CRC32,100,0.01,detectado_no_corregido,False,4.761904761904762,800,32,840
CRC32,100,0.01,detectado_no_corregido,False,4.761904761904762,800,32,840
CRC32,100,0.01,detectado_no_corregido,False,4.761904761904762,800,32,840
CRC32,100,0.01,detectado_no_corregido,False,4.761904761904762,800,32,840
CRC32,100,0.01,detectado_no_corregido,False,4.761904761904762,800,32,840
CRC32,100,0.01,detectado_no_corregido,False,4.761904761904762,800,32,840
CRC32,100,0.01,detectado_no_corregido,False,4.761904761904762,800,32,840
CRC32,100,0.01,cabecera_perdida,False,4.761904761904762,800,32,840
CRC32,100,0.01,detectado_no_corregido,False,4.761904761904762,800,32,840
CRC32,100,0.01,cabecera_perdida,False,4.761904761904762,800,32,840
CRC32,100,0.01,detectado_no_corregido,False,4.761904761904762,800,32,840
CRC32,100,0.01,detectado_no_corregido,False,4.761904761904762,800,32,840
CRC32,100,0.01,detectado_no_corregido,False,4.761904761904762,800,32,840
CRC32,100,0.01,cabecera_perdida,False,4.761904761904762,800,32,840
CRC32,100,0.01,cabecera_perdida,False,4.761904761904762,800,32,840
CRC32,100,0.01,detectado_no_corregido,False,4.761904761904762,800,32,840
CRC32,100,0.01,detectado_no_corregido,False,4.761904761904762,800,32,840
CRC32,100,0.01,detectado_no_corregido,False,4.761904761904762,800,32,840
CRC32,100,0.01,detectado_no_corregido,False,4.761904761904762,800,32,840
CRC32,100,0.01,detectado_no_corregido,False,4.761904761904762,800,32,840
CRC32,100,0.01,detectado_no_corregido,False,4.761904761904762,800,32,840
CRC32,100,0.01,detectado_no_corregido,False,4.761904761904762,800,32,840
CRC32,100,0.01,detectado_no_corregido,False,4.761904761904762,800,32,840
CRC32,100,0.01,detectado_no_corregido,False,4.761904761904762,800,32,840
CRC32,100,0.01,detectado_no_corregido,False,4.761904761904762,800,32,840
CRC32,100,0.01,detectado_no_corregido,False,4.761904761904762,800,32,840
CRC32,100,0.01,detectado_no_corregido,False,4.761904761904762,800,32,840
CRC32,100,0.01,detectado_no_corregido,False,4.761904761904762,800,32,840
CRC32,100,0.01,detectado_no_corregido,False,4.761904761904762,800,32,840
CRC32,100,0.01,detectado_no_corregido,False,4.761904761904762,800,32,840
CRC32,100,0.01,detectado_no_corregido,False,4.761904761904762,800,32,840
CRC32,100,0.01,detectado_no_corregido,False,4.761904761904762,800,32,840
CRC32,100,0.01,detectado_no_corregido,False,4.761904761904762,800,32,840
CRC32,100,0.01,detectado_no_corregido,False,4.761904761904762,800,32,840
CRC32,100,0.01,detectado_no_corregido,False,4.761904761904762,800,32,840
CRC32,100,0.01,detectado_no_corregido,False,4.761904761904762,800,32,840
CRC32,100,0.01,detectado_no_corregido,False,4.761904761904762,800,32,840
CRC32,100,0.01,cabecera_perdida,False,4.761904761904762,800,32,840
CRC32,100,0.01,detectado_no_corregido,False,4.761904761904762,800,32,840
CRC32,100,0.01,detectado_no_corregido,False,4.761904761904762,800,32,840
CRC32,100,0.01,cabecera_perdida,False,4.761904761904762,800,32,840
CRC32,100,0.01,detectado_no_corregido,False,4.761904761904762,800,32,840
CRC32,100,0.01,detectado_no_corregido,False,4.761904761904762,800,32,840
CRC32,100,0.01,detectado_no_corregido,False,4.761904761904762,800,32,840
CRC32,100,0.01,detectado_no_corregido,False,4.761904761904762,800,32,840
CRC32,100,0.01,detectado_no_corregido,False,4.761904761904762,800,32,840
CRC32,100,0.01,detectado_no_corregido,False,4.761904761904762,800,32,840
CRC32,100,0.01,detectado_no_corregido,False,4.761904761904762,800,32,840
CRC32,100,0.01,detectado_no_corregido,False,4.761904761904762,800,32,840
CRC32,100,0.01,detectado_no_corregido,False,4.761904761904762,800,32,840
CRC32,100,0.01,detectado_no_corregido,False,4.761904761904762,800,32,840
CRC32,100,0.01,detectado_no_corregido,False,4.761904761904762,800,32,840
CRC32,100,0.01,detectado_no_corregido,False,4.761904761904762,800,32,840
CRC32,100,0.01,detectado_no_corregido,False,4.761904761904762,800,32,840
CRC32,100,0.01,detectado_no_corregido,False,4.761904761904762,800,32,840
CRC32,100,0.01,detectado_no_corregido,False,4.761904761904762,800,32,840
CRC32,100,0.01,detectado_no_corregido,False,4.761904761904762,800,32,840
CRC32,100,0.01,detectado_no_corregido,False,4.761904761904762,800,32,840
CRC32,100,0.02,detectado_no_corregido,False,4.761904761904762,800,32,840
CRC32,100,0.02,detectado_no_corregido,False,4.761904761904762,800,32,840
CRC32,100,0.02,detectado_no_corregido,False,4.761904761904762,800,32,840
CRC32,100,0.02,detectado_no_corregido,False,4.761904761904762,800,32,840
CRC32,100,0.02,detectado_no_corregido,False,4.761904761904762,800,32,840
CRC32,100,0.02,detectado_no_corregido,False,4.761904761904762,800,32,840
CRC32,100,0.02,detectado_no_corregido,False,4.761904761904762,800,32,840
CRC32,100,0.02,detectado_no_corregido,False,4.761904761904762,800,32,840
CRC32,100,0.02,detectado_no_corregido,False,4.761904761904762,800,32,840
CRC32,100,0.02,detectado_no_corregido,False,4.761904761904762,800,32,840
CRC32,100,0.02,detectado_no_corregido,False,4.761904761904762,800,32,840
CRC32,100,0.02,detectado_no_corregido,False,4.761904761904762,800,32,840
CRC32,100,0.02,detectado_no_corregido,False,4.761904761904762,800,32,840
CRC32,100,0.02,detectado_no_corregido,False,4.761904761904762,800,32,840
CRC32,100,0.02,detectado_no_corregido,False,4.761904761904762,800,32,840
CRC32,100,0.02,detectado_no_corregido,False,4.761904761904762,800,32,840
CRC32,100,0.02,detectado_no_corregido,False,4.761904761904762,800,32,840
CRC32,100,0.02,cabecera_perdida,False,4.761904761904762,800,32,840
CRC32,100,0.02,cabecera_perdida,False,4.761904761904762,800,32,840
CRC32,100,0.02,detectado_no_corregido,False,4.761904761904762,800,32,840
CRC32,100,0.02,detectado_no_corregido,False,4.761904761904762,800,32,840
CRC32,100,0.02,detectado_no_corregido,False,4.761904761904762,800,32,840
CRC32,100,0.02,detectado_no_corregido,False,4.761904761904762,800,32,840
CRC32,100,0.02,detectado_no_corregido,False,4.761904761904762,800,32,840
CRC32,100,0.02,detectado_no_corregido,False,4.761904761904762,800,32,840
CRC32,100,0.02,detectado_no_corregido,False,4.761904761904762,800,32,840
CRC32,100,0.02,detectado_no_corregido,False,4.761904761904762,800,32,840
CRC32,100,0.02,detectado_no_corregido,False,4.761904761904762,800,32,840
CRC32,100,0.02,detectado_no_corregido,False,4.761904761904762,800,32,840
CRC32,100,0.02,detectado_no_corregido,False,4.761904761904762,800,32,840
CRC32,100,0.02,cabecera_perdida,False,4.761904761904762,800,32,840
CRC32,100,0.02,detectado_no_corregido,False,4.761904761904762,800,32,840
CRC32,100,0.02,detectado_no_corregido,False,4.761904761904762,800,32,840
CRC32,100,0.02,detectado_no_corregido,False,4.761904761904762,800,32,840
CRC32,100,0.02,detectado_no_corregido,False,4.761904761904762,800,32,840
CRC32,100,0.02,detectado_no_corregido,False,4.761904761904762,800,32,840
CRC32,100,0.02,detectado_no_corregido,False,4.761904761904762,800,32,840
CRC32,100,0.02,detectado_no_corregido,False,4.761904761904762,800,32,840
CRC32,100,0.02,detectado_no_corregido,False,4.761904761904762,800,32,840
CRC32,100,0.02,detectado_no_corregido,False,4.761904761904762,800,32,840
CRC32,100,0.02,detectado_no_corregido,False,4.761904761904762,800,32,840
CRC32,100,0.02,detectado_no_corregido,False,4.761904761904762,800,32,840
CRC32,100,0.02,detectado_no_corregido,False,4.761904761904762,800,32,840
CRC32,100,0.02,detectado_no_corregido,False,4.761904761904762,800,32,840
CRC32,100,0.02,detectado_no_corregido,False,4.761904761904762,800,32,840
CRC32,100,0.02,detectado_no_corregido,False,4.761904761904762,800,32,840
CRC32,100,0.02,detectado_no_corregido,False,4.761904761904762,800,32,840
CRC32,100,0.02,detectado_no_corregido,False,4.761904761904762,800,32,840
CRC32,100,0.02,cabecera_perdida,False,4.761904761904762,800,32,840
CRC32,100,0.02,detectado_no_corregido,False,4.761904761904762,800,32,840
CRC32,100,0.02,detectado_no_corregido,False,4.761904761904762,800,32,840
CRC32,100,0.02,detectado_no_corregido,False,4.761904761904762,800,32,840
CRC32,100,0.02,detectado_no_corregido,False,4.761904761904762,800,32,840
CRC32,100,0.02,detectado_no_corregido,False,4.761904761904762,800,32,840
CRC32,100,0.02,detectado_no_corregido,False,4.761904761904762,800,32,840
CRC32,100,0.02,detectado_no_corregido,False,4.761904761904762,800,32,840
CRC32,100,0.02,detectado_no_corregido,False,4.761904761904762,800,32,840
CRC32,100,0.02,detectado_no_corregido,False,4.761904761904762,800,32,840
CRC32,100,0.02,detectado_no_corregido,False,4.761904761904762,800,32,840
CRC32,100,0.02,detectado_no_corregido,False,4.761904761904762,800,32,840
CRC32,100,0.02,cabecera_perdida,False,4.761904761904762,800,32,840
CRC32,100,0.02,detectado_no_corregido,False,4.761904761904762,800,32,840
CRC32,100,0.02,detectado_no_corregido,False,4.761904761904762,800,32,840
CRC32,100,0.02,detectado_no_corregido,False,4.761904761904762,800,32,840
CRC32,100,0.02,detectado_no_corregido,False,4.761904761904762,800,32,840
CRC32,100,0.02,detectado_no_corregido,False,4.761904761904762,800,32,840
CRC32,100,0.02,detectado_no_corregido,False,4.761904761904762,800,32,840
CRC32,100,0.02,detectado_no_corregido,False,4.761904761904762,800,32,840
CRC32,100,0.02,detectado_no_corregido,False,4.761904761904762,800,32,840
CRC32,100,0.02,detectado_no_corregido,False,4.761904761904762,800,32,840
CRC32,100,0.02,detectado_no_corregido,False,4.761904761904762,800,32,840
CRC32,100,0.02,cabecera_perdida,False,4.761904761904762,800,32,840
CRC32,100,0.02,detectado_no_corregido,False,4.761904761904762,800,32,840
CRC32,100,0.02,detectado_no_corregido,False,4.761904761904762,800,32,840
CRC32,100,0.02,detectado_no_corregido,False,4.761904761904762,800,32,840
CRC32,100,0.02,detectado_no_corregido,False,4.761904761904762,800,32,840
CRC32,100,0.02,cabecera_perdida,False,4.761904761904762,800,32,840
CRC32,100,0.02,detectado_no_corregido,False,4.761904761904762,800,32,840
CRC32,100,0.02,detectado_no_corregido,False,4.761904761904762,800,32,840
CRC32,100,0.02,detectado_no_corregido,False,4.761904761904762,800,32,840
CRC32,100,0.02,detectado_no_corregido,False,4.761904761904762,800,32,840
CRC32,100,0.02,detectado_no_corregido,False,4.761904761904762,800,32,840
CRC32,100,0.02,detectado_no_corregido,False,4.761904761904762,800,32,840
CRC32,100,0.02,detectado_no_corregido,False,4.761904761904762,800,32,840
CRC32,100,0.02,detectado_no_corregido,False,4.761904761904762,800,32,840
CRC32,100,0.02,detectado_no_corregido,False,4.761904761904762,800,32,840
CRC32,100,0.02,detectado_no_corregido,False,4.761904761904762,800,32,840
CRC32,100,0.02,detectado_no_corregido,False,4.761904761904762,800,32,840
CRC32,100,0.02,detectado_no_corregido,False,4.761904761904762,800,32,840
CRC32,100,0.02,detectado_no_corregido,False,4.761904761904762,800,32,840
CRC32,100,0.02,detectado_no_corregido,False,4.761904761904762,800,32,840
CRC32,100,0.02,detectado_no_corregido,False,4.761904761904762,800,32,840
CRC32,100,0.02,detectado_no_corregido,False,4.761904761904762,800,32,840
CRC32,100,0.02,detectado_no_corregido,False,4.761904761904762,800,32,840
CRC32,100,0.02,detectado_no_corregido,False,4.761904761904762,800,32,840
CRC32,100,0.02,detectado_no_corregido,False,4.761904761904762,800,32,840
CRC32,100,0.02,detectado_no_corregido,False,4.761904761904762,800,32,840
CRC32,100,0.02,detectado_no_corregido,False,4.761904761904762,800,32,840
CRC32,100,0.02,detectado_no_corregido,False,4.761904761904762,800,32,840
CRC32,100,0.02,detectado_no_corregido,False,4.761904761904762,800,32,840
CRC32,100,0.02,detectado_no_corregido,False,4.761904761904762,800,32,840
CRC32,100,0.02,detectado_no_corregido,False,4.761904761904762,800,32,840
CRC32,100,0.02,detectado_no_corregido,False,4.761904761904762,800,32,840
CRC32,100,0.02,detectado_no_corregido,False,4.761904761904762,800,32,840
CRC32,100,0.02,detectado_no_corregido,False,4.761904761904762,800,32,840
CRC32,100,0.02,detectado_no_corregido,False,4.761904761904762,800,32,840
CRC32,100,0.02,detectado_no_corregido,False,4.761904761904762,800,32,840
CRC32,100,0.02,cabecera_perdida,False,4.761904761904762,800,32,840
CRC32,100,0.02,cabecera_perdida,False,4.761904761904762,800,32,840
CRC32,100,0.02,detectado_no_corregido,False,4.761904761904762,800,32,840
CRC32,100,0.02,detectado_no_corregido,False,4.761904761904762,800,32,840
CRC32,100,0.02,cabecera_perdida,False,4.761904761904762,800,32,840
CRC32,100,0.02,detectado_no_corregido,False,4.761904761904762,800,32,840
CRC32,100,0.02,detectado_no_corregido,False,4.761904761904762,800,32,840
CRC32,100,0.02,detectado_no_corregido,False,4.761904761904762,800,32,840
CRC32,100,0.02,detectado_no_corregido,False,4.761904761904762,800,32,840
CRC32,100,0.02,detectado_no_corregido,False,4.761904761904762,800,32,840
CRC32,100,0.02,detectado_no_corregido,False,4.761904761904762,800,32,840
CRC32,100,0.02,detectado_no_corregido,False,4.761904761904762,800,32,840
CRC32,100,0.02,detectado_no_corregido,False,4.761904761904762,800,32,840
CRC32,100,0.02,detectado_no_corregido,False,4.761904761904762,800,32,840
CRC32,100,0.02,detectado_no_corregido,False,4.761904761904762,800,32,840
CRC32,100,0.02,detectado_no_corregido,False,4.761904761904762,800,32,840
CRC32,100,0.02,detectado_no_corregido,False,4.761904761904762,800,32,840
CRC32,100,0.02,detectado_no_corregido,False,4.761904761904762,800,32,840
CRC32,100,0.02,detectado_no_corregido,False,4.761904761904762,800,32,840
CRC32,100,0.02,detectado_no_corregido,False,4.761904761904762,800,32,840
CRC32,100,0.02,detectado_no_corregido,False,4.761904761904762,800,32,840
CRC32,100,0.02,detectado_no_corregido,False,4.761904761904762,800,32,840
CRC32,100,0.02,detectado_no_corregido,False,4.761904761904762,800,32,840
CRC32,100,0.02,detectado_no_corregido,False,4.761904761904762,800,32,840
CRC32,100,0.02,detectado_no_corregido,False,4.761904761904762,800,32,840
CRC32,100,0.02,detectado_no_corregido,False,4.761904761904762,800,32,840
CRC32,100,0.02,detectado_no_corregido,False,4.761904761904762,800,32,840
CRC32,100,0.02,detectado_no_corregido,False,4.761904761904762,800,32,840
CRC32,100,0.02,detectado_no_corregido,False,4.761904761904762,800,32,840
CRC32,100,0.02,detectado_no_corregido,False,4.761904761904762,800,32,840
CRC32,100,0.02,detectado_no_corregido,False,4.761904761904762,800,32,840
CRC32,100,0.02,detectado_no_corregido,False,4.761904761904762,800,32,840
CRC32,100,0.02,cabecera_perdida,False,4.761904761904762,800,32,840
CRC32,100,0.02,detectado_no_corregido,False,4.761904761904762,800,32,840
CRC32,100,0.02,detectado_no_corregido,False,4.761904761904762,800,32,840
CRC32,100,0.02,detectado_no_corregido,False,4.761904761904762,800,32,840
CRC32,100,0.02,detectado_no_corregido,False,4.761904761904762,800,32,840
CRC32,100,0.02,detectado_no_corregido,False,4.761904761904762,800,32,840
CRC32,100,0.02,detectado_no_corregido,False,4.761904761904762,800,32,840
CRC32,100,0.02,cabecera_perdida,False,4.761904761904762,800,32,840
CRC32,100,0.02,detectado_no_corregido,False,4.761904761904762,800,32,840
CRC32,100,0.02,detectado_no_corregido,False,4.761904761904762,800,32,840
CRC32,100,0.02,detectado_no_corregido,False,4.761904761904762,800,32,840
CRC32,100,0.03,cabecera_perdida,False,4.761904761904762,800,32,840
CRC32,100,0.03,cabecera_perdida,False,4.761904761904762,800,32,840
CRC32,100,0.03,detectado_no_corregido,False,4.761904761904762,800,32,840
CRC32,100,0.03,detectado_no_corregido,False,4.761904761904762,800,32,840
CRC32,100,0.03,detectado_no_corregido,False,4.761904761904762,800,32,840
CRC32,100,0.03,detectado_no_corregido,False,4.761904761904762,800,32,840
CRC32,100,0.03,detectado_no_corregido,False,4.761904761904762,800,32,840
CRC32,100,0.03,cabecera_perdida,False,4.761904761904762,800,32,840
CRC32,100,0.03,detectado_no_corregido,False,4.761904761904762,800,32,840
CRC32,100,0.03,detectado_no_corregido,False,4.761904761904762,800,32,840
CRC32,100,0.03,detectado_no_corregido,False,4.761904761904762,800,32,840
CRC32,100,0.03,cabecera_perdida,False,4.761904761904762,800,32,840
CRC32,100,0.03,detectado_no_corregido,False,4.761904761904762,800,32,840
CRC32,100,0.03,cabecera_perdida,False,4.761904761904762,800,32,840
CRC32,100,0.03,detectado_no_corregido,False,4.761904761904762,800,32,840
CRC32,100,0.03,detectado_no_corregido,False,4.761904761904762,800,32,840
CRC32,100,0.03,detectado_no_corregido,False,4.761904761904762,800,32,840
CRC32,100,0.03,detectado_no_corregido,False,4.761904761904762,800,32,840
CRC32,100,0.03,detectado_no_corregido,False,4.761904761904762,800,32,840
CRC32,100,0.03,detectado_no_corregido,False,4.761904761904762,800,32,840
CRC32,100,0.03,detectado_no_corregido,False,4.761904761904762,800,32,840
CRC32,100,0.03,detectado_no_corregido,False,4.761904761904762,800,32,840
CRC32,100,0.03,detectado_no_corregido,False,4.761904761904762,800,32,840
CRC32,100,0.03,cabecera_perdida,False,4.761904761904762,800,32,840
CRC32,100,0.03,detectado_no_corregido,False,4.761904761904762,800,32,840
CRC32,100,0.03,detectado_no_corregido,False,4.761904761904762,800,32,840
CRC32,100,0.03,detectado_no_corregido,False,4.761904761904762,800,32,840
CRC32,100,0.03,cabecera_perdida,False,4.761904761904762,800,32,840
CRC32,100,0.03,detectado_no_corregido,False,4.761904761904762,800,32,840
CRC32,100,0.03,detectado_no_corregido,False,4.761904761904762,800,32,840
CRC32,100,0.03,detectado_no_corregido,False,4.761904761904762,800,32,840
CRC32,100,0.03,detectado_no_corregido,False,4.761904761904762,800,32,840
CRC32,100,0.03,cabecera_perdida,False,4.761904761904762,800,32,840
CRC32,100,0.03,detectado_no_corregido,False,4.761904761904762,800,32,840
CRC32,100,0.03,detectado_no_corregido,False,4.761904761904762,800,32,840
CRC32,100,0.03,detectado_no_corregido,False,4.761904761904762,800,32,840
CRC32,100,0.03,detectado_no_corregido,False,4.761904761904762,800,32,840
CRC32,100,0.03,cabecera_perdida,False,4.761904761904762,800,32,840
CRC32,100,0.03,detectado_no_corregido,False,4.761904761904762,800,32,840
CRC32,100,0.03,detectado_no_corregido,False,4.761904761904762,800,32,840
CRC32,100,0.03,cabecera_perdida,False,4.761904761904762,800,32,840
CRC32,100,0.03,cabecera_perdida,False,4.761904761904762,800,32,840
CRC32,100,0.03,detectado_no_corregido,False,4.761904761904762,800,32,840
CRC32,100,0.03,detectado_no_corregido,False,4.761904761904762,800,32,840
CRC32,100,0.03,detectado_no_corregido,False,4.761904761904762,800,32,840
CRC32,100,0.03,detectado_no_corregido,False,4.761904761904762,800,32,840
CRC32,100,0.03,detectado_no_corregido,False,4.761904761904762,800,32,840
CRC32,100,0.03,detectado_no_corregido,False,4.761904761904762,800,32,840
CRC32,100,0.03,cabecera_perdida,False,4.761904761904762,800,32,840
CRC32,100,0.03,detectado_no_corregido,False,4.761904761904762,800,32,840
CRC32,100,0.03,detectado_no_corregido,False,4.761904761904762,800,32,840
CRC32,100,0.03,cabecera_perdida,False,4.761904761904762,800,32,840
CRC32,100,0.03,cabecera_perdida,False,4.761904761904762,800,32,840
CRC32,100,0.03,cabecera_perdida,False,4.761904761904762,800,32,840
CRC32,100,0.03,detectado_no_corregido,False,4.761904761904762,800,32,840
CRC32,100,0.03,detectado_no_corregido,False,4.761904761904762,800,32,840
CRC32,100,0.03,detectado_no_corregido,False,4.761904761904762,800,32,840
CRC32,100,0.03,detectado_no_corregido,False,4.761904761904762,800,32,840
CRC32,100,0.03,cabecera_perdida,False,4.761904761904762,800,32,840
CRC32,100,0.03,detectado_no_corregido,False,4.761904761904762,800,32,840
CRC32,100,0.03,cabecera_perdida,False,4.761904761904762,800,32,840
CRC32,100,0.03,detectado_no_corregido,False,4.761904761904762,800,32,840
CRC32,100,0.03,detectado_no_corregido,False,4.761904761904762,800,32,840
CRC32,100,0.03,detectado_no_corregido,False,4.761904761904762,800,32,840
CRC32,100,0.03,detectado_no_corregido,False,4.761904761904762,800,32,840
CRC32,100,0.03,detectado_no_corregido,False,4.761904761904762,800,32,840
CRC32,100,0.03,detectado_no_corregido,False,4.761904761904762,800,32,840
CRC32,100,0.03,detectado_no_corregido,False,4.761904761904762,800,32,840
CRC32,100,0.03,cabecera_perdida,False,4.761904761904762,800,32,840
CRC32,100,0.03,cabecera_perdida,False,4.761904761904762,800,32,840
CRC32,100,0.03,detectado_no_corregido,False,4.761904761904762,800,32,840
CRC32,100,0.03,detectado_no_corregido,False,4.761904761904762,800,32,840
CRC32,100,0.03,cabecera_perdida,False,4.761904761904762,800,32,840
CRC32,100,0.03,detectado_no_corregido,False,4.761904761904762,800,32,840
CRC32,100,0.03,detectado_no_corregido,False,4.761904761904762,800,32,840
CRC32,100,0.03,cabecera_perdida,False,4.761904761904762,800,32,840
CRC32,100,0.03,detectado_no_corregido,False,4.761904761904762,800,32,840
CRC32,100,0.03,detectado_no_corregido,False,4.761904761904762,800,32,840
CRC32,100,0.03,detectado_no_corregido,False,4.761904761904762,800,32,840
CRC32,100,0.03,detectado_no_corregido,False,4.761904761904762,800,32,840
CRC32,100,0.03,cabecera_perdida,False,4.761904761904762,800,32,840
CRC32,100,0.03,cabecera_perdida,False,4.761904761904762,800,32,840
CRC32,100,0.03,detectado_no_corregido,False,4.761904761904762,800,32,840
CRC32,100,0.03,detectado_no_corregido,False,4.761904761904762,800,32,840
CRC32,100,0.03,detectado_no_corregido,False,4.761904761904762,800,32,840
CRC32,100,0.03,detectado_no_corregido,False,4.761904761904762,800,32,840
CRC32,100,0.03,detectado_no_corregido,False,4.761904761904762,800,32,840
CRC32,100,0.03,detectado_no_corregido,False,4.761904761904762,800,32,840
CRC32,100,0.03,detectado_no_corregido,False,4.761904761904762,800,32,840
CRC32,100,0.03,cabecera_perdida,False,4.761904761904762,800,32,840
CRC32,100,0.03,detectado_no_corregido,False,4.761904761904762,800,32,840
CRC32,100,0.03,detectado_no_corregido,False,4.761904761904762,800,32,840
CRC32,100,0.03,cabecera_perdida,False,4.761904761904762,800,32,840
CRC32,100,0.03,detectado_no_corregido,False,4.761904761904762,800,32,840
CRC32,100,0.03,detectado_no_corregido,False,4.761904761904762,800,32,840
CRC32,100,0.03,cabecera_perdida,False,4.761904761904762,800,32,840
CRC32,100,0.03,cabecera_perdida,False,4.761904761904762,800,32,840
CRC32,100,0.03,detectado_no_corregido,False,4.761904761904762,800,32,840
CRC32,100,0.03,detectado_no_corregido,False,4.761904761904762,800,32,840
CRC32,100,0.03,detectado_no_corregido,False,4.761904761904762,800,32,840
CRC32,100,0.03,detectado_no_corregido,False,4.761904761904762,800,32,840
CRC32,100,0.03,cabecera_perdida,False,4.761904761904762,800,32,840
CRC32,100,0.03,detectado_no_corregido,False,4.761904761904762,800,32,840
CRC32,100,0.03,detectado_no_corregido,False,4.761904761904762,800,32,840
CRC32,100,0.03,cabecera_perdida,False,4.761904761904762,800,32,840
CRC32,100,0.03,detectado_no_corregido,False,4.761904761904762,800,32,840
CRC32,100,0.03,cabecera_perdida,False,4.761904761904762,800,32,840
CRC32,100,0.03,detectado_no_corregido,False,4.761904761904762,800,32,840
CRC32,100,0.03,detectado_no_corregido,False,4.761904761904762,800,32,840
CRC32,100,0.03,detectado_no_corregido,False,4.761904761904762,800,32,840
CRC32,100,0.03,detectado_no_corregido,False,4.761904761904762,800,32,840
CRC32,100,0.03,detectado_no_corregido,False,4.761904761904762,800,32,840
CRC32,100,0.03,detectado_no_corregido,False,4.761904761904762,800,32,840
CRC32,100,0.03,cabecera_perdida,False,4.761904761904762,800,32,840
CRC32,100,0.03,detectado_no_corregido,False,4.761904761904762,800,32,840
CRC32,100,0.03,cabecera_perdida,False,4.761904761904762,800,32,840
CRC32,100,0.03,detectado_no_corregido,False,4.761904761904762,800,32,840
CRC32,100,0.03,cabecera_perdida,False,4.761904761904762,800,32,840
CRC32,100,0.03,detectado_no_corregido,False,4.761904761904762,800,32,840
CRC32,100,0.03,cabecera_perdida,False,4.761904761904762,800,32,840
CRC32,100,0.03,cabecera_perdida,False,4.761904761904762,800,32,840
CRC32,100,0.03,detectado_no_corregido,False,4.761904761904762,800,32,840
CRC32,100,0.03,detectado_no_corregido,False,4.761904761904762,800,32,840
CRC32,100,0.03,detectado_no_corregido,False,4.761904761904762,800,32,840
CRC32,100,0.03,detectado_no_corregido,False,4.761904761904762,800,32,840
CRC32,100,0.03,detectado_no_corregido,False,4.761904761904762,800,32,840
CRC32,100,0.03,detectado_no_corregido,False,4.761904761904762,800,32,840
CRC32,100,0.03,detectado_no_corregido,False,4.761904761904762,800,32,840
CRC32,100,0.03,detectado_no_corregido,False,4.761904761904762,800,32,840
CRC32,100,0.03,detectado_no_corregido,False,4.761904761904762,800,32,840
CRC32,100,0.03,cabecera_perdida,False,4.761904761904762,800,32,840
CRC32,100,0.03,detectado_no_corregido,False,4.761904761904762,800,32,840
CRC32,100,0.03,detectado_no_corregido,False,4.761904761904762,800,32,840
CRC32,100,0.03,detectado_no_corregido,False,4.761904761904762,800,32,840
CRC32,100,0.03,detectado_no_corregido,False,4.761904761904762,800,32,840
CRC32,100,0.03,cabecera_perdida,False,4.761904761904762,800,32,840
CRC32,100,0.03,detectado_no_corregido,False,4.761904761904762,800,32,840
CRC32,100,0.03,detectado_no_corregido,False,4.761904761904762,800,32,840
CRC32,100,0.03,detectado_no_corregido,False,4.761904761904762,800,32,840
CRC32,100,0.03,cabecera_perdida,False,4.761904761904762,800,32,840
CRC32,100,0.03,detectado_no_corregido,False,4.761904761904762,800,32,840
CRC32,100,0.03,detectado_no_corregido,False,4.761904761904762,800,32,840
CRC32,100,0.03,detectado_no_corregido,False,4.761904761904762,800,32,840
CRC32,100,0.03,detectado_no_corregido,False,4.761904761904762,800,32,840
CRC32,100,0.03,detectado_no_corregido,False,4.761904761904762,800,32,840
CRC32,100,0.03,detectado_no_corregido,False,4.761904761904762,800,32,840
CRC32,100,0.03,detectado_no_corregido,False,4.761904761904762,800,32,840
CRC32,100,0.03,detectado_no_corregido,False,4.761904761904762,800,32,840
CRC32,100,0.03,cabecera_perdida,False,4.761904761904762,800,32,840
CRC32,100,0.03,detectado_no_corregido,False,4.761904761904762,800,32,840
CRC32,100,0.05,detectado_no_corregido,False,4.761904761904762,800,32,840
CRC32,100,0.05,detectado_no_corregido,False,4.761904761904762,800,32,840
CRC32,100,0.05,cabecera_perdida,False,4.761904761904762,800,32,840
CRC32,100,0.05,cabecera_perdida,False,4.761904761904762,800,32,840
CRC32,100,0.05,detectado_no_corregido,False,4.761904761904762,800,32,840
CRC32,100,0.05,detectado_no_corregido,False,4.761904761904762,800,32,840
CRC32,100,0.05,detectado_no_corregido,False,4.761904761904762,800,32,840
CRC32,100,0.05,detectado_no_corregido,False,4.761904761904762,800,32,840
CRC32,100,0.05,detectado_no_corregido,False,4.761904761904762,800,32,840
CRC32,100,0.05,detectado_no_corregido,False,4.761904761904762,800,32,840
CRC32,100,0.05,detectado_no_corregido,False,4.761904761904762,800,32,840
CRC32,100,0.05,cabecera_perdida,False,4.761904761904762,800,32,840
CRC32,100,0.05,cabecera_perdida,False,4.761904761904762,800,32,840
CRC32,100,0.05,detectado_no_corregido,False,4.761904761904762,800,32,840
CRC32,100,0.05,detectado_no_corregido,False,4.761904761904762,800,32,840
CRC32,100,0.05,detectado_no_corregido,False,4.761904761904762,800,32,840
CRC32,100,0.05,detectado_no_corregido,False,4.761904761904762,800,32,840
CRC32,100,0.05,cabecera_perdida,False,4.761904761904762,800,32,840
CRC32,100,0.05,detectado_no_corregido,False,4.761904761904762,800,32,840
CRC32,100,0.05,detectado_no_corregido,False,4.761904761904762,800,32,840
CRC32,100,0.05,cabecera_perdida,False,4.761904761904762,800,32,840
CRC32,100,0.05,cabecera_perdida,False,4.761904761904762,800,32,840
CRC32,100,0.05,cabecera_perdida,False,4.761904761904762,800,32,840
CRC32,100,0.05,detectado_no_corregido,False,4.761904761904762,800,32,840
CRC32,100,0.05,cabecera_perdida,False,4.761904761904762,800,32,840
CRC32,100,0.05,detectado_no_corregido,False,4.761904761904762,800,32,840
CRC32,100,0.05,detectado_no_corregido,False,4.761904761904762,800,32,840
CRC32,100,0.05,cabecera_perdida,False,4.761904761904762,800,32,840
CRC32,100,0.05,detectado_no_corregido,False,4.761904761904762,800,32,840
CRC32,100,0.05,cabecera_perdida,False,4.761904761904762,800,32,840
CRC32,100,0.05,detectado_no_corregido,False,4.761904761904762,800,32,840
CRC32,100,0.05,detectado_no_corregido,False,4.761904761904762,800,32,840
CRC32,100,0.05,cabecera_perdida,False,4.761904761904762,800,32,840
CRC32,100,0.05,cabecera_perdida,False,4.761904761904762,800,32,840
CRC32,100,0.05,detectado_no_corregido,False,4.761904761904762,800,32,840
CRC32,100,0.05,cabecera_perdida,False,4.761904761904762,800,32,840
CRC32,100,0.05,detectado_no_corregido,False,4.761904761904762,800,32,840
CRC32,100,0.05,detectado_no_corregido,False,4.761904761904762,800,32,840
CRC32,100,0.05,cabecera_perdida,False,4.761904761904762,800,32,840
CRC32,100,0.05,detectado_no_corregido,False,4.761904761904762,800,32,840
CRC32,100,0.05,detectado_no_corregido,False,4.761904761904762,800,32,840
CRC32,100,0.05,detectado_no_corregido,False,4.761904761904762,800,32,840
CRC32,100,0.05,cabecera_perdida,False,4.761904761904762,800,32,840
CRC32,100,0.05,detectado_no_corregido,False,4.761904761904762,800,32,840
CRC32,100,0.05,detectado_no_corregido,False,4.761904761904762,800,32,840
CRC32,100,0.05,detectado_no_corregido,False,4.761904761904762,800,32,840
CRC32,100,0.05,cabecera_perdida,False,4.761904761904762,800,32,840
CRC32,100,0.05,detectado_no_corregido,False,4.761904761904762,800,32,840
CRC32,100,0.05,detectado_no_corregido,False,4.761904761904762,800,32,840
CRC32,100,0.05,detectado_no_corregido,False,4.761904761904762,800,32,840
CRC32,100,0.05,cabecera_perdida,False,4.761904761904762,800,32,840
CRC32,100,0.05,detectado_no_corregido,False,4.761904761904762,800,32,840
CRC32,100,0.05,detectado_no_corregido,False,4.761904761904762,800,32,840
CRC32,100,0.05,detectado_no_corregido,False,4.761904761904762,800,32,840
CRC32,100,0.05,detectado_no_corregido,False,4.761904761904762,800,32,840
CRC32,100,0.05,detectado_no_corregido,False,4.761904761904762,800,32,840
CRC32,100,0.05,cabecera_perdida,False,4.761904761904762,800,32,840
CRC32,100,0.05,cabecera_perdida,False,4.761904761904762,800,32,840
CRC32,100,0.05,cabecera_perdida,False,4.761904761904762,800,32,840
CRC32,100,0.05,detectado_no_corregido,False,4.761904761904762,800,32,840
CRC32,100,0.05,detectado_no_corregido,False,4.761904761904762,800,32,840
CRC32,100,0.05,detectado_no_corregido,False,4.761904761904762,800,32,840
CRC32,100,0.05,detectado_no_corregido,False,4.761904761904762,800,32,840
CRC32,100,0.05,detectado_no_corregido,False,4.761904761904762,800,32,840
CRC32,100,0.05,detectado_no_corregido,False,4.761904761904762,800,32,840
CRC32,100,0.05,detectado_no_corregido,False,4.761904761904762,800,32,840
CRC32,100,0.05,detectado_no_corregido,False,4.761904761904762,800,32,840
CRC32,100,0.05,cabecera_perdida,False,4.761904761904762,800,32,840
CRC32,100,0.05,cabecera_perdida,False,4.761904761904762,800,32,840
CRC32,100,0.05,detectado_no_corregido,False,4.761904761904762,800,32,840
CRC32,100,0.05,cabecera_perdida,False,4.761904761904762,800,32,840
CRC32,100,0.05,detectado_no_corregido,False,4.761904761904762,800,32,840
CRC32,100,0.05,detectado_no_corregido,False,4.761904761904762,800,32,840
CRC32,100,0.05,detectado_no_corregido,False,4.761904761904762,800,32,840
CRC32,100,0.05,detectado_no_corregido,False,4.761904761904762,800,32,840
CRC32,100,0.05,detectado_no_corregido,False,4.761904761904762,800,32,840
CRC32,100,0.05,cabecera_perdida,False,4.761904761904762,800,32,840
CRC32,100,0.05,detectado_no_corregido,False,4.761904761904762,800,32,840
CRC32,100,0.05,cabecera_perdida,False,4.761904761904762,800,32,840
CRC32,100,0.05,detectado_no_corregido,False,4.761904761904762,800,32,840
CRC32,100,0.05,cabecera_perdida,False,4.761904761904762,800,32,840
CRC32,100,0.05,detectado_no_corregido,False,4.761904761904762,800,32,840
CRC32,100,0.05,cabecera_perdida,False,4.761904761904762,800,32,840
CRC32,100,0.05,detectado_no_corregido,False,4.761904761904762,800,32,840
CRC32,100,0.05,cabecera_perdida,False,4.761904761904762,800,32,840
CRC32,100,0.05,detectado_no_corregido,False,4.761904761904762,800,32,840
CRC32,100,0.05,cabecera_perdida,False,4.761904761904762,800,32,840
CRC32,100,0.05,detectado_no_corregido,False,4.761904761904762,800,32,840
CRC32,100,0.05,detectado_no_corregido,False,4.761904761904762,800,32,840
CRC32,100,0.05,cabecera_perdida,False,4.761904761904762,800,32,840
CRC32,100,0.05,cabecera_perdida,False,4.761904761904762,800,32,840
CRC32,100,0.05,cabecera_perdida,False,4.761904761904762,800,32,840
CRC32,100,0.05,cabecera_perdida,False,4.761904761904762,800,32,840
CRC32,100,0.05,detectado_no_corregido,False,4.761904761904762,800,32,840
CRC32,100,0.05,detectado_no_corregido,False,4.761904761904762,800,32,840
CRC32,100,0.05,detectado_no_corregido,False,4.761904761904762,800,32,840
CRC32,100,0.05,detectado_no_corregido,False,4.761904761904762,800,32,840
CRC32,100,0.05,detectado_no_corregido,False,4.761904761904762,800,32,840
CRC32,100,0.05,detectado_no_corregido,False,4.761904761904762,800,32,840
CRC32,100,0.05,detectado_no_corregido,False,4.761904761904762,800,32,840
CRC32,100,0.05,detectado_no_corregido,False,4.761904761904762,800,32,840
CRC32,100,0.05,detectado_no_corregido,False,4.761904761904762,800,32,840
CRC32,100,0.05,detectado_no_corregido,False,4.761904761904762,800,32,840
CRC32,100,0.05,detectado_no_corregido,False,4.761904761904762,800,32,840
CRC32,100,0.05,cabecera_perdida,False,4.761904761904762,800,32,840
CRC32,100,0.05,cabecera_perdida,False,4.761904761904762,800,32,840
CRC32,100,0.05,detectado_no_corregido,False,4.761904761904762,800,32,840
CRC32,100,0.05,detectado_no_corregido,False,4.761904761904762,800,32,840
CRC32,100,0.05,detectado_no_corregido,False,4.761904761904762,800,32,840
CRC32,100,0.05,cabecera_perdida,False,4.761904761904762,800,32,840
CRC32,100,0.05,detectado_no_corregido,False,4.761904761904762,800,32,840
CRC32,100,0.05,cabecera_perdida,False,4.761904761904762,800,32,840
CRC32,100,0.05,cabecera_perdida,False,4.761904761904762,800,32,840
CRC32,100,0.05,detectado_no_corregido,False,4.761904761904762,800,32,840
CRC32,100,0.05,detectado_no_corregido,False,4.761904761904762,800,32,840
CRC32,100,0.05,detectado_no_corregido,False,4.761904761904762,800,32,840
CRC32,100,0.05,detectado_no_corregido,False,4.761904761904762,800,32,840
CRC32,100,0.05,detectado_no_corregido,False,4.761904761904762,800,32,840
CRC32,100,0.05,detectado_no_corregido,False,4.761904761904762,800,32,840
CRC32,100,0.05,detectado_no_corregido,False,4.761904761904762,800,32,840
CRC32,100,0.05,detectado_no_corregido,False,4.761904761904762,800,32,840
CRC32,100,0.05,cabecera_perdida,False,4.761904761904762,800,32,840
CRC32,100,0.05,cabecera_perdida,False,4.761904761904762,800,32,840
CRC32,100,0.05,detectado_no_corregido,False,4.761904761904762,800,32,840
CRC32,100,0.05,detectado_no_corregido,False,4.761904761904762,800,32,840
CRC32,100,0.05,cabecera_perdida,False,4.761904761904762,800,32,840
CRC32,100,0.05,detectado_no_corregido,False,4.761904761904762,800,32,840
CRC32,100,0.05,detectado_no_corregido,False,4.761904761904762,800,32,840
CRC32,100,0.05,detectado_no_corregido,False,4.761904761904762,800,32,840
CRC32,100,0.05,detectado_no_corregido,False,4.761904761904762,800,32,840
CRC32,100,0.05,detectado_no_corregido,False,4.761904761904762,800,32,840
CRC32,100,0.05,cabecera_perdida,False,4.761904761904762,800,32,840
CRC32,100,0.05,detectado_no_corregido,False,4.761904761904762,800,32,840
CRC32,100,0.05,detectado_no_corregido,False,4.761904761904762,800,32,840
CRC32,100,0.05,detectado_no_corregido,False,4.761904761904762,800,32,840
CRC32,100,0.05,cabecera_perdida,False,4.761904761904762,800,32,840
CRC32,100,0.05,detectado_no_corregido,False,4.761904761904762,800,32,840
CRC32,100,0.05,cabecera_perdida,False,4.761904761904762,800,32,840
CRC32,100,0.05,cabecera_perdida,False,4.761904761904762,800,32,840
CRC32,100,0.05,detectado_no_corregido,False,4.761904761904762,800,32,840
CRC32,100,0.05,detectado_no_corregido,False,4.761904761904762,800,32,840
CRC32,100,0.05,detectado_no_corregido,False,4.761904761904762,800,32,840
CRC32,100,0.05,detectado_no_corregido,False,4.761904761904762,800,32,840
CRC32,100,0.05,detectado_no_corregido,False,4.761904761904762,800,32,840
CRC32,100,0.05,detectado_no_corregido,False,4.761904761904762,800,32,840
CRC32,100,0.05,cabecera_perdida,False,4.761904761904762,800,32,840
CRC32,100,0.05,detectado_no_corregido,False,4.761904761904762,800,32,840
CRC32,100,0.05,detectado_no_corregido,False,4.761904761904762,800,32,840
CRC32,100,0.05,detectado_no_corregido,False,4.761904761904762,800,32,840
CRC32,100,0.05,detectado_no_corregido,False,4.761904761904762,800,32,840
CRC32,100,0.08,cabecera_perdida,False,4.761904761904762,800,32,840
CRC32,100,0.08,detectado_no_corregido,False,4.761904761904762,800,32,840
CRC32,100,0.08,detectado_no_corregido,False,4.761904761904762,800,32,840
CRC32,100,0.08,cabecera_perdida,False,4.761904761904762,800,32,840
CRC32,100,0.08,cabecera_perdida,False,4.761904761904762,800,32,840
CRC32,100,0.08,detectado_no_corregido,False,4.761904761904762,800,32,840
CRC32,100,0.08,cabecera_perdida,False,4.761904761904762,800,32,840
CRC32,100,0.08,detectado_no_corregido,False,4.761904761904762,800,32,840
CRC32,100,0.08,detectado_no_corregido,False,4.761904761904762,800,32,840
CRC32,100,0.08,detectado_no_corregido,False,4.761904761904762,800,32,840
CRC32,100,0.08,detectado_no_corregido,False,4.761904761904762,800,32,840
CRC32,100,0.08,cabecera_perdida,False,4.761904761904762,800,32,840
CRC32,100,0.08,detectado_no_corregido,False,4.761904761904762,800,32,840
CRC32,100,0.08,detectado_no_corregido,False,4.761904761904762,800,32,840
CRC32,100,0.08,cabecera_perdida,False,4.761904761904762,800,32,840
CRC32,100,0.08,detectado_no_corregido,False,4.761904761904762,800,32,840
CRC32,100,0.08,cabecera_perdida,False,4.761904761904762,800,32,840
CRC32,100,0.08,cabecera_perdida,False,4.761904761904762,800,32,840
CRC32,100,0.08,detectado_no_corregido,False,4.761904761904762,800,32,840
CRC32,100,0.08,detectado_no_corregido,False,4.761904761904762,800,32,840
CRC32,100,0.08,detectado_no_corregido,False,4.761904761904762,800,32,840
CRC32,100,0.08,detectado_no_corregido,False,4.761904761904762,800,32,840
CRC32,100,0.08,cabecera_perdida,False,4.761904761904762,800,32,840
CRC32,100,0.08,detectado_no_corregido,False,4.761904761904762,800,32,840
CRC32,100,0.08,cabecera_perdida,False,4.761904761904762,800,32,840
CRC32,100,0.08,detectado_no_corregido,False,4.761904761904762,800,32,840
CRC32,100,0.08,cabecera_perdida,False,4.761904761904762,800,32,840
CRC32,100,0.08,cabecera_perdida,False,4.761904761904762,800,32,840
CRC32,100,0.08,detectado_no_corregido,False,4.761904761904762,800,32,840
CRC32,100,0.08,detectado_no_corregido,False,4.761904761904762,800,32,840
CRC32,100,0.08,detectado_no_corregido,False,4.761904761904762,800,32,840
CRC32,100,0.08,cabecera_perdida,False,4.761904761904762,800,32,840
CRC32,100,0.08,cabecera_perdida,False,4.761904761904762,800,32,840
CRC32,100,0.08,cabecera_perdida,False,4.761904761904762,800,32,840
CRC32,100,0.08,detectado_no_corregido,False,4.761904761904762,800,32,840
CRC32,100,0.08,cabecera_perdida,False,4.761904761904762,800,32,840
CRC32,100,0.08,detectado_no_corregido,False,4.761904761904762,800,32,840
CRC32,100,0.08,detectado_no_corregido,False,4.761904761904762,800,32,840
CRC32,100,0.08,cabecera_perdida,False,4.761904761904762,800,32,840
CRC32,100,0.08,cabecera_perdida,False,4.761904761904762,800,32,840
CRC32,100,0.08,cabecera_perdida,False,4.761904761904762,800,32,840
CRC32,100,0.08,cabecera_perdida,False,4.761904761904762,800,32,840
CRC32,100,0.08,detectado_no_corregido,False,4.761904761904762,800,32,840
CRC32,100,0.08,detectado_no_corregido,False,4.761904761904762,800,32,840
CRC32,100,0.08,detectado_no_corregido,False,4.761904761904762,800,32,840
CRC32,100,0.08,detectado_no_corregido,False,4.761904761904762,800,32,840
CRC32,100,0.08,cabecera_perdida,False,4.761904761904762,800,32,840
CRC32,100,0.08,cabecera_perdida,False,4.761904761904762,800,32,840
CRC32,100,0.08,cabecera_perdida,False,4.761904761904762,800,32,840
CRC32,100,0.08,cabecera_perdida,False,4.761904761904762,800,32,840
CRC32,100,0.08,detectado_no_corregido,False,4.761904761904762,800,32,840
CRC32,100,0.08,cabecera_perdida,False,4.761904761904762,800,32,840
CRC32,100,0.08,cabecera_perdida,False,4.761904761904762,800,32,840
CRC32,100,0.08,detectado_no_corregido,False,4.761904761904762,800,32,840
CRC32,100,0.08,detectado_no_corregido,False,4.761904761904762,800,32,840
CRC32,100,0.08,detectado_no_corregido,False,4.761904761904762,800,32,840
CRC32,100,0.08,cabecera_perdida,False,4.761904761904762,800,32,840
CRC32,100,0.08,cabecera_perdida,False,4.761904761904762,800,32,840
CRC32,100,0.08,cabecera_perdida,False,4.761904761904762,800,32,840
CRC32,100,0.08,detectado_no_corregido,False,4.761904761904762,800,32,840
CRC32,100,0.08,detectado_no_corregido,False,4.761904761904762,800,32,840
CRC32,100,0.08,cabecera_perdida,False,4.761904761904762,800,32,840
CRC32,100,0.08,detectado_no_corregido,False,4.761904761904762,800,32,840
CRC32,100,0.08,cabecera_perdida,False,4.761904761904762,800,32,840
CRC32,100,0.08,cabecera_perdida,False,4.761904761904762,800,32,840
CRC32,100,0.08,cabecera_perdida,False,4.761904761904762,800,32,840
CRC32,100,0.08,cabecera_perdida,False,4.761904761904762,800,32,840
CRC32,100,0.08,cabecera_perdida,False,4.761904761904762,800,32,840
CRC32,100,0.08,detectado_no_corregido,False,4.761904761904762,800,32,840
CRC32,100,0.08,detectado_no_corregido,False,4.761904761904762,800,32,840
CRC32,100,0.08,cabecera_perdida,False,4.761904761904762,800,32,840
CRC32,100,0.08,detectado_no_corregido,False,4.761904761904762,800,32,840
CRC32,100,0.08,cabecera_perdida,False,4.761904761904762,800,32,840
CRC32,100,0.08,cabecera_perdida,False,4.761904761904762,800,32,840
CRC32,100,0.08,detectado_no_corregido,False,4.761904761904762,800,32,840
CRC32,100,0.08,detectado_no_corregido,False,4.761904761904762,800,32,840
CRC32,100,0.08,cabecera_perdida,False,4.761904761904762,800,32,840
CRC32,100,0.08,cabecera_perdida,False,4.761904761904762,800,32,840
CRC32,100,0.08,cabecera_perdida,False,4.761904761904762,800,32,840
CRC32,100,0.08,detectado_no_corregido,False,4.761904761904762,800,32,840
CRC32,100,0.08,detectado_no_corregido,False,4.761904761904762,800,32,840
CRC32,100,0.08,cabecera_perdida,False,4.761904761904762,800,32,840
CRC32,100,0.08,cabecera_perdida,False,4.761904761904762,800,32,840
CRC32,100,0.08,detectado_no_corregido,False,4.761904761904762,800,32,840
CRC32,100,0.08,detectado_no_corregido,False,4.761904761904762,800,32,840
CRC32,100,0.08,trama_invalida,False,4.761904761904762,800,32,840
CRC32,100,0.08,detectado_no_corregido,False,4.761904761904762,800,32,840
CRC32,100,0.08,cabecera_perdida,False,4.761904761904762,800,32,840
CRC32,100,0.08,cabecera_perdida,False,4.761904761904762,800,32,840
CRC32,100,0.08,detectado_no_corregido,False,4.761904761904762,800,32,840
CRC32,100,0.08,cabecera_perdida,False,4.761904761904762,800,32,840
CRC32,100,0.08,detectado_no_corregido,False,4.761904761904762,800,32,840
CRC32,100,0.08,cabecera_perdida,False,4.761904761904762,800,32,840
CRC32,100,0.08,cabecera_perdida,False,4.761904761904762,800,32,840
CRC32,100,0.08,cabecera_perdida,False,4.761904761904762,800,32,840
CRC32,100,0.08,detectado_no_corregido,False,4.761904761904762,800,32,840
CRC32,100,0.08,cabecera_perdida,False,4.761904761904762,800,32,840
CRC32,100,0.08,detectado_no_corregido,False,4.761904761904762,800,32,840
CRC32,100,0.08,detectado_no_corregido,False,4.761904761904762,800,32,840
CRC32,100,0.08,cabecera_perdida,False,4.761904761904762,800,32,840
CRC32,100,0.08,cabecera_perdida,False,4.761904761904762,800,32,840
CRC32,100,0.08,cabecera_perdida,False,4.761904761904762,800,32,840
CRC32,100,0.08,cabecera_perdida,False,4.761904761904762,800,32,840
CRC32,100,0.08,detectado_no_corregido,False,4.761904761904762,800,32,840
CRC32,100,0.08,detectado_no_corregido,False,4.761904761904762,800,32,840
CRC32,100,0.08,cabecera_perdida,False,4.761904761904762,800,32,840
CRC32,100,0.08,cabecera_perdida,False,4.761904761904762,800,32,840
CRC32,100,0.08,cabecera_perdida,False,4.761904761904762,800,32,840
CRC32,100,0.08,cabecera_perdida,False,4.761904761904762,800,32,840
CRC32,100,0.08,cabecera_perdida,False,4.761904761904762,800,32,840
CRC32,100,0.08,detectado_no_corregido,False,4.761904761904762,800,32,840
CRC32,100,0.08,detectado_no_corregido,False,4.761904761904762,800,32,840
CRC32,100,0.08,detectado_no_corregido,False,4.761904761904762,800,32,840
CRC32,100,0.08,detectado_no_corregido,False,4.761904761904762,800,32,840
CRC32,100,0.08,cabecera_perdida,False,4.761904761904762,800,32,840
CRC32,100,0.08,cabecera_perdida,False,4.761904761904762,800,32,840
CRC32,100,0.08,detectado_no_corregido,False,4.761904761904762,800,32,840
CRC32,100,0.08,detectado_no_corregido,False,4.761904761904762,800,32,840
CRC32,100,0.08,cabecera_perdida,False,4.761904761904762,800,32,840
CRC32,100,0.08,detectado_no_corregido,False,4.761904761904762,800,32,840
CRC32,100,0.08,cabecera_perdida,False,4.761904761904762,800,32,840
CRC32,100,0.08,detectado_no_corregido,False,4.761904761904762,800,32,840
CRC32,100,0.08,cabecera_perdida,False,4.761904761904762,800,32,840
CRC32,100,0.08,cabecera_perdida,False,4.761904761904762,800,32,840
CRC32,100,0.08,cabecera_perdida,False,4.761904761904762,800,32,840
CRC32,100,0.08,detectado_no_corregido,False,4.761904761904762,800,32,840
CRC32,100,0.08,detectado_no_corregido,False,4.761904761904762,800,32,840
CRC32,100,0.08,cabecera_perdida,False,4.761904761904762,800,32,840
CRC32,100,0.08,detectado_no_corregido,False,4.761904761904762,800,32,840
CRC32,100,0.08,cabecera_perdida,False,4.761904761904762,800,32,840
CRC32,100,0.08,detectado_no_corregido,False,4.761904761904762,800,32,840
CRC32,100,0.08,detectado_no_corregido,False,4.761904761904762,800,32,840
CRC32,100,0.08,cabecera_perdida,False,4.761904761904762,800,32,840
CRC32,100,0.08,detectado_no_corregido,False,4.761904761904762,800,32,840
CRC32,100,0.08,cabecera_perdida,False,4.761904761904762,800,32,840
CRC32,100,0.08,cabecera_perdida,False,4.761904761904762,800,32,840
CRC32,100,0.08,detectado_no_corregido,False,4.761904761904762,800,32,840
CRC32,100,0.08,detectado_no_corregido,False,4.761904761904762,800,32,840
CRC32,100,0.08,detectado_no_corregido,False,4.761904761904762,800,32,840
CRC32,100,0.08,detectado_no_corregido,False,4.761904761904762,800,32,840
CRC32,100,0.08,cabecera_perdida,False,4.761904761904762,800,32,840
CRC32,100,0.08,detectado_no_corregido,False,4.761904761904762,800,32,840
CRC32,100,0.08,cabecera_perdida,False,4.761904761904762,800,32,840
CRC32,100,0.08,cabecera_perdida,False,4.761904761904762,800,32,840
CRC32,100,0.08,cabecera_perdida,False,4.761904761904762,800,32,840
CRC32,100,0.08,cabecera_perdida,False,4.761904761904762,800,32,840
CRC32,100,0.08,detectado_no_corregido,False,4.761904761904762,800,32,840
CRC32,100,0.08,cabecera_perdida,False,4.761904761904762,800,32,840
CRC32,100,0.08,trama_invalida,False,4.761904761904762,800,32,840
CRC32,100,0.08,cabecera_perdida,False,4.761904761904762,800,32,840
CRC32,100,0.1,detectado_no_corregido,False,4.761904761904762,800,32,840
CRC32,100,0.1,detectado_no_corregido,False,4.761904761904762,800,32,840
CRC32,100,0.1,detectado_no_corregido,False,4.761904761904762,800,32,840
CRC32,100,0.1,detectado_no_corregido,False,4.761904761904762,800,32,840
CRC32,100,0.1,cabecera_perdida,False,4.761904761904762,800,32,840
CRC32,100,0.1,detectado_no_corregido,False,4.761904761904762,800,32,840
CRC32,100,0.1,cabecera_perdida,False,4.761904761904762,800,32,840
CRC32,100,0.1,cabecera_perdida,False,4.761904761904762,800,32,840
CRC32,100,0.1,cabecera_perdida,False,4.761904761904762,800,32,840
CRC32,100,0.1,cabecera_perdida,False,4.761904761904762,800,32,840
CRC32,100,0.1,cabecera_perdida,False,4.761904761904762,800,32,840
CRC32,100,0.1,cabecera_perdida,False,4.761904761904762,800,32,840
CRC32,100,0.1,cabecera_perdida,False,4.761904761904762,800,32,840
CRC32,100,0.1,cabecera_perdida,False,4.761904761904762,800,32,840
CRC32,100,0.1,detectado_no_corregido,False,4.761904761904762,800,32,840
CRC32,100,0.1,cabecera_perdida,False,4.761904761904762,800,32,840
CRC32,100,0.1,detectado_no_corregido,False,4.761904761904762,800,32,840
CRC32,100,0.1,cabecera_perdida,False,4.761904761904762,800,32,840
CRC32,100,0.1,cabecera_perdida,False,4.761904761904762,800,32,840
CRC32,100,0.1,cabecera_perdida,False,4.761904761904762,800,32,840
CRC32,100,0.1,cabecera_perdida,False,4.761904761904762,800,32,840
CRC32,100,0.1,detectado_no_corregido,False,4.761904761904762,800,32,840
CRC32,100,0.1,detectado_no_corregido,False,4.761904761904762,800,32,840
CRC32,100,0.1,detectado_no_corregido,False,4.761904761904762,800,32,840
CRC32,100,0.1,detectado_no_corregido,False,4.761904761904762,800,32,840
CRC32,100,0.1,detectado_no_corregido,False,4.761904761904762,800,32,840
CRC32,100,0.1,cabecera_perdida,False,4.761904761904762,800,32,840
CRC32,100,0.1,detectado_no_corregido,False,4.761904761904762,800,32,840
CRC32,100,0.1,detectado_no_corregido,False,4.761904761904762,800,32,840
CRC32,100,0.1,cabecera_perdida,False,4.761904761904762,800,32,840
CRC32,100,0.1,detectado_no_corregido,False,4.761904761904762,800,32,840
CRC32,100,0.1,cabecera_perdida,False,4.761904761904762,800,32,840
CRC32,100,0.1,cabecera_perdida,False,4.761904761904762,800,32,840
CRC32,100,0.1,detectado_no_corregido,False,4.761904761904762,800,32,840
CRC32,100,0.1,detectado_no_corregido,False,4.761904761904762,800,32,840
CRC32,100,0.1,cabecera_perdida,False,4.761904761904762,800,32,840
CRC32,100,0.1,cabecera_perdida,False,4.761904761904762,800,32,840
CRC32,100,0.1,cabecera_perdida,False,4.761904761904762,800,32,840
CRC32,100,0.1,cabecera_perdida,False,4.761904761904762,800,32,840
CRC32,100,0.1,detectado_no_corregido,False,4.761904761904762,800,32,840
CRC32,100,0.1,detectado_no_corregido,False,4.761904761904762,800,32,840
CRC32,100,0.1,detectado_no_corregido,False,4.761904761904762,800,32,840
CRC32,100,0.1,detectado_no_corregido,False,4.761904761904762,800,32,840
CRC32,100,0.1,cabecera_perdida,False,4.761904761904762,800,32,840
CRC32,100,0.1,cabecera_perdida,False,4.761904761904762,800,32,840
CRC32,100,0.1,detectado_no_corregido,False,4.761904761904762,800,32,840
CRC32,100,0.1,detectado_no_corregido,False,4.761904761904762,800,32,840
CRC32,100,0.1,cabecera_perdida,False,4.761904761904762,800,32,840
CRC32,100,0.1,detectado_no_corregido,False,4.761904761904762,800,32,840
CRC32,100,0.1,detectado_no_corregido,False,4.761904761904762,800,32,840
CRC32,100,0.1,detectado_no_corregido,False,4.761904761904762,800,32,840
CRC32,100,0.1,cabecera_perdida,False,4.761904761904762,800,32,840
CRC32,100,0.1,cabecera_perdida,False,4.761904761904762,800,32,840
CRC32,100,0.1,detectado_no_corregido,False,4.761904761904762,800,32,840
CRC32,100,0.1,detectado_no_corregido,False,4.761904761904762,800,32,840
CRC32,100,0.1,cabecera_perdida,False,4.761904761904762,800,32,840
CRC32,100,0.1,detectado_no_corregido,False,4.761904761904762,800,32,840
CRC32,100,0.1,detectado_no_corregido,False,4.761904761904762,800,32,840
CRC32,100,0.1,cabecera_perdida,False,4.761904761904762,800,32,840
CRC32,100,0.1,cabecera_perdida,False,4.761904761904762,800,32,840
CRC32,100,0.1,cabecera_perdida,False,4.761904761904762,800,32,840
CRC32,100,0.1,detectado_no_corregido,False,4.761904761904762,800,32,840
CRC32,100,0.1,cabecera_perdida,False,4.761904761904762,800,32,840
CRC32,100,0.1,cabecera_perdida,False,4.761904761904762,800,32,840
CRC32,100,0.1,cabecera_perdida,False,4.761904761904762,800,32,840
CRC32,100,0.1,cabecera_perdida,False,4.761904761904762,800,32,840
CRC32,100,0.1,cabecera_perdida,False,4.761904761904762,800,32,840
CRC32,100,0.1,detectado_no_corregido,False,4.761904761904762,800,32,840
CRC32,100,0.1,cabecera_perdida,False,4.761904761904762,800,32,840
CRC32,100,0.1,detectado_no_corregido,False,4.761904761904762,800,32,840
CRC32,100,0.1,cabecera_perdida,False,4.761904761904762,800,32,840
CRC32,100,0.1,detectado_no_corregido,False,4.761904761904762,800,32,840
CRC32,100,0.1,cabecera_perdida,False,4.761904761904762,800,32,840
CRC32,100,0.1,detectado_no_corregido,False,4.761904761904762,800,32,840
CRC32,100,0.1,cabecera_perdida,False,4.761904761904762,800,32,840
CRC32,100,0.1,detectado_no_corregido,False,4.761904761904762,800,32,840
CRC32,100,0.1,detectado_no_corregido,False,4.761904761904762,800,32,840
CRC32,100,0.1,cabecera_perdida,False,4.761904761904762,800,32,840
CRC32,100,0.1,cabecera_perdida,False,4.761904761904762,800,32,840
CRC32,100,0.1,detectado_no_corregido,False,4.761904761904762,800,32,840
CRC32,100,0.1,detectado_no_corregido,False,4.761904761904762,800,32,840
CRC32,100,0.1,cabecera_perdida,False,4.761904761904762,800,32,840
CRC32,100,0.1,cabecera_perdida,False,4.761904761904762,800,32,840
CRC32,100,0.1,detectado_no_corregido,False,4.761904761904762,800,32,840
CRC32,100,0.1,cabecera_perdida,False,4.761904761904762,800,32,840
CRC32,100,0.1,cabecera_perdida,False,4.761904761904762,800,32,840
CRC32,100,0.1,cabecera_perdida,False,4.761904761904762,800,32,840
CRC32,100,0.1,cabecera_perdida,False,4.761904761904762,800,32,840
CRC32,100,0.1,cabecera_perdida,False,4.761904761904762,800,32,840
CRC32,100,0.1,detectado_no_corregido,False,4.761904761904762,800,32,840
CRC32,100,0.1,detectado_no_corregido,False,4.761904761904762,800,32,840
CRC32,100,0.1,detectado_no_corregido,False,4.761904761904762,800,32,840
CRC32,100,0.1,detectado_no_corregido,False,4.761904761904762,800,32,840
CRC32,100,0.1,detectado_no_corregido,False,4.761904761904762,800,32,840
CRC32,100,0.1,cabecera_perdida,False,4.761904761904762,800,32,840
CRC32,100,0.1,cabecera_perdida,False,4.761904761904762,800,32,840
CRC32,100,0.1,cabecera_perdida,False,4.761904761904762,800,32,840
CRC32,100,0.1,detectado_no_corregido,False,4.761904761904762,800,32,840
CRC32,100,0.1,cabecera_perdida,False,4.761904761904762,800,32,840
CRC32,100,0.1,detectado_no_corregido,False,4.761904761904762,800,32,840
CRC32,100,0.1,cabecera_perdida,False,4.761904761904762,800,32,840
CRC32,100,0.1,detectado_no_corregido,False,4.761904761904762,800,32,840
CRC32,100,0.1,detectado_no_corregido,False,4.761904761904762,800,32,840
CRC32,100,0.1,cabecera_perdida,False,4.761904761904762,800,32,840
CRC32,100,0.1,cabecera_perdida,False,4.761904761904762,800,32,840
CRC32,100,0.1,detectado_no_corregido,False,4.761904761904762,800,32,840
CRC32,100,0.1,cabecera_perdida,False,4.761904761904762,800,32,840
CRC32,100,0.1,detectado_no_corregido,False,4.761904761904762,800,32,840
CRC32,100,0.1,cabecera_perdida,False,4.761904761904762,800,32,840
CRC32,100,0.1,detectado_no_corregido,False,4.761904761904762,800,32,840
CRC32,100,0.1,detectado_no_corregido,False,4.761904761904762,800,32,840
CRC32,100,0.1,cabecera_perdida,False,4.761904761904762,800,32,840
CRC32,100,0.1,cabecera_perdida,False,4.761904761904762,800,32,840
CRC32,100,0.1,detectado_no_corregido,False,4.761904761904762,800,32,840
CRC32,100,0.1,cabecera_perdida,False,4.761904761904762,800,32,840
CRC32,100,0.1,cabecera_perdida,False,4.761904761904762,800,32,840
CRC32,100,0.1,cabecera_perdida,False,4.761904761904762,800,32,840
CRC32,100,0.1,cabecera_perdida,False,4.761904761904762,800,32,840
CRC32,100,0.1,detectado_no_corregido,False,4.761904761904762,800,32,840
CRC32,100,0.1,cabecera_perdida,False,4.761904761904762,800,32,840
CRC32,100,0.1,detectado_no_corregido,False,4.761904761904762,800,32,840
CRC32,100,0.1,cabecera_perdida,False,4.761904761904762,800,32,840
CRC32,100,0.1,cabecera_perdida,False,4.761904761904762,800,32,840
CRC32,100,0.1,cabecera_perdida,False,4.761904761904762,800,32,840
CRC32,100,0.1,detectado_no_corregido,False,4.761904761904762,800,32,840
CRC32,100,0.1,cabecera_perdida,False,4.761904761904762,800,32,840
CRC32,100,0.1,detectado_no_corregido,False,4.761904761904762,800,32,840
CRC32,100,0.1,cabecera_perdida,False,4.761904761904762,800,32,840
CRC32,100,0.1,detectado_no_corregido,False,4.761904761904762,800,32,840
CRC32,100,0.1,cabecera_perdida,False,4.761904761904762,800,32,840
CRC32,100,0.1,cabecera_perdida,False,4.761904761904762,800,32,840
CRC32,100,0.1,detectado_no_corregido,False,4.761904761904762,800,32,840
CRC32,100,0.1,detectado_no_corregido,False,4.761904761904762,800,32,840
CRC32,100,0.1,detectado_no_corregido,False,4.761904761904762,800,32,840
CRC32,100,0.1,detectado_no_corregido,False,4.761904761904762,800,32,840
CRC32,100,0.1,detectado_no_corregido,False,4.761904761904762,800,32,840
CRC32,100,0.1,detectado_no_corregido,False,4.761904761904762,800,32,840
CRC32,100,0.1,cabecera_perdida,False,4.761904761904762,800,32,840
CRC32,100,0.1,cabecera_perdida,False,4.761904761904762,800,32,840
CRC32,100,0.1,cabecera_perdida,False,4.761904761904762,800,32,840
CRC32,100,0.1,cabecera_perdida,False,4.761904761904762,800,32,840
CRC32,100,0.1,detectado_no_corregido,False,4.761904761904762,800,32,840
CRC32,100,0.1,detectado_no_corregido,False,4.761904761904762,800,32,840
CRC32,100,0.1,detectado_no_corregido,False,4.761904761904762,800,32,840
CRC32,100,0.1,cabecera_perdida,False,4.761904761904762,800,32,840
CRC32,100,0.1,cabecera_perdida,False,4.761904761904762,800,32,840
CRC32,100,0.1,cabecera_perdida,False,4.761904761904762,800,32,840
CRC32,100,0.1,cabecera_perdida,False,4.761904761904762,800,32,840
CRC32,100,0.1,cabecera_perdida,False,4.761904761904762,800,32,840
CRC32,100,0.1,cabecera_perdida,False,4.761904761904762,800,32,840
HAMMING,100,0.0,ok,True,2.2004889975550124,800,10,818
HAMMING,100,0.0,ok,True,2.2004889975550124,800,10,818
HAMMING,100,0.0,ok,True,2.2004889975550124,800,10,818
HAMMING,100,0.0,ok,True,2.2004889975550124,800,10,818
HAMMING,100,0.0,ok,True,2.2004889975550124,800,10,818
HAMMING,100,0.0,ok,True,2.2004889975550124,800,10,818
HAMMING,100,0.0,ok,True,2.2004889975550124,800,10,818
HAMMING,100,0.0,ok,True,2.2004889975550124,800,10,818
HAMMING,100,0.0,ok,True,2.2004889975550124,800,10,818
HAMMING,100,0.0,ok,True,2.2004889975550124,800,10,818
HAMMING,100,0.0,ok,True,2.2004889975550124,800,10,818
HAMMING,100,0.0,ok,True,2.2004889975550124,800,10,818
HAMMING,100,0.0,ok,True,2.2004889975550124,800,10,818
HAMMING,100,0.0,ok,True,2.2004889975550124,800,10,818
HAMMING,100,0.0,ok,True,2.2004889975550124,800,10,818
HAMMING,100,0.0,ok,True,2.2004889975550124,800,10,818
HAMMING,100,0.0,ok,True,2.2004889975550124,800,10,818
HAMMING,100,0.0,ok,True,2.2004889975550124,800,10,818
HAMMING,100,0.0,ok,True,2.2004889975550124,800,10,818
HAMMING,100,0.0,ok,True,2.2004889975550124,800,10,818
HAMMING,100,0.0,ok,True,2.2004889975550124,800,10,818
HAMMING,100,0.0,ok,True,2.2004889975550124,800,10,818
HAMMING,100,0.0,ok,True,2.2004889975550124,800,10,818
HAMMING,100,0.0,ok,True,2.2004889975550124,800,10,818
HAMMING,100,0.0,ok,True,2.2004889975550124,800,10,818
HAMMING,100,0.0,ok,True,2.2004889975550124,800,10,818
HAMMING,100,0.0,ok,True,2.2004889975550124,800,10,818
HAMMING,100,0.0,ok,True,2.2004889975550124,800,10,818
HAMMING,100,0.0,ok,True,2.2004889975550124,800,10,818
HAMMING,100,0.0,ok,True,2.2004889975550124,800,10,818
HAMMING,100,0.0,ok,True,2.2004889975550124,800,10,818
HAMMING,100,0.0,ok,True,2.2004889975550124,800,10,818
HAMMING,100,0.0,ok,True,2.2004889975550124,800,10,818
HAMMING,100,0.0,ok,True,2.2004889975550124,800,10,818
HAMMING,100,0.0,ok,True,2.2004889975550124,800,10,818
HAMMING,100,0.0,ok,True,2.2004889975550124,800,10,818
HAMMING,100,0.0,ok,True,2.2004889975550124,800,10,818
HAMMING,100,0.0,ok,True,2.2004889975550124,800,10,818
HAMMING,100,0.0,ok,True,2.2004889975550124,800,10,818
HAMMING,100,0.0,ok,True,2.2004889975550124,800,10,818
HAMMING,100,0.0,ok,True,2.2004889975550124,800,10,818
HAMMING,100,0.0,ok,True,2.2004889975550124,800,10,818
HAMMING,100,0.0,ok,True,2.2004889975550124,800,10,818
HAMMING,100,0.0,ok,True,2.2004889975550124,800,10,818
HAMMING,100,0.0,ok,True,2.2004889975550124,800,10,818
HAMMING,100,0.0,ok,True,2.2004889975550124,800,10,818
HAMMING,100,0.0,ok,True,2.2004889975550124,800,10,818
HAMMING,100,0.0,ok,True,2.2004889975550124,800,10,818
HAMMING,100,0.0,ok,True,2.2004889975550124,800,10,818
HAMMING,100,0.0,ok,True,2.2004889975550124,800,10,818
HAMMING,100,0.0,ok,True,2.2004889975550124,800,10,818
HAMMING,100,0.0,ok,True,2.2004889975550124,800,10,818
HAMMING,100,0.0,ok,True,2.2004889975550124,800,10,818
HAMMING,100,0.0,ok,True,2.2004889975550124,800,10,818
HAMMING,100,0.0,ok,True,2.2004889975550124,800,10,818
HAMMING,100,0.0,ok,True,2.2004889975550124,800,10,818
HAMMING,100,0.0,ok,True,2.2004889975550124,800,10,818
HAMMING,100,0.0,ok,True,2.2004889975550124,800,10,818
HAMMING,100,0.0,ok,True,2.2004889975550124,800,10,818
HAMMING,100,0.0,ok,True,2.2004889975550124,800,10,818
HAMMING,100,0.0,ok,True,2.2004889975550124,800,10,818
HAMMING,100,0.0,ok,True,2.2004889975550124,800,10,818
HAMMING,100,0.0,ok,True,2.2004889975550124,800,10,818
HAMMING,100,0.0,ok,True,2.2004889975550124,800,10,818
HAMMING,100,0.0,ok,True,2.2004889975550124,800,10,818
HAMMING,100,0.0,ok,True,2.2004889975550124,800,10,818
HAMMING,100,0.0,ok,True,2.2004889975550124,800,10,818
HAMMING,100,0.0,ok,True,2.2004889975550124,800,10,818
HAMMING,100,0.0,ok,True,2.2004889975550124,800,10,818
HAMMING,100,0.0,ok,True,2.2004889975550124,800,10,818
HAMMING,100,0.0,ok,True,2.2004889975550124,800,10,818
HAMMING,100,0.0,ok,True,2.2004889975550124,800,10,818
HAMMING,100,0.0,ok,True,2.2004889975550124,800,10,818
HAMMING,100,0.0,ok,True,2.2004889975550124,800,10,818
HAMMING,100,0.0,ok,True,2.2004889975550124,800,10,818
HAMMING,100,0.0,ok,True,2.2004889975550124,800,10,818
HAMMING,100,0.0,ok,True,2.2004889975550124,800,10,818
HAMMING,100,0.0,ok,True,2.2004889975550124,800,10,818
HAMMING,100,0.0,ok,True,2.2004889975550124,800,10,818
HAMMING,100,0.0,ok,True,2.2004889975550124,800,10,818
HAMMING,100,0.0,ok,True,2.2004889975550124,800,10,818
HAMMING,100,0.0,ok,True,2.2004889975550124,800,10,818
HAMMING,100,0.0,ok,True,2.2004889975550124,800,10,818
HAMMING,100,0.0,ok,True,2.2004889975550124,800,10,818
HAMMING,100,0.0,ok,True,2.2004889975550124,800,10,818
HAMMING,100,0.0,ok,True,2.2004889975550124,800,10,818
HAMMING,100,0.0,ok,True,2.2004889975550124,800,10,818
HAMMING,100,0.0,ok,True,2.2004889975550124,800,10,818
HAMMING,100,0.0,ok,True,2.2004889975550124,800,10,818
HAMMING,100,0.0,ok,True,2.2004889975550124,800,10,818
HAMMING,100,0.0,ok,True,2.2004889975550124,800,10,818
HAMMING,100,0.0,ok,True,2.2004889975550124,800,10,818
HAMMING,100,0.0,ok,True,2.2004889975550124,800,10,818
HAMMING,100,0.0,ok,True,2.2004889975550124,800,10,818
HAMMING,100,0.0,ok,True,2.2004889975550124,800,10,818
HAMMING,100,0.0,ok,True,2.2004889975550124,800,10,818
HAMMING,100,0.0,ok,True,2.2004889975550124,800,10,818
HAMMING,100,0.0,ok,True,2.2004889975550124,800,10,818
HAMMING,100,0.0,ok,True,2.2004889975550124,800,10,818
HAMMING,100,0.0,ok,True,2.2004889975550124,800,10,818
HAMMING,100,0.0,ok,True,2.2004889975550124,800,10,818
HAMMING,100,0.0,ok,True,2.2004889975550124,800,10,818
HAMMING,100,0.0,ok,True,2.2004889975550124,800,10,818
HAMMING,100,0.0,ok,True,2.2004889975550124,800,10,818
HAMMING,100,0.0,ok,True,2.2004889975550124,800,10,818
HAMMING,100,0.0,ok,True,2.2004889975550124,800,10,818
HAMMING,100,0.0,ok,True,2.2004889975550124,800,10,818
HAMMING,100,0.0,ok,True,2.2004889975550124,800,10,818
HAMMING,100,0.0,ok,True,2.2004889975550124,800,10,818
HAMMING,100,0.0,ok,True,2.2004889975550124,800,10,818
HAMMING,100,0.0,ok,True,2.2004889975550124,800,10,818
HAMMING,100,0.0,ok,True,2.2004889975550124,800,10,818
HAMMING,100,0.0,ok,True,2.2004889975550124,800,10,818
HAMMING,100,0.0,ok,True,2.2004889975550124,800,10,818
HAMMING,100,0.0,ok,True,2.2004889975550124,800,10,818
HAMMING,100,0.0,ok,True,2.2004889975550124,800,10,818
HAMMING,100,0.0,ok,True,2.2004889975550124,800,10,818
HAMMING,100,0.0,ok,True,2.2004889975550124,800,10,818
HAMMING,100,0.0,ok,True,2.2004889975550124,800,10,818
HAMMING,100,0.0,ok,True,2.2004889975550124,800,10,818
HAMMING,100,0.0,ok,True,2.2004889975550124,800,10,818
HAMMING,100,0.0,ok,True,2.2004889975550124,800,10,818
HAMMING,100,0.0,ok,True,2.2004889975550124,800,10,818
HAMMING,100,0.0,ok,True,2.2004889975550124,800,10,818
HAMMING,100,0.0,ok,True,2.2004889975550124,800,10,818
HAMMING,100,0.0,ok,True,2.2004889975550124,800,10,818
HAMMING,100,0.0,ok,True,2.2004889975550124,800,10,818
HAMMING,100,0.0,ok,True,2.2004889975550124,800,10,818
HAMMING,100,0.0,ok,True,2.2004889975550124,800,10,818
HAMMING,100,0.0,ok,True,2.2004889975550124,800,10,818
HAMMING,100,0.0,ok,True,2.2004889975550124,800,10,818
HAMMING,100,0.0,ok,True,2.2004889975550124,800,10,818
HAMMING,100,0.0,ok,True,2.2004889975550124,800,10,818
HAMMING,100,0.0,ok,True,2.2004889975550124,800,10,818
HAMMING,100,0.0,ok,True,2.2004889975550124,800,10,818
HAMMING,100,0.0,ok,True,2.2004889975550124,800,10,818
HAMMING,100,0.0,ok,True,2.2004889975550124,800,10,818
HAMMING,100,0.0,ok,True,2.2004889975550124,800,10,818
HAMMING,100,0.0,ok,True,2.2004889975550124,800,10,818
HAMMING,100,0.0,ok,True,2.2004889975550124,800,10,818
HAMMING,100,0.0,ok,True,2.2004889975550124,800,10,818
HAMMING,100,0.0,ok,True,2.2004889975550124,800,10,818
HAMMING,100,0.0,ok,True,2.2004889975550124,800,10,818
HAMMING,100,0.0,ok,True,2.2004889975550124,800,10,818
HAMMING,100,0.0,ok,True,2.2004889975550124,800,10,818
HAMMING,100,0.0,ok,True,2.2004889975550124,800,10,818
HAMMING,100,0.0,ok,True,2.2004889975550124,800,10,818
HAMMING,100,0.0,ok,True,2.2004889975550124,800,10,818
HAMMING,100,0.0,ok,True,2.2004889975550124,800,10,818
HAMMING,100,0.0,ok,True,2.2004889975550124,800,10,818
HAMMING,100,0.001,no_corregible,False,2.2004889975550124,800,10,818
HAMMING,100,0.001,corregido,True,2.2004889975550124,800,10,818
HAMMING,100,0.001,corregido,False,2.2004889975550124,800,10,818
HAMMING,100,0.001,ok,True,2.2004889975550124,800,10,818
HAMMING,100,0.001,corregido,True,2.2004889975550124,800,10,818
HAMMING,100,0.001,ok,True,2.2004889975550124,800,10,818
HAMMING,100,0.001,corregido,True,2.2004889975550124,800,10,818
HAMMING,100,0.001,corregido,False,2.2004889975550124,800,10,818
HAMMING,100,0.001,ok,True,2.2004889975550124,800,10,818
HAMMING,100,0.001,ok,True,2.2004889975550124,800,10,818
HAMMING,100,0.001,ok,True,2.2004889975550124,800,10,818
HAMMING,100,0.001,ok,True,2.2004889975550124,800,10,818
HAMMING,100,0.001,corregido,False,2.2004889975550124,800,10,818
HAMMING,100,0.001,ok,True,2.2004889975550124,800,10,818
HAMMING,100,0.001,ok,True,2.2004889975550124,800,10,818
HAMMING,100,0.001,corregido,True,2.2004889975550124,800,10,818
HAMMING,100,0.001,no_corregible,False,2.2004889975550124,800,10,818
HAMMING,100,0.001,no_corregible,False,2.2004889975550124,800,10,818
HAMMING,100,0.001,ok,True,2.2004889975550124,800,10,818
HAMMING,100,0.001,ok,True,2.2004889975550124,800,10,818
HAMMING,100,0.001,corregido,True,2.2004889975550124,800,10,818
HAMMING,100,0.001,ok,True,2.2004889975550124,800,10,818
HAMMING,100,0.001,ok,True,2.2004889975550124,800,10,818
HAMMING,100,0.001,corregido,False,2.2004889975550124,800,10,818
HAMMING,100,0.001,corregido,True,2.2004889975550124,800,10,818
HAMMING,100,0.001,ok,True,2.2004889975550124,800,10,818
HAMMING,100,0.001,ok,True,2.2004889975550124,800,10,818
HAMMING,100,0.001,corregido,False,2.2004889975550124,800,10,818
HAMMING,100,0.001,corregido,True,2.2004889975550124,800,10,818
HAMMING,100,0.001,corregido,True,2.2004889975550124,800,10,818
HAMMING,100,0.001,ok,True,2.2004889975550124,800,10,818
HAMMING,100,0.001,corregido,True,2.2004889975550124,800,10,818
HAMMING,100,0.001,ok,True,2.2004889975550124,800,10,818
HAMMING,100,0.001,corregido,False,2.2004889975550124,800,10,818
HAMMING,100,0.001,corregido,True,2.2004889975550124,800,10,818
HAMMING,100,0.001,corregido,False,2.2004889975550124,800,10,818
HAMMING,100,0.001,corregido,True,2.2004889975550124,800,10,818
HAMMING,100,0.001,ok,True,2.2004889975550124,800,10,818
HAMMING,100,0.001,ok,True,2.2004889975550124,800,10,818
HAMMING,100,0.001,no_corregible,False,2.2004889975550124,800,10,818
HAMMING,100,0.001,corregido,True,2.2004889975550124,800,10,818
HAMMING,100,0.001,corregido,True,2.2004889975550124,800,10,818
HAMMING,100,0.001,no_corregible,False,2.2004889975550124,800,10,818
HAMMING,100,0.001,ok,True,2.2004889975550124,800,10,818
HAMMING,100,0.001,corregido,True,2.2004889975550124,800,10,818
HAMMING,100,0.001,corregido,False,2.2004889975550124,800,10,818
HAMMING,100,0.001,ok,True,2.2004889975550124,800,10,818
HAMMING,100,0.001,no_corregible,False,2.2004889975550124,800,10,818
HAMMING,100,0.001,corregido,True,2.2004889975550124,800,10,818
HAMMING,100,0.001,ok,True,2.2004889975550124,800,10,818
HAMMING,100,0.001,corregido,True,2.2004889975550124,800,10,818
HAMMING,100,0.001,corregido,False,2.2004889975550124,800,10,818
HAMMING,100,0.001,corregido,False,2.2004889975550124,800,10,818
HAMMING,100,0.001,ok_paridad,True,2.2004889975550124,800,10,818
HAMMING,100,0.001,ok,True,2.2004889975550124,800,10,818
HAMMING,100,0.001,corregido,True,2.2004889975550124,800,10,818
HAMMING,100,0.001,ok,True,2.2004889975550124,800,10,818
HAMMING,100,0.001,ok,True,2.2004889975550124,800,10,818
HAMMING,100,0.001,ok,True,2.2004889975550124,800,10,818
HAMMING,100,0.001,corregido,True,2.2004889975550124,800,10,818
HAMMING,100,0.001,corregido,True,2.2004889975550124,800,10,818
HAMMING,100,0.001,ok,True,2.2004889975550124,800,10,818
HAMMING,100,0.001,corregido,False,2.2004889975550124,800,10,818
HAMMING,100,0.001,corregido,False,2.2004889975550124,800,10,818
HAMMING,100,0.001,ok,True,2.2004889975550124,800,10,818
HAMMING,100,0.001,ok,True,2.2004889975550124,800,10,818
HAMMING,100,0.001,ok,True,2.2004889975550124,800,10,818
HAMMING,100,0.001,ok,True,2.2004889975550124,800,10,818
HAMMING,100,0.001,corregido,False,2.2004889975550124,800,10,818
HAMMING,100,0.001,corregido,True,2.2004889975550124,800,10,818
HAMMING,100,0.001,ok,True,2.2004889975550124,800,10,818
HAMMING,100,0.001,ok,True,2.2004889975550124,800,10,818
HAMMING,100,0.001,ok,True,2.2004889975550124,800,10,818
HAMMING,100,0.001,ok,True,2.2004889975550124,800,10,818
HAMMING,100,0.001,ok,True,2.2004889975550124,800,10,818
HAMMING,100,0.001,corregido,True,2.2004889975550124,800,10,818
HAMMING,100,0.001,corregido,True,2.2004889975550124,800,10,818
HAMMING,100,0.001,corregido,True,2.2004889975550124,800,10,818
HAMMING,100,0.001,ok,True,2.2004889975550124,800,10,818
HAMMING,100,0.001,corregido,False,2.2004889975550124,800,10,818
HAMMING,100,0.001,corregido,False,2.2004889975550124,800,10,818
HAMMING,100,0.001,corregido,False,2.2004889975550124,800,10,818
HAMMING,100,0.001,ok,True,2.2004889975550124,800,10,818
HAMMING,100,0.001,corregido,True,2.2004889975550124,800,10,818
HAMMING,100,0.001,corregido,True,2.2004889975550124,800,10,818
HAMMING,100,0.001,ok,True,2.2004889975550124,800,10,818
HAMMING,100,0.001,corregido,False,2.2004889975550124,800,10,818
HAMMING,100,0.001,ok_paridad,True,2.2004889975550124,800,10,818
HAMMING,100,0.001,ok,True,2.2004889975550124,800,10,818
HAMMING,100,0.001,corregido,False,2.2004889975550124,800,10,818
HAMMING,100,0.001,ok,True,2.2004889975550124,800,10,818
HAMMING,100,0.001,corregido,True,2.2004889975550124,800,10,818
HAMMING,100,0.001,corregido,True,2.2004889975550124,800,10,818
HAMMING,100,0.001,ok,True,2.2004889975550124,800,10,818
HAMMING,100,0.001,ok,True,2.2004889975550124,800,10,818
HAMMING,100,0.001,corregido,False,2.2004889975550124,800,10,818
HAMMING,100,0.001,corregido,True,2.2004889975550124,800,10,818
HAMMING,100,0.001,corregido,False,2.2004889975550124,800,10,818
HAMMING,100,0.001,ok,True,2.2004889975550124,800,10,818
HAMMING,100,0.001,corregido,True,2.2004889975550124,800,10,818
HAMMING,100,0.001,corregido,True,2.2004889975550124,800,10,818
HAMMING,100,0.001,corregido,True,2.2004889975550124,800,10,818
HAMMING,100,0.001,corregido,True,2.2004889975550124,800,10,818
HAMMING,100,0.001,corregido,True,2.2004889975550124,800,10,818
HAMMING,100,0.001,ok,True,2.2004889975550124,800,10,818
HAMMING,100,0.001,corregido,True,2.2004889975550124,800,10,818
HAMMING,100,0.001,ok,True,2.2004889975550124,800,10,818
HAMMING,100,0.001,ok,True,2.2004889975550124,800,10,818
HAMMING,100,0.001,corregido,False,2.2004889975550124,800,10,818
HAMMING,100,0.001,corregido,True,2.2004889975550124,800,10,818
HAMMING,100,0.001,ok,True,2.2004889975550124,800,10,818
HAMMING,100,0.001,corregido,True,2.2004889975550124,800,10,818
HAMMING,100,0.001,corregido,True,2.2004889975550124,800,10,818
HAMMING,100,0.001,corregido,True,2.2004889975550124,800,10,818
HAMMING,100,0.001,corregido,False,2.2004889975550124,800,10,818
HAMMING,100,0.001,corregido,True,2.2004889975550124,800,10,818
HAMMING,100,0.001,ok,True,2.2004889975550124,800,10,818
HAMMING,100,0.001,no_corregible,False,2.2004889975550124,800,10,818
HAMMING,100,0.001,corregido,False,2.2004889975550124,800,10,818
HAMMING,100,0.001,corregido,True,2.2004889975550124,800,10,818
HAMMING,100,0.001,ok,True,2.2004889975550124,800,10,818
HAMMING,100,0.001,corregido,False,2.2004889975550124,800,10,818
HAMMING,100,0.001,corregido,True,2.2004889975550124,800,10,818
HAMMING,100,0.001,ok,True,2.2004889975550124,800,10,818
HAMMING,100,0.001,corregido,False,2.2004889975550124,800,10,818
HAMMING,100,0.001,ok,True,2.2004889975550124,800,10,818
HAMMING,100,0.001,ok,True,2.2004889975550124,800,10,818
HAMMING,100,0.001,corregido,False,2.2004889975550124,800,10,818
HAMMING,100,0.001,ok,True,2.2004889975550124,800,10,818
HAMMING,100,0.001,ok,True,2.2004889975550124,800,10,818
HAMMING,100,0.001,ok,True,2.2004889975550124,800,10,818
HAMMING,100,0.001,no_corregible,False,2.2004889975550124,800,10,818
HAMMING,100,0.001,corregido,True,2.2004889975550124,800,10,818
HAMMING,100,0.001,ok,True,2.2004889975550124,800,10,818
HAMMING,100,0.001,ok,True,2.2004889975550124,800,10,818
HAMMING,100,0.001,ok,True,2.2004889975550124,800,10,818
HAMMING,100,0.001,corregido,True,2.2004889975550124,800,10,818
HAMMING,100,0.001,corregido,True,2.2004889975550124,800,10,818
HAMMING,100,0.001,ok,True,2.2004889975550124,800,10,818
HAMMING,100,0.001,ok,True,2.2004889975550124,800,10,818
HAMMING,100,0.001,ok,True,2.2004889975550124,800,10,818
HAMMING,100,0.001,ok,True,2.2004889975550124,800,10,818
HAMMING,100,0.001,corregido,True,2.2004889975550124,800,10,818
HAMMING,100,0.001,ok,True,2.2004889975550124,800,10,818
HAMMING,100,0.001,corregido,False,2.2004889975550124,800,10,818
HAMMING,100,0.001,corregido,False,2.2004889975550124,800,10,818
HAMMING,100,0.001,ok,True,2.2004889975550124,800,10,818
HAMMING,100,0.001,corregido,True,2.2004889975550124,800,10,818
HAMMING,100,0.001,corregido,True,2.2004889975550124,800,10,818
HAMMING,100,0.001,corregido,True,2.2004889975550124,800,10,818
HAMMING,100,0.002,corregido,False,2.2004889975550124,800,10,818
HAMMING,100,0.002,corregido,False,2.2004889975550124,800,10,818
HAMMING,100,0.002,corregido,False,2.2004889975550124,800,10,818
HAMMING,100,0.002,corregido,True,2.2004889975550124,800,10,818
HAMMING,100,0.002,corregido,True,2.2004889975550124,800,10,818
HAMMING,100,0.002,corregido,False,2.2004889975550124,800,10,818
HAMMING,100,0.002,corregido,False,2.2004889975550124,800,10,818
HAMMING,100,0.002,corregido,True,2.2004889975550124,800,10,818
HAMMING,100,0.002,ok,True,2.2004889975550124,800,10,818
HAMMING,100,0.002,corregido,False,2.2004889975550124,800,10,818
HAMMING,100,0.002,corregido,True,2.2004889975550124,800,10,818
HAMMING,100,0.002,corregido,True,2.2004889975550124,800,10,818
HAMMING,100,0.002,corregido,False,2.2004889975550124,800,10,818
HAMMING,100,0.002,corregido,False,2.2004889975550124,800,10,818
HAMMING,100,0.002,corregido,False,2.2004889975550124,800,10,818
HAMMING,100,0.002,ok,True,2.2004889975550124,800,10,818
HAMMING,100,0.002,corregido,True,2.2004889975550124,800,10,818
HAMMING,100,0.002,ok,True,2.2004889975550124,800,10,818
HAMMING,100,0.002,ok,True,2.2004889975550124,800,10,818
HAMMING,100,0.002,corregido,True,2.2004889975550124,800,10,818
HAMMING,100,0.002,corregido,True,2.2004889975550124,800,10,818
HAMMING,100,0.002,corregido,False,2.2004889975550124,800,10,818
HAMMING,100,0.002,corregido,False,2.2004889975550124,800,10,818
HAMMING,100,0.002,no_corregible,False,2.2004889975550124,800,10,818
HAMMING,100,0.002,corregido,False,2.2004889975550124,800,10,818
HAMMING,100,0.002,corregido,False,2.2004889975550124,800,10,818
HAMMING,100,0.002,corregido,False,2.2004889975550124,800,10,818
HAMMING,100,0.002,corregido,False,2.2004889975550124,800,10,818
HAMMING,100,0.002,corregido,False,2.2004889975550124,800,10,818
HAMMING,100,0.002,corregido,True,2.2004889975550124,800,10,818
HAMMING,100,0.002,corregido,True,2.2004889975550124,800,10,818
HAMMING,100,0.002,ok,True,2.2004889975550124,800,10,818
HAMMING,100,0.002,corregido,True,2.2004889975550124,800,10,818
HAMMING,100,0.002,corregido,True,2.2004889975550124,800,10,818
HAMMING,100,0.002,corregido,True,2.2004889975550124,800,10,818
HAMMING,100,0.002,corregido,True,2.2004889975550124,800,10,818
HAMMING,100,0.002,ok,True,2.2004889975550124,800,10,818
HAMMING,100,0.002,no_corregible,False,2.2004889975550124,800,10,818
HAMMING,100,0.002,no_corregible,False,2.2004889975550124,800,10,818
HAMMING,100,0.002,corregido,False,2.2004889975550124,800,10,818
HAMMING,100,0.002,corregido,True,2.2004889975550124,800,10,818
HAMMING,100,0.002,corregido,False,2.2004889975550124,800,10,818
HAMMING,100,0.002,ok,True,2.2004889975550124,800,10,818
HAMMING,100,0.002,no_corregible,False,2.2004889975550124,800,10,818
HAMMING,100,0.002,corregido,True,2.2004889975550124,800,10,818
HAMMING,100,0.002,corregido,True,2.2004889975550124,800,10,818
HAMMING,100,0.002,corregido,False,2.2004889975550124,800,10,818
HAMMING,100,0.002,no_corregible,False,2.2004889975550124,800,10,818
HAMMING,100,0.002,corregido,False,2.2004889975550124,800,10,818
HAMMING,100,0.002,corregido,False,2.2004889975550124,800,10,818
HAMMING,100,0.002,corregido,True,2.2004889975550124,800,10,818
HAMMING,100,0.002,ok,True,2.2004889975550124,800,10,818
HAMMING,100,0.002,ok,True,2.2004889975550124,800,10,818
HAMMING,100,0.002,corregido,False,2.2004889975550124,800,10,818
HAMMING,100,0.002,ok,True,2.2004889975550124,800,10,818
HAMMING,100,0.002,corregido,True,2.2004889975550124,800,10,818
HAMMING,100,0.002,corregido,False,2.2004889975550124,800,10,818
HAMMING,100,0.002,corregido,False,2.2004889975550124,800,10,818
HAMMING,100,0.002,corregido,False,2.2004889975550124,800,10,818
HAMMING,100,0.002,corregido,False,2.2004889975550124,800,10,818
HAMMING,100,0.002,ok_paridad,False,2.2004889975550124,800,10,818
HAMMING,100,0.002,corregido,True,2.2004889975550124,800,10,818
HAMMING,100,0.002,ok,True,2.2004889975550124,800,10,818
HAMMING,100,0.002,corregido,False,2.2004889975550124,800,10,818
HAMMING,100,0.002,corregido,True,2.2004889975550124,800,10,818
HAMMING,100,0.002,corregido,False,2.2004889975550124,800,10,818
HAMMING,100,0.002,no_corregible,False,2.2004889975550124,800,10,818
HAMMING,100,0.002,corregido,True,2.2004889975550124,800,10,818
HAMMING,100,0.002,corregido,False,2.2004889975550124,800,10,818
HAMMING,100,0.002,corregido,False,2.2004889975550124,800,10,818
HAMMING,100,0.002,corregido,True,2.2004889975550124,800,10,818
HAMMING,100,0.002,corregido,True,2.2004889975550124,800,10,818
HAMMING,100,0.002,corregido,False,2.2004889975550124,800,10,818
HAMMING,100,0.002,ok,True,2.2004889975550124,800,10,818
HAMMING,100,0.002,corregido,False,2.2004889975550124,800,10,818
HAMMING,100,0.002,corregido,True,2.2004889975550124,800,10,818
HAMMING,100,0.002,corregido,True,2.2004889975550124,800,10,818
HAMMING,100,0.002,corregido,False,2.2004889975550124,800,10,818
HAMMING,100,0.002,corregido,False,2.2004889975550124,800,10,818
HAMMING,100,0.002,no_corregible,False,2.2004889975550124,800,10,818
HAMMING,100,0.002,no_corregible,False,2.2004889975550124,800,10,818
HAMMING,100,0.002,corregido,False,2.2004889975550124,800,10,818
HAMMING,100,0.002,no_corregible,False,2.2004889975550124,800,10,818
HAMMING,100,0.002,corregido,False,2.2004889975550124,800,10,818
HAMMING,100,0.002,no_corregible,False,2.2004889975550124,800,10,818
HAMMING,100,0.002,ok,True,2.2004889975550124,800,10,818
HAMMING,100,0.002,corregido,True,2.2004889975550124,800,10,818
HAMMING,100,0.002,corregido,False,2.2004889975550124,800,10,818
HAMMING,100,0.002,corregido,False,2.2004889975550124,800,10,818
HAMMING,100,0.002,corregido,True,2.2004889975550124,800,10,818
HAMMING,100,0.002,corregido,False,2.2004889975550124,800,10,818
HAMMING,100,0.002,no_corregible,False,2.2004889975550124,800,10,818
HAMMING,100,0.002,no_corregible,False,2.2004889975550124,800,10,818
HAMMING,100,0.002,corregido,False,2.2004889975550124,800,10,818
HAMMING,100,0.002,corregido,False,2.2004889975550124,800,10,818
HAMMING,100,0.002,ok,True,2.2004889975550124,800,10,818
HAMMING,100,0.002,corregido,False,2.2004889975550124,800,10,818
HAMMING,100,0.002,corregido,False,2.2004889975550124,800,10,818
HAMMING,100,0.002,corregido,False,2.2004889975550124,800,10,818
HAMMING,100,0.002,corregido,False,2.2004889975550124,800,10,818
HAMMING,100,0.002,corregido,False,2.2004889975550124,800,10,818
HAMMING,100,0.002,corregido,False,2.2004889975550124,800,10,818
HAMMING,100,0.002,ok,True,2.2004889975550124,800,10,818
HAMMING,100,0.002,ok,True,2.2004889975550124,800,10,818
HAMMING,100,0.002,corregido,False,2.2004889975550124,800,10,818
HAMMING,100,0.002,corregido,False,2.2004889975550124,800,10,818
HAMMING,100,0.002,corregido,True,2.2004889975550124,800,10,818
HAMMING,100,0.002,ok,True,2.2004889975550124,800,10,818
HAMMING,100,0.002,corregido,False,2.2004889975550124,800,10,818
HAMMING,100,0.002,ok,True,2.2004889975550124,800,10,818
HAMMING,100,0.002,corregido,True,2.2004889975550124,800,10,818
HAMMING,100,0.002,corregido,False,2.2004889975550124,800,10,818
HAMMING,100,0.002,corregido,True,2.2004889975550124,800,10,818
HAMMING,100,0.002,corregido,True,2.2004889975550124,800,10,818
HAMMING,100,0.002,corregido,False,2.2004889975550124,800,10,818
HAMMING,100,0.002,no_corregible,False,2.2004889975550124,800,10,818
HAMMING,100,0.002,ok,True,2.2004889975550124,800,10,818
HAMMING,100,0.002,ok,True,2.2004889975550124,800,10,818
HAMMING,100,0.002,ok,True,2.2004889975550124,800,10,818
HAMMING,100,0.002,ok,True,2.2004889975550124,800,10,818
HAMMING,100,0.002,cabecera_perdida,False,2.2004889975550124,800,10,818
HAMMING,100,0.002,corregido,True,2.2004889975550124,800,10,818
HAMMING,100,0.002,ok,True,2.2004889975550124,800,10,818
HAMMING,100,0.002,corregido,True,2.2004889975550124,800,10,818
HAMMING,100,0.002,corregido,False,2.2004889975550124,800,10,818
HAMMING,100,0.002,no_corregible,False,2.2004889975550124,800,10,818
HAMMING,100,0.002,corregido,False,2.2004889975550124,800,10,818
HAMMING,100,0.002,corregido,False,2.2004889975550124,800,10,818
HAMMING,100,0.002,corregido,True,2.2004889975550124,800,10,818
HAMMING,100,0.002,corregido,False,2.2004889975550124,800,10,818
HAMMING,100,0.002,corregido,False,2.2004889975550124,800,10,818
HAMMING,100,0.002,corregido,False,2.2004889975550124,800,10,818
HAMMING,100,0.002,ok,True,2.2004889975550124,800,10,818
HAMMING,100,0.002,corregido,True,2.2004889975550124,800,10,818
HAMMING,100,0.002,ok,True,2.2004889975550124,800,10,818
HAMMING,100,0.002,ok,True,2.2004889975550124,800,10,818
HAMMING,100,0.002,ok,True,2.2004889975550124,800,10,818
HAMMING,100,0.002,corregido,True,2.2004889975550124,800,10,818
HAMMING,100,0.002,corregido,True,2.2004889975550124,800,10,818
HAMMING,100,0.002,corregido,True,2.2004889975550124,800,10,818
HAMMING,100,0.002,corregido,True,2.2004889975550124,800,10,818
HAMMING,100,0.002,corregido,True,2.2004889975550124,800,10,818
HAMMING,100,0.002,corregido,True,2.2004889975550124,800,10,818
HAMMING,100,0.002,corregido,True,2.2004889975550124,800,10,818
HAMMING,100,0.002,ok,True,2.2004889975550124,800,10,818
HAMMING,100,0.002,corregido,False,2.2004889975550124,800,10,818
HAMMING,100,0.002,corregido,True,2.2004889975550124,800,10,818
HAMMING,100,0.002,corregido,False,2.2004889975550124,800,10,818
HAMMING,100,0.002,corregido,False,2.2004889975550124,800,10,818
HAMMING,100,0.002,corregido,True,2.2004889975550124,800,10,818
HAMMING,100,0.005,corregido,False,2.2004889975550124,800,10,818
HAMMING,100,0.005,corregido,False,2.2004889975550124,800,10,818
HAMMING,100,0.005,corregido,True,2.2004889975550124,800,10,818
HAMMING,100,0.005,no_corregible,False,2.2004889975550124,800,10,818
HAMMING,100,0.005,no_corregible,False,2.2004889975550124,800,10,818
HAMMING,100,0.005,corregido,False,2.2004889975550124,800,10,818
HAMMING,100,0.005,corregido,False,2.2004889975550124,800,10,818
HAMMING,100,0.005,no_corregible,False,2.2004889975550124,800,10,818
HAMMING,100,0.005,corregido,True,2.2004889975550124,800,10,818
HAMMING,100,0.005,corregido,False,2.2004889975550124,800,10,818
HAMMING,100,0.005,corregido,False,2.2004889975550124,800,10,818
HAMMING,100,0.005,corregido,False,2.2004889975550124,800,10,818
HAMMING,100,0.005,no_corregible,False,2.2004889975550124,800,10,818
HAMMING,100,0.005,corregido,False,2.2004889975550124,800,10,818
HAMMING,100,0.005,corregido,False,2.2004889975550124,800,10,818
HAMMING,100,0.005,corregido,False,2.2004889975550124,800,10,818
HAMMING,100,0.005,no_corregible,False,2.2004889975550124,800,10,818
HAMMING,100,0.005,corregido,False,2.2004889975550124,800,10,818
HAMMING,100,0.005,corregido,False,2.2004889975550124,800,10,818
HAMMING,100,0.005,corregido,False,2.2004889975550124,800,10,818
HAMMING,100,0.005,corregido,False,2.2004889975550124,800,10,818
HAMMING,100,0.005,corregido,False,2.2004889975550124,800,10,818
HAMMING,100,0.005,corregido,False,2.2004889975550124,800,10,818
HAMMING,100,0.005,no_corregible,False,2.2004889975550124,800,10,818
HAMMING,100,0.005,corregido,False,2.2004889975550124,800,10,818
HAMMING,100,0.005,corregido,False,2.2004889975550124,800,10,818
HAMMING,100,0.005,no_corregible,False,2.2004889975550124,800,10,818
HAMMING,100,0.005,cabecera_perdida,False,2.2004889975550124,800,10,818
HAMMING,100,0.005,corregido,False,2.2004889975550124,800,10,818
HAMMING,100,0.005,corregido,False,2.2004889975550124,800,10,818
HAMMING,100,0.005,cabecera_perdida,False,2.2004889975550124,800,10,818
HAMMING,100,0.005,corregido,False,2.2004889975550124,800,10,818
HAMMING,100,0.005,corregido,False,2.2004889975550124,800,10,818
HAMMING,100,0.005,corregido,False,2.2004889975550124,800,10,818
HAMMING,100,0.005,corregido,False,2.2004889975550124,800,10,818
HAMMING,100,0.005,corregido,False,2.2004889975550124,800,10,818
HAMMING,100,0.005,corregido,False,2.2004889975550124,800,10,818
HAMMING,100,0.005,corregido,False,2.2004889975550124,800,10,818
HAMMING,100,0.005,corregido,False,2.2004889975550124,800,10,818
HAMMING,100,0.005,corregido,False,2.2004889975550124,800,10,818
HAMMING,100,0.005,no_corregible,False,2.2004889975550124,800,10,818
HAMMING,100,0.005,corregido,False,2.2004889975550124,800,10,818
HAMMING,100,0.005,corregido,False,2.2004889975550124,800,10,818
HAMMING,100,0.005,no_corregible,False,2.2004889975550124,800,10,818
HAMMING,100,0.005,corregido,False,2.2004889975550124,800,10,818
HAMMING,100,0.005,corregido,False,2.2004889975550124,800,10,818
HAMMING,100,0.005,corregido,False,2.2004889975550124,800,10,818
HAMMING,100,0.005,corregido,False,2.2004889975550124,800,10,818
HAMMING,100,0.005,corregido,False,2.2004889975550124,800,10,818
HAMMING,100,0.005,corregido,False,2.2004889975550124,800,10,818
HAMMING,100,0.005,corregido,False,2.2004889975550124,800,10,818
HAMMING,100,0.005,no_corregible,False,2.2004889975550124,800,10,818
HAMMING,100,0.005,corregido,False,2.2004889975550124,800,10,818
HAMMING,100,0.005,no_corregible,False,2.2004889975550124,800,10,818
HAMMING,100,0.005,cabecera_perdida,False,2.2004889975550124,800,10,818
HAMMING,100,0.005,corregido,False,2.2004889975550124,800,10,818
HAMMING,100,0.005,no_corregible,False,2.2004889975550124,800,10,818
HAMMING,100,0.005,corregido,False,2.2004889975550124,800,10,818
HAMMING,100,0.005,corregido,True,2.2004889975550124,800,10,818
HAMMING,100,0.005,corregido,False,2.2004889975550124,800,10,818
HAMMING,100,0.005,corregido,False,2.2004889975550124,800,10,818
HAMMING,100,0.005,corregido,False,2.2004889975550124,800,10,818
HAMMING,100,0.005,corregido,False,2.2004889975550124,800,10,818
HAMMING,100,0.005,corregido,False,2.2004889975550124,800,10,818
HAMMING,100,0.005,corregido,False,2.2004889975550124,800,10,818
HAMMING,100,0.005,cabecera_perdida,False,2.2004889975550124,800,10,818
HAMMING,100,0.005,corregido,False,2.2004889975550124,800,10,818
HAMMING,100,0.005,corregido,True,2.2004889975550124,800,10,818
HAMMING,100,0.005,corregido,False,2.2004889975550124,800,10,818
HAMMING,100,0.005,corregido,True,2.2004889975550124,800,10,818
HAMMING,100,0.005,no_corregible,False,2.2004889975550124,800,10,818
HAMMING,100,0.005,no_corregible,False,2.2004889975550124,800,10,818
HAMMING,100,0.005,corregido,False,2.2004889975550124,800,10,818
HAMMING,100,0.005,corregido,False,2.2004889975550124,800,10,818
HAMMING,100,0.005,cabecera_perdida,False,2.2004889975550124,800,10,818
HAMMING,100,0.005,corregido,False,2.2004889975550124,800,10,818
HAMMING,100,0.005,corregido,False,2.2004889975550124,800,10,818
HAMMING,100,0.005,corregido,False,2.2004889975550124,800,10,818
HAMMING,100,0.005,corregido,False,2.2004889975550124,800,10,818
HAMMING,100,0.005,corregido,False,2.2004889975550124,800,10,818
HAMMING,100,0.005,no_corregible,False,2.2004889975550124,800,10,818
HAMMING,100,0.005,no_corregible,False,2.2004889975550124,800,10,818
HAMMING,100,0.005,corregido,False,2.2004889975550124,800,10,818
HAMMING,100,0.005,cabecera_perdida,False,2.2004889975550124,800,10,818
HAMMING,100,0.005,corregido,False,2.2004889975550124,800,10,818
HAMMING,100,0.005,corregido,True,2.2004889975550124,800,10,818
HAMMING,100,0.005,corregido,False,2.2004889975550124,800,10,818
HAMMING,100,0.005,corregido,False,2.2004889975550124,800,10,818
HAMMING,100,0.005,corregido,False,2.2004889975550124,800,10,818
HAMMING,100,0.005,corregido,False,2.2004889975550124,800,10,818
HAMMING,100,0.005,corregido,False,2.2004889975550124,800,10,818
HAMMING,100,0.005,no_corregible,False,2.2004889975550124,800,10,818
HAMMING,100,0.005,no_corregible,False,2.2004889975550124,800,10,818
HAMMING,100,0.005,corregido,False,2.2004889975550124,800,10,818
HAMMING,100,0.005,corregido,False,2.2004889975550124,800,10,818
HAMMING,100,0.005,corregido,False,2.2004889975550124,800,10,818
HAMMING,100,0.005,corregido,False,2.2004889975550124,800,10,818
HAMMING,100,0.005,corregido,False,2.2004889975550124,800,10,818
HAMMING,100,0.005,no_corregible,False,2.2004889975550124,800,10,818
HAMMING,100,0.005,corregido,False,2.2004889975550124,800,10,818
HAMMING,100,0.005,corregido,False,2.2004889975550124,800,10,818
HAMMING,100,0.005,corregido,True,2.2004889975550124,800,10,818
HAMMING,100,0.005,corregido,False,2.2004889975550124,800,10,818
HAMMING,100,0.005,corregido,False,2.2004889975550124,800,10,818
HAMMING,100,0.005,corregido,False,2.2004889975550124,800,10,818
HAMMING,100,0.005,no_corregible,False,2.2004889975550124,800,10,818
HAMMING,100,0.005,corregido,False,2.2004889975550124,800,10,818
HAMMING,100,0.005,corregido,False,2.2004889975550124,800,10,818
HAMMING,100,0.005,corregido,False,2.2004889975550124,800,10,818
HAMMING,100,0.005,corregido,False,2.2004889975550124,800,10,818
HAMMING,100,0.005,corregido,True,2.2004889975550124,800,10,818
HAMMING,100,0.005,corregido,False,2.2004889975550124,800,10,818
HAMMING,100,0.005,cabecera_perdida,False,2.2004889975550124,800,10,818
HAMMING,100,0.005,corregido,False,2.2004889975550124,800,10,818
HAMMING,100,0.005,ok,True,2.2004889975550124,800,10,818
HAMMING,100,0.005,no_corregible,False,2.2004889975550124,800,10,818
HAMMING,100,0.005,corregido,False,2.2004889975550124,800,10,818
HAMMING,100,0.005,corregido,False,2.2004889975550124,800,10,818
HAMMING,100,0.005,corregido,False,2.2004889975550124,800,10,818
HAMMING,100,0.005,corregido,False,2.2004889975550124,800,10,818
HAMMING,100,0.005,corregido,False,2.2004889975550124,800,10,818
HAMMING,100,0.005,no_corregible,False,2.2004889975550124,800,10,818
HAMMING,100,0.005,corregido,False,2.2004889975550124,800,10,818
HAMMING,100,0.005,corregido,True,2.2004889975550124,800,10,818
HAMMING,100,0.005,corregido,False,2.2004889975550124,800,10,818
HAMMING,100,0.005,corregido,False,2.2004889975550124,800,10,818
HAMMING,100,0.005,cabecera_perdida,False,2.2004889975550124,800,10,818
HAMMING,100,0.005,corregido,False,2.2004889975550124,800,10,818
HAMMING,100,0.005,corregido,False,2.2004889975550124,800,10,818
HAMMING,100,0.005,corregido,False,2.2004889975550124,800,10,818
HAMMING,100,0.005,corregido,False,2.2004889975550124,800,10,818
HAMMING,100,0.005,corregido,False,2.2004889975550124,800,10,818
HAMMING,100,0.005,corregido,False,2.2004889975550124,800,10,818
HAMMING,100,0.005,corregido,False,2.2004889975550124,800,10,818
HAMMING,100,0.005,corregido,False,2.2004889975550124,800,10,818
HAMMING,100,0.005,corregido,False,2.2004889975550124,800,10,818
HAMMING,100,0.005,corregido,False,2.2004889975550124,800,10,818
HAMMING,100,0.005,corregido,False,2.2004889975550124,800,10,818
HAMMING,100,0.005,no_corregible,False,2.2004889975550124,800,10,818
HAMMING,100,0.005,corregido,False,2.2004889975550124,800,10,818
HAMMING,100,0.005,corregido,False,2.2004889975550124,800,10,818
HAMMING,100,0.005,corregido,False,2.2004889975550124,800,10,818
HAMMING,100,0.005,corregido,False,2.2004889975550124,800,10,818
HAMMING,100,0.005,corregido,False,2.2004889975550124,800,10,818
HAMMING,100,0.005,corregido,False,2.2004889975550124,800,10,818
HAMMING,100,0.005,corregido,False,2.2004889975550124,800,10,818
HAMMING,100,0.005,corregido,False,2.2004889975550124,800,10,818
HAMMING,100,0.005,no_corregible,False,2.2004889975550124,800,10,818
HAMMING,100,0.005,corregido,True,2.2004889975550124,800,10,818
HAMMING,100,0.005,corregido,False,2.2004889975550124,800,10,818
HAMMING,100,0.01,no_corregible,False,2.2004889975550124,800,10,818
HAMMING,100,0.01,corregido,False,2.2004889975550124,800,10,818
HAMMING,100,0.01,corregido,False,2.2004889975550124,800,10,818
HAMMING,100,0.01,corregido,False,2.2004889975550124,800,10,818
HAMMING,100,0.01,corregido,False,2.2004889975550124,800,10,818
HAMMING,100,0.01,no_corregible,False,2.2004889975550124,800,10,818
HAMMING,100,0.01,no_corregible,False,2.2004889975550124,800,10,818
HAMMING,100,0.01,corregido,False,2.2004889975550124,800,10,818
HAMMING,100,0.01,corregido,False,2.2004889975550124,800,10,818
HAMMING,100,0.01,corregido,False,2.2004889975550124,800,10,818
HAMMING,100,0.01,corregido,False,2.2004889975550124,800,10,818
HAMMING,100,0.01,corregido,False,2.2004889975550124,800,10,818
HAMMING,100,0.01,corregido,False,2.2004889975550124,800,10,818
HAMMING,100,0.01,corregido,False,2.2004889975550124,800,10,818
HAMMING,100,0.01,corregido,False,2.2004889975550124,800,10,818
HAMMING,100,0.01,corregido,False,2.2004889975550124,800,10,818
HAMMING,100,0.01,corregido,False,2.2004889975550124,800,10,818
HAMMING,100,0.01,no_corregible,False,2.2004889975550124,800,10,818
HAMMING,100,0.01,corregido,False,2.2004889975550124,800,10,818
HAMMING,100,0.01,no_corregible,False,2.2004889975550124,800,10,818
HAMMING,100,0.01,corregido,False,2.2004889975550124,800,10,818
HAMMING,100,0.01,corregido,False,2.2004889975550124,800,10,818
HAMMING,100,0.01,corregido,False,2.2004889975550124,800,10,818
HAMMING,100,0.01,corregido,False,2.2004889975550124,800,10,818
HAMMING,100,0.01,no_corregible,False,2.2004889975550124,800,10,818
HAMMING,100,0.01,corregido,False,2.2004889975550124,800,10,818
HAMMING,100,0.01,corregido,False,2.2004889975550124,800,10,818
HAMMING,100,0.01,no_corregible,False,2.2004889975550124,800,10,818
HAMMING,100,0.01,corregido,False,2.2004889975550124,800,10,818
HAMMING,100,0.01,corregido,False,2.2004889975550124,800,10,818
HAMMING,100,0.01,no_corregible,False,2.2004889975550124,800,10,818
HAMMING,100,0.01,no_corregible,False,2.2004889975550124,800,10,818
HAMMING,100,0.01,corregido,False,2.2004889975550124,800,10,818
HAMMING,100,0.01,corregido,False,2.2004889975550124,800,10,818
HAMMING,100,0.01,no_corregible,False,2.2004889975550124,800,10,818
HAMMING,100,0.01,no_corregible,False,2.2004889975550124,800,10,818
HAMMING,100,0.01,no_corregible,False,2.2004889975550124,800,10,818
HAMMING,100,0.01,no_corregible,False,2.2004889975550124,800,10,818
HAMMING,100,0.01,corregido,False,2.2004889975550124,800,10,818
HAMMING,100,0.01,no_corregible,False,2.2004889975550124,800,10,818
HAMMING,100,0.01,corregido,False,2.2004889975550124,800,10,818
HAMMING,100,0.01,corregido,False,2.2004889975550124,800,10,818
HAMMING,100,0.01,corregido,False,2.2004889975550124,800,10,818
HAMMING,100,0.01,corregido,False,2.2004889975550124,800,10,818
HAMMING,100,0.01,no_corregible,False,2.2004889975550124,800,10,818
HAMMING,100,0.01,corregido,False,2.2004889975550124,800,10,818
HAMMING,100,0.01,no_corregible,False,2.2004889975550124,800,10,818
HAMMING,100,0.01,no_corregible,False,2.2004889975550124,800,10,818
HAMMING,100,0.01,corregido,False,2.2004889975550124,800,10,818
HAMMING,100,0.01,corregido,False,2.2004889975550124,800,10,818
HAMMING,100,0.01,corregido,False,2.2004889975550124,800,10,818
HAMMING,100,0.01,corregido,False,2.2004889975550124,800,10,818
HAMMING,100,0.01,corregido,False,2.2004889975550124,800,10,818
HAMMING,100,0.01,corregido,False,2.2004889975550124,800,10,818
HAMMING,100,0.01,corregido,False,2.2004889975550124,800,10,818
HAMMING,100,0.01,corregido,False,2.2004889975550124,800,10,818
HAMMING,100,0.01,corregido,False,2.2004889975550124,800,10,818
HAMMING,100,0.01,corregido,False,2.2004889975550124,800,10,818
HAMMING,100,0.01,corregido,False,2.2004889975550124,800,10,818
HAMMING,100,0.01,corregido,False,2.2004889975550124,800,10,818
HAMMING,100,0.01,corregido,False,2.2004889975550124,800,10,818
HAMMING,100,0.01,corregido,False,2.2004889975550124,800,10,818
HAMMING,100,0.01,corregido,False,2.2004889975550124,800,10,818
HAMMING,100,0.01,corregido,False,2.2004889975550124,800,10,818
HAMMING,100,0.01,no_corregible,False,2.2004889975550124,800,10,818
HAMMING,100,0.01,corregido,False,2.2004889975550124,800,10,818
HAMMING,100,0.01,corregido,False,2.2004889975550124,800,10,818
HAMMING,100,0.01,corregido,False,2.2004889975550124,800,10,818
HAMMING,100,0.01,corregido,False,2.2004889975550124,800,10,818
HAMMING,100,0.01,corregido,False,2.2004889975550124,800,10,818
HAMMING,100,0.01,corregido,False,2.2004889975550124,800,10,818
HAMMING,100,0.01,no_corregible,False,2.2004889975550124,800,10,818
HAMMING,100,0.01,cabecera_perdida,False,2.2004889975550124,800,10,818
HAMMING,100,0.01,cabecera_perdida,False,2.2004889975550124,800,10,818
HAMMING,100,0.01,corregido,False,2.2004889975550124,800,10,818
HAMMING,100,0.01,no_corregible,False,2.2004889975550124,800,10,818
HAMMING,100,0.01,corregido,False,2.2004889975550124,800,10,818
HAMMING,100,0.01,no_corregible,False,2.2004889975550124,800,10,818
HAMMING,100,0.01,no_corregible,False,2.2004889975550124,800,10,818
HAMMING,100,0.01,no_corregible,False,2.2004889975550124,800,10,818
HAMMING,100,0.01,corregido,False,2.2004889975550124,800,10,818
HAMMING,100,0.01,no_corregible,False,2.2004889975550124,800,10,818
HAMMING,100,0.01,no_corregible,False,2.2004889975550124,800,10,818
HAMMING,100,0.01,corregido,False,2.2004889975550124,800,10,818
HAMMING,100,0.01,corregido,False,2.2004889975550124,800,10,818
HAMMING,100,0.01,ok,False,2.2004889975550124,800,10,818
HAMMING,100,0.01,cabecera_perdida,False,2.2004889975550124,800,10,818
HAMMING,100,0.01,corregido,False,2.2004889975550124,800,10,818
HAMMING,100,0.01,no_corregible,False,2.2004889975550124,800,10,818
HAMMING,100,0.01,corregido,False,2.2004889975550124,800,10,818
HAMMING,100,0.01,corregido,False,2.2004889975550124,800,10,818
HAMMING,100,0.01,no_corregible,False,2.2004889975550124,800,10,818
HAMMING,100,0.01,no_corregible,False,2.2004889975550124,800,10,818
HAMMING,100,0.01,corregido,False,2.2004889975550124,800,10,818
HAMMING,100,0.01,corregido,False,2.2004889975550124,800,10,818
HAMMING,100,0.01,corregido,False,2.2004889975550124,800,10,818
HAMMING,100,0.01,corregido,False,2.2004889975550124,800,10,818
HAMMING,100,0.01,no_corregible,False,2.2004889975550124,800,10,818
HAMMING,100,0.01,corregido,False,2.2004889975550124,800,10,818
HAMMING,100,0.01,corregido,False,2.2004889975550124,800,10,818
HAMMING,100,0.01,corregido,False,2.2004889975550124,800,10,818
HAMMING,100,0.01,no_corregible,False,2.2004889975550124,800,10,818
HAMMING,100,0.01,no_corregible,False,2.2004889975550124,800,10,818
HAMMING,100,0.01,corregido,False,2.2004889975550124,800,10,818
HAMMING,100,0.01,corregido,False,2.2004889975550124,800,10,818
HAMMING,100,0.01,corregido,False,2.2004889975550124,800,10,818
HAMMING,100,0.01,no_corregible,False,2.2004889975550124,800,10,818
HAMMING,100,0.01,corregido,False,2.2004889975550124,800,10,818
HAMMING,100,0.01,corregido,False,2.2004889975550124,800,10,818
HAMMING,100,0.01,corregido,False,2.2004889975550124,800,10,818
HAMMING,100,0.01,corregido,False,2.2004889975550124,800,10,818
HAMMING,100,0.01,corregido,False,2.2004889975550124,800,10,818
HAMMING,100,0.01,corregido,False,2.2004889975550124,800,10,818
HAMMING,100,0.01,corregido,False,2.2004889975550124,800,10,818
HAMMING,100,0.01,corregido,False,2.2004889975550124,800,10,818
HAMMING,100,0.01,corregido,False,2.2004889975550124,800,10,818
HAMMING,100,0.01,corregido,False,2.2004889975550124,800,10,818
HAMMING,100,0.01,corregido,False,2.2004889975550124,800,10,818
HAMMING,100,0.01,corregido,False,2.2004889975550124,800,10,818
HAMMING,100,0.01,no_corregible,False,2.2004889975550124,800,10,818
HAMMING,100,0.01,cabecera_perdida,False,2.2004889975550124,800,10,818
HAMMING,100,0.01,corregido,False,2.2004889975550124,800,10,818
HAMMING,100,0.01,corregido,False,2.2004889975550124,800,10,818
HAMMING,100,0.01,corregido,False,2.2004889975550124,800,10,818
HAMMING,100,0.01,no_corregible,False,2.2004889975550124,800,10,818
HAMMING,100,0.01,corregido,False,2.2004889975550124,800,10,818
HAMMING,100,0.01,corregido,False,2.2004889975550124,800,10,818
HAMMING,100,0.01,corregido,False,2.2004889975550124,800,10,818
HAMMING,100,0.01,corregido,False,2.2004889975550124,800,10,818
HAMMING,100,0.01,no_corregible,False,2.2004889975550124,800,10,818
HAMMING,100,0.01,corregido,False,2.2004889975550124,800,10,818
HAMMING,100,0.01,corregido,False,2.2004889975550124,800,10,818
HAMMING,100,0.01,cabecera_perdida,False,2.2004889975550124,800,10,818
HAMMING,100,0.01,corregido,False,2.2004889975550124,800,10,818
HAMMING,100,0.01,corregido,False,2.2004889975550124,800,10,818
HAMMING,100,0.01,no_corregible,False,2.2004889975550124,800,10,818
HAMMING,100,0.01,corregido,False,2.2004889975550124,800,10,818
HAMMING,100,0.01,corregido,False,2.2004889975550124,800,10,818
HAMMING,100,0.01,corregido,False,2.2004889975550124,800,10,818
HAMMING,100,0.01,corregido,False,2.2004889975550124,800,10,818
HAMMING,100,0.01,corregido,False,2.2004889975550124,800,10,818
HAMMING,100,0.01,corregido,False,2.2004889975550124,800,10,818
HAMMING,100,0.01,cabecera_perdida,False,2.2004889975550124,800,10,818
HAMMING,100,0.01,cabecera_perdida,False,2.2004889975550124,800,10,818
HAMMING,100,0.01,cabecera_perdida,False,2.2004889975550124,800,10,818
HAMMING,100,0.01,no_corregible,False,2.2004889975550124,800,10,818
HAMMING,100,0.01,no_corregible,False,2.2004889975550124,800,10,818
HAMMING,100,0.01,corregido,False,2.2004889975550124,800,10,818
HAMMING,100,0.01,corregido,False,2.2004889975550124,800,10,818
HAMMING,100,0.01,no_corregible,False,2.2004889975550124,800,10,818
HAMMING,100,0.02,corregido,False,2.2004889975550124,800,10,818
HAMMING,100,0.02,cabecera_perdida,False,2.2004889975550124,800,10,818
HAMMING,100,0.02,no_corregible,False,2.2004889975550124,800,10,818
HAMMING,100,0.02,corregido,False,2.2004889975550124,800,10,818
HAMMING,100,0.02,cabecera_perdida,False,2.2004889975550124,800,10,818
HAMMING,100,0.02,corregido,False,2.2004889975550124,800,10,818
HAMMING,100,0.02,no_corregible,False,2.2004889975550124,800,10,818
HAMMING,100,0.02,corregido,False,2.2004889975550124,800,10,818
HAMMING,100,0.02,cabecera_perdida,False,2.2004889975550124,800,10,818
HAMMING,100,0.02,corregido,False,2.2004889975550124,800,10,818
HAMMING,100,0.02,no_corregible,False,2.2004889975550124,800,10,818
HAMMING,100,0.02,no_corregible,False,2.2004889975550124,800,10,818
HAMMING,100,0.02,no_corregible,False,2.2004889975550124,800,10,818
HAMMING,100,0.02,corregido,False,2.2004889975550124,800,10,818
HAMMING,100,0.02,cabecera_perdida,False,2.2004889975550124,800,10,818
HAMMING,100,0.02,corregido,False,2.2004889975550124,800,10,818
HAMMING,100,0.02,no_corregible,False,2.2004889975550124,800,10,818
HAMMING,100,0.02,corregido,False,2.2004889975550124,800,10,818
HAMMING,100,0.02,corregido,False,2.2004889975550124,800,10,818
HAMMING,100,0.02,no_corregible,False,2.2004889975550124,800,10,818
HAMMING,100,0.02,corregido,False,2.2004889975550124,800,10,818
HAMMING,100,0.02,cabecera_perdida,False,2.2004889975550124,800,10,818
HAMMING,100,0.02,corregido,False,2.2004889975550124,800,10,818
HAMMING,100,0.02,corregido,False,2.2004889975550124,800,10,818
HAMMING,100,0.02,corregido,False,2.2004889975550124,800,10,818
HAMMING,100,0.02,cabecera_perdida,False,2.2004889975550124,800,10,818
HAMMING,100,0.02,corregido,False,2.2004889975550124,800,10,818
HAMMING,100,0.02,corregido,False,2.2004889975550124,800,10,818
HAMMING,100,0.02,no_corregible,False,2.2004889975550124,800,10,818
HAMMING,100,0.02,corregido,False,2.2004889975550124,800,10,818
HAMMING,100,0.02,corregido,False,2.2004889975550124,800,10,818
HAMMING,100,0.02,cabecera_perdida,False,2.2004889975550124,800,10,818
HAMMING,100,0.02,ok_paridad,False,2.2004889975550124,800,10,818
HAMMING,100,0.02,corregido,False,2.2004889975550124,800,10,818
HAMMING,100,0.02,corregido,False,2.2004889975550124,800,10,818
HAMMING,100,0.02,corregido,False,2.2004889975550124,800,10,818
HAMMING,100,0.02,corregido,False,2.2004889975550124,800,10,818
HAMMING,100,0.02,corregido,False,2.2004889975550124,800,10,818
HAMMING,100,0.02,no_corregible,False,2.2004889975550124,800,10,818
HAMMING,100,0.02,corregido,False,2.2004889975550124,800,10,818
HAMMING,100,0.02,corregido,False,2.2004889975550124,800,10,818
HAMMING,100,0.02,corregido,False,2.2004889975550124,800,10,818
HAMMING,100,0.02,cabecera_perdida,False,2.2004889975550124,800,10,818
HAMMING,100,0.02,corregido,False,2.2004889975550124,800,10,818
HAMMING,100,0.02,no_corregible,False,2.2004889975550124,800,10,818
HAMMING,100,0.02,no_corregible,False,2.2004889975550124,800,10,818
HAMMING,100,0.02,corregido,False,2.2004889975550124,800,10,818
HAMMING,100,0.02,corregido,False,2.2004889975550124,800,10,818
HAMMING,100,0.02,cabecera_perdida,False,2.2004889975550124,800,10,818
HAMMING,100,0.02,corregido,False,2.2004889975550124,800,10,818
HAMMING,100,0.02,corregido,False,2.2004889975550124,800,10,818
HAMMING,100,0.02,no_corregible,False,2.2004889975550124,800,10,818
HAMMING,100,0.02,corregido,False,2.2004889975550124,800,10,818
HAMMING,100,0.02,corregido,False,2.2004889975550124,800,10,818
HAMMING,100,0.02,corregido,False,2.2004889975550124,800,10,818
HAMMING,100,0.02,cabecera_perdida,False,2.2004889975550124,800,10,818
HAMMING,100,0.02,no_corregible,False,2.2004889975550124,800,10,818
HAMMING,100,0.02,corregido,False,2.2004889975550124,800,10,818
HAMMING,100,0.02,corregido,False,2.2004889975550124,800,10,818
HAMMING,100,0.02,corregido,False,2.2004889975550124,800,10,818
HAMMING,100,0.02,ok_paridad,False,2.2004889975550124,800,10,818
HAMMING,100,0.02,cabecera_perdida,False,2.2004889975550124,800,10,818
HAMMING,100,0.02,no_corregible,False,2.2004889975550124,800,10,818
HAMMING,100,0.02,no_corregible,False,2.2004889975550124,800,10,818
HAMMING,100,0.02,corregido,False,2.2004889975550124,800,10,818
HAMMING,100,0.02,corregido,False,2.2004889975550124,800,10,818
HAMMING,100,0.02,cabecera_perdida,False,2.2004889975550124,800,10,818
HAMMING,100,0.02,no_corregible,False,2.2004889975550124,800,10,818
HAMMING,100,0.02,no_corregible,False,2.2004889975550124,800,10,818
HAMMING,100,0.02,no_corregible,False,2.2004889975550124,800,10,818
HAMMING,100,0.02,corregido,False,2.2004889975550124,800,10,818
HAMMING,100,0.02,corregido,False,2.2004889975550124,800,10,818
HAMMING,100,0.02,corregido,False,2.2004889975550124,800,10,818
HAMMING,100,0.02,corregido,False,2.2004889975550124,800,10,818
HAMMING,100,0.02,cabecera_perdida,False,2.2004889975550124,800,10,818
HAMMING,100,0.02,corregido,False,2.2004889975550124,800,10,818
HAMMING,100,0.02,corregido,False,2.2004889975550124,800,10,818
HAMMING,100,0.02,no_corregible,False,2.2004889975550124,800,10,818
HAMMING,100,0.02,corregido,False,2.2004889975550124,800,10,818
HAMMING,100,0.02,corregido,False,2.2004889975550124,800,10,818
HAMMING,100,0.02,corregido,False,2.2004889975550124,800,10,818
HAMMING,100,0.02,corregido,False,2.2004889975550124,800,10,818
HAMMING,100,0.02,cabecera_perdida,False,2.2004889975550124,800,10,818
HAMMING,100,0.02,no_corregible,False,2.2004889975550124,800,10,818
HAMMING,100,0.02,no_corregible,False,2.2004889975550124,800,10,818
HAMMING,100,0.02,corregido,False,2.2004889975550124,800,10,818
HAMMING,100,0.02,no_corregible,False,2.2004889975550124,800,10,818
HAMMING,100,0.02,corregido,False,2.2004889975550124,800,10,818
HAMMING,100,0.02,cabecera_perdida,False,2.2004889975550124,800,10,818
HAMMING,100,0.02,corregido,False,2.2004889975550124,800,10,818
HAMMING,100,0.02,cabecera_perdida,False,2.2004889975550124,800,10,818
HAMMING,100,0.02,no_corregible,False,2.2004889975550124,800,10,818
HAMMING,100,0.02,corregido,False,2.2004889975550124,800,10,818
HAMMING,100,0.02,corregido,False,2.2004889975550124,800,10,818
HAMMING,100,0.02,corregido,False,2.2004889975550124,800,10,818
HAMMING,100,0.02,no_corregible,False,2.2004889975550124,800,10,818
HAMMING,100,0.02,cabecera_perdida,False,2.2004889975550124,800,10,818
HAMMING,100,0.02,cabecera_perdida,False,2.2004889975550124,800,10,818
HAMMING,100,0.02,corregido,False,2.2004889975550124,800,10,818
HAMMING,100,0.02,corregido,False,2.2004889975550124,800,10,818
HAMMING,100,0.02,corregido,False,2.2004889975550124,800,10,818
HAMMING,100,0.02,corregido,False,2.2004889975550124,800,10,818
HAMMING,100,0.02,no_corregible,False,2.2004889975550124,800,10,818
HAMMING,100,0.02,corregido,False,2.2004889975550124,800,10,818
HAMMING,100,0.02,corregido,False,2.2004889975550124,800,10,818
HAMMING,100,0.02,corregido,False,2.2004889975550124,800,10,818
HAMMING,100,0.02,corregido,False,2.2004889975550124,800,10,818
HAMMING,100,0.02,corregido,False,2.2004889975550124,800,10,818
HAMMING,100,0.02,no_corregible,False,2.2004889975550124,800,10,818
HAMMING,100,0.02,ok_paridad,False,2.2004889975550124,800,10,818
HAMMING,100,0.02,corregido,False,2.2004889975550124,800,10,818
HAMMING,100,0.02,corregido,False,2.2004889975550124,800,10,818
HAMMING,100,0.02,cabecera_perdida,False,2.2004889975550124,800,10,818
HAMMING,100,0.02,no_corregible,False,2.2004889975550124,800,10,818
HAMMING,100,0.02,no_corregible,False,2.2004889975550124,800,10,818
HAMMING,100,0.02,corregido,False,2.2004889975550124,800,10,818
HAMMING,100,0.02,corregido,False,2.2004889975550124,800,10,818
HAMMING,100,0.02,cabecera_perdida,False,2.2004889975550124,800,10,818
HAMMING,100,0.02,corregido,False,2.2004889975550124,800,10,818
HAMMING,100,0.02,corregido,False,2.2004889975550124,800,10,818
HAMMING,100,0.02,cabecera_perdida,False,2.2004889975550124,800,10,818
HAMMING,100,0.02,corregido,False,2.2004889975550124,800,10,818
HAMMING,100,0.02,corregido,False,2.2004889975550124,800,10,818
HAMMING,100,0.02,no_corregible,False,2.2004889975550124,800,10,818
HAMMING,100,0.02,corregido,False,2.2004889975550124,800,10,818
HAMMING,100,0.02,corregido,False,2.2004889975550124,800,10,818
HAMMING,100,0.02,no_corregible,False,2.2004889975550124,800,10,818
HAMMING,100,0.02,no_corregible,False,2.2004889975550124,800,10,818
HAMMING,100,0.02,no_corregible,False,2.2004889975550124,800,10,818
HAMMING,100,0.02,corregido,False,2.2004889975550124,800,10,818
HAMMING,100,0.02,corregido,False,2.2004889975550124,800,10,818
HAMMING,100,0.02,corregido,False,2.2004889975550124,800,10,818
HAMMING,100,0.02,no_corregible,False,2.2004889975550124,800,10,818
HAMMING,100,0.02,corregido,False,2.2004889975550124,800,10,818
HAMMING,100,0.02,no_corregible,False,2.2004889975550124,800,10,818
HAMMING,100,0.02,corregido,False,2.2004889975550124,800,10,818
HAMMING,100,0.02,corregido,False,2.2004889975550124,800,10,818
HAMMING,100,0.02,corregido,False,2.2004889975550124,800,10,818
HAMMING,100,0.02,corregido,False,2.2004889975550124,800,10,818
HAMMING,100,0.02,corregido,False,2.2004889975550124,800,10,818
HAMMING,100,0.02,no_corregible,False,2.2004889975550124,800,10,818
HAMMING,100,0.02,no_corregible,False,2.2004889975550124,800,10,818
HAMMING,100,0.02,corregido,False,2.2004889975550124,800,10,818
HAMMING,100,0.02,corregido,False,2.2004889975550124,800,10,818
HAMMING,100,0.02,ok_paridad,False,2.2004889975550124,800,10,818
HAMMING,100,0.02,corregido,False,2.2004889975550124,800,10,818
HAMMING,100,0.02,corregido,False,2.2004889975550124,800,10,818
HAMMING,100,0.02,no_corregible,False,2.2004889975550124,800,10,818
HAMMING,100,0.02,no_corregible,False,2.2004889975550124,800,10,818
HAMMING,100,0.02,cabecera_perdida,False,2.2004889975550124,800,10,818
HAMMING,100,0.03,corregido,False,2.2004889975550124,800,10,818
HAMMING,100,0.03,cabecera_perdida,False,2.2004889975550124,800,10,818
HAMMING,100,0.03,corregido,False,2.2004889975550124,800,10,818
HAMMING,100,0.03,corregido,False,2.2004889975550124,800,10,818
HAMMING,100,0.03,corregido,False,2.2004889975550124,800,10,818
HAMMING,100,0.03,no_corregible,False,2.2004889975550124,800,10,818
HAMMING,100,0.03,corregido,False,2.2004889975550124,800,10,818
HAMMING,100,0.03,corregido,False,2.2004889975550124,800,10,818
HAMMING,100,0.03,corregido,False,2.2004889975550124,800,10,818
HAMMING,100,0.03,corregido,False,2.2004889975550124,800,10,818
HAMMING,100,0.03,corregido,False,2.2004889975550124,800,10,818
HAMMING,100,0.03,no_corregible,False,2.2004889975550124,800,10,818
HAMMING,100,0.03,corregido,False,2.2004889975550124,800,10,818
HAMMING,100,0.03,corregido,False,2.2004889975550124,800,10,818
HAMMING,100,0.03,cabecera_perdida,False,2.2004889975550124,800,10,818
HAMMING,100,0.03,cabecera_perdida,False,2.2004889975550124,800,10,818
HAMMING,100,0.03,no_corregible,False,2.2004889975550124,800,10,818
HAMMING,100,0.03,corregido,False,2.2004889975550124,800,10,818
HAMMING,100,0.03,cabecera_perdida,False,2.2004889975550124,800,10,818
HAMMING,100,0.03,corregido,False,2.2004889975550124,800,10,818
HAMMING,100,0.03,no_corregible,False,2.2004889975550124,800,10,818
HAMMING,100,0.03,corregido,False,2.2004889975550124,800,10,818
HAMMING,100,0.03,no_corregible,False,2.2004889975550124,800,10,818
HAMMING,100,0.03,corregido,False,2.2004889975550124,800,10,818
HAMMING,100,0.03,corregido,False,2.2004889975550124,800,10,818
HAMMING,100,0.03,no_corregible,False,2.2004889975550124,800,10,818
HAMMING,100,0.03,no_corregible,False,2.2004889975550124,800,10,818
HAMMING,100,0.03,cabecera_perdida,False,2.2004889975550124,800,10,818
HAMMING,100,0.03,corregido,False,2.2004889975550124,800,10,818
HAMMING,100,0.03,no_corregible,False,2.2004889975550124,800,10,818
HAMMING,100,0.03,corregido,False,2.2004889975550124,800,10,818
HAMMING,100,0.03,corregido,False,2.2004889975550124,800,10,818
HAMMING,100,0.03,corregido,False,2.2004889975550124,800,10,818
HAMMING,100,0.03,corregido,False,2.2004889975550124,800,10,818
HAMMING,100,0.03,corregido,False,2.2004889975550124,800,10,818
HAMMING,100,0.03,cabecera_perdida,False,2.2004889975550124,800,10,818
HAMMING,100,0.03,corregido,False,2.2004889975550124,800,10,818
HAMMING,100,0.03,corregido,False,2.2004889975550124,800,10,818
HAMMING,100,0.03,no_corregible,False,2.2004889975550124,800,10,818
HAMMING,100,0.03,corregido,False,2.2004889975550124,800,10,818
HAMMING,100,0.03,corregido,False,2.2004889975550124,800,10,818
HAMMING,100,0.03,cabecera_perdida,False,2.2004889975550124,800,10,818
HAMMING,100,0.03,no_corregible,False,2.2004889975550124,800,10,818
HAMMING,100,0.03,corregido,False,2.2004889975550124,800,10,818
HAMMING,100,0.03,corregido,False,2.2004889975550124,800,10,818
HAMMING,100,0.03,no_corregible,False,2.2004889975550124,800,10,818
HAMMING,100,0.03,corregido,False,2.2004889975550124,800,10,818
HAMMING,100,0.03,corregido,False,2.2004889975550124,800,10,818
HAMMING,100,0.03,no_corregible,False,2.2004889975550124,800,10,818
HAMMING,100,0.03,cabecera_perdida,False,2.2004889975550124,800,10,818
HAMMING,100,0.03,corregido,False,2.2004889975550124,800,10,818
HAMMING,100,0.03,corregido,False,2.2004889975550124,800,10,818
HAMMING,100,0.03,corregido,False,2.2004889975550124,800,10,818
HAMMING,100,0.03,no_corregible,False,2.2004889975550124,800,10,818
HAMMING,100,0.03,corregido,False,2.2004889975550124,800,10,818
HAMMING,100,0.03,corregido,False,2.2004889975550124,800,10,818
HAMMING,100,0.03,corregido,False,2.2004889975550124,800,10,818
HAMMING,100,0.03,no_corregible,False,2.2004889975550124,800,10,818
HAMMING,100,0.03,corregido,False,2.2004889975550124,800,10,818
HAMMING,100,0.03,corregido,False,2.2004889975550124,800,10,818
HAMMING,100,0.03,corregido,False,2.2004889975550124,800,10,818
HAMMING,100,0.03,cabecera_perdida,False,2.2004889975550124,800,10,818
HAMMING,100,0.03,corregido,False,2.2004889975550124,800,10,818
HAMMING,100,0.03,corregido,False,2.2004889975550124,800,10,818
HAMMING,100,0.03,corregido,False,2.2004889975550124,800,10,818
HAMMING,100,0.03,no_corregible,False,2.2004889975550124,800,10,818
HAMMING,100,0.03,corregido,False,2.2004889975550124,800,10,818
HAMMING,100,0.03,corregido,False,2.2004889975550124,800,10,818
HAMMING,100,0.03,corregido,False,2.2004889975550124,800,10,818
HAMMING,100,0.03,cabecera_perdida,False,2.2004889975550124,800,10,818
HAMMING,100,0.03,no_corregible,False,2.2004889975550124,800,10,818
HAMMING,100,0.03,corregido,False,2.2004889975550124,800,10,818
HAMMING,100,0.03,cabecera_perdida,False,2.2004889975550124,800,10,818
HAMMING,100,0.03,corregido,False,2.2004889975550124,800,10,818
HAMMING,100,0.03,corregido,False,2.2004889975550124,800,10,818
HAMMING,100,0.03,cabecera_perdida,False,2.2004889975550124,800,10,818
HAMMING,100,0.03,corregido,False,2.2004889975550124,800,10,818
HAMMING,100,0.03,corregido,False,2.2004889975550124,800,10,818
HAMMING,100,0.03,cabecera_perdida,False,2.2004889975550124,800,10,818
HAMMING,100,0.03,corregido,False,2.2004889975550124,800,10,818
HAMMING,100,0.03,cabecera_perdida,False,2.2004889975550124,800,10,818
HAMMING,100,0.03,corregido,False,2.2004889975550124,800,10,818
HAMMING,100,0.03,cabecera_perdida,False,2.2004889975550124,800,10,818
HAMMING,100,0.03,ok,False,2.2004889975550124,800,10,818
HAMMING,100,0.03,corregido,False,2.2004889975550124,800,10,818
HAMMING,100,0.03,no_corregible,False,2.2004889975550124,800,10,818
HAMMING,100,0.03,corregido,False,2.2004889975550124,800,10,818
HAMMING,100,0.03,corregido,False,2.2004889975550124,800,10,818
HAMMING,100,0.03,cabecera_perdida,False,2.2004889975550124,800,10,818
HAMMING,100,0.03,corregido,False,2.2004889975550124,800,10,818
HAMMING,100,0.03,cabecera_perdida,False,2.2004889975550124,800,10,818
HAMMING,100,0.03,corregido,False,2.2004889975550124,800,10,818
HAMMING,100,0.03,corregido,False,2.2004889975550124,800,10,818
HAMMING,100,0.03,cabecera_perdida,False,2.2004889975550124,800,10,818
HAMMING,100,0.03,corregido,False,2.2004889975550124,800,10,818
HAMMING,100,0.03,corregido,False,2.2004889975550124,800,10,818
HAMMING,100,0.03,no_corregible,False,2.2004889975550124,800,10,818
HAMMING,100,0.03,no_corregible,False,2.2004889975550124,800,10,818
HAMMING,100,0.03,cabecera_perdida,False,2.2004889975550124,800,10,818
HAMMING,100,0.03,no_corregible,False,2.2004889975550124,800,10,818
HAMMING,100,0.03,corregido,False,2.2004889975550124,800,10,818
HAMMING,100,0.03,cabecera_perdida,False,2.2004889975550124,800,10,818
HAMMING,100,0.03,cabecera_perdida,False,2.2004889975550124,800,10,818
HAMMING,100,0.03,cabecera_perdida,False,2.2004889975550124,800,10,818
HAMMING,100,0.03,no_corregible,False,2.2004889975550124,800,10,818
HAMMING,100,0.03,cabecera_perdida,False,2.2004889975550124,800,10,818
HAMMING,100,0.03,corregido,False,2.2004889975550124,800,10,818
HAMMING,100,0.03,cabecera_perdida,False,2.2004889975550124,800,10,818
HAMMING,100,0.03,cabecera_perdida,False,2.2004889975550124,800,10,818
HAMMING,100,0.03,cabecera_perdida,False,2.2004889975550124,800,10,818
HAMMING,100,0.03,no_corregible,False,2.2004889975550124,800,10,818
HAMMING,100,0.03,corregido,False,2.2004889975550124,800,10,818
HAMMING,100,0.03,corregido,False,2.2004889975550124,800,10,818
HAMMING,100,0.03,corregido,False,2.2004889975550124,800,10,818
HAMMING,100,0.03,no_corregible,False,2.2004889975550124,800,10,818
HAMMING,100,0.03,trama_invalida,False,2.2004889975550124,800,10,818
HAMMING,100,0.03,corregido,False,2.2004889975550124,800,10,818
HAMMING,100,0.03,corregido,False,2.2004889975550124,800,10,818
HAMMING,100,0.03,ok_paridad,False,2.2004889975550124,800,10,818
HAMMING,100,0.03,cabecera_perdida,False,2.2004889975550124,800,10,818
HAMMING,100,0.03,corregido,False,2.2004889975550124,800,10,818
HAMMING,100,0.03,corregido,False,2.2004889975550124,800,10,818
HAMMING,100,0.03,no_corregible,False,2.2004889975550124,800,10,818
HAMMING,100,0.03,corregido,False,2.2004889975550124,800,10,818
HAMMING,100,0.03,corregido,False,2.2004889975550124,800,10,818
HAMMING,100,0.03,corregido,False,2.2004889975550124,800,10,818
HAMMING,100,0.03,corregido,False,2.2004889975550124,800,10,818
HAMMING,100,0.03,cabecera_perdida,False,2.2004889975550124,800,10,818
HAMMING,100,0.03,no_corregible,False,2.2004889975550124,800,10,818
HAMMING,100,0.03,no_corregible,False,2.2004889975550124,800,10,818
HAMMING,100,0.03,corregido,False,2.2004889975550124,800,10,818
HAMMING,100,0.03,corregido,False,2.2004889975550124,800,10,818
HAMMING,100,0.03,corregido,False,2.2004889975550124,800,10,818
HAMMING,100,0.03,no_corregible,False,2.2004889975550124,800,10,818
HAMMING,100,0.03,corregido,False,2.2004889975550124,800,10,818
HAMMING,100,0.03,no_corregible,False,2.2004889975550124,800,10,818
HAMMING,100,0.03,corregido,False,2.2004889975550124,800,10,818
HAMMING,100,0.03,cabecera_perdida,False,2.2004889975550124,800,10,818
HAMMING,100,0.03,cabecera_perdida,False,2.2004889975550124,800,10,818
HAMMING,100,0.03,corregido,False,2.2004889975550124,800,10,818
HAMMING,100,0.03,corregido,False,2.2004889975550124,800,10,818
HAMMING,100,0.03,no_corregible,False,2.2004889975550124,800,10,818
HAMMING,100,0.03,corregido,False,2.2004889975550124,800,10,818
HAMMING,100,0.03,no_corregible,False,2.2004889975550124,800,10,818
HAMMING,100,0.03,corregido,False,2.2004889975550124,800,10,818
HAMMING,100,0.03,corregido,False,2.2004889975550124,800,10,818
HAMMING,100,0.03,corregido,False,2.2004889975550124,800,10,818
HAMMING,100,0.03,corregido,False,2.2004889975550124,800,10,818
HAMMING,100,0.03,no_corregible,False,2.2004889975550124,800,10,818
HAMMING,100,0.03,cabecera_perdida,False,2.2004889975550124,800,10,818
HAMMING,100,0.05,corregido,False,2.2004889975550124,800,10,818
HAMMING,100,0.05,no_corregible,False,2.2004889975550124,800,10,818
HAMMING,100,0.05,corregido,False,2.2004889975550124,800,10,818
HAMMING,100,0.05,corregido,False,2.2004889975550124,800,10,818
HAMMING,100,0.05,corregido,False,2.2004889975550124,800,10,818
HAMMING,100,0.05,cabecera_perdida,False,2.2004889975550124,800,10,818
HAMMING,100,0.05,no_corregible,False,2.2004889975550124,800,10,818
HAMMING,100,0.05,corregido,False,2.2004889975550124,800,10,818
HAMMING,100,0.05,no_corregible,False,2.2004889975550124,800,10,818
HAMMING,100,0.05,corregido,False,2.2004889975550124,800,10,818
HAMMING,100,0.05,corregido,False,2.2004889975550124,800,10,818
HAMMING,100,0.05,corregido,False,2.2004889975550124,800,10,818
HAMMING,100,0.05,cabecera_perdida,False,2.2004889975550124,800,10,818
HAMMING,100,0.05,cabecera_perdida,False,2.2004889975550124,800,10,818
HAMMING,100,0.05,corregido,False,2.2004889975550124,800,10,818
HAMMING,100,0.05,corregido,False,2.2004889975550124,800,10,818
HAMMING,100,0.05,cabecera_perdida,False,2.2004889975550124,800,10,818
HAMMING,100,0.05,cabecera_perdida,False,2.2004889975550124,800,10,818
HAMMING,100,0.05,cabecera_perdida,False,2.2004889975550124,800,10,818
HAMMING,100,0.05,cabecera_perdida,False,2.2004889975550124,800,10,818
HAMMING,100,0.05,cabecera_perdida,False,2.2004889975550124,800,10,818
HAMMING,100,0.05,no_corregible,False,2.2004889975550124,800,10,818
HAMMING,100,0.05,corregido,False,2.2004889975550124,800,10,818
HAMMING,100,0.05,corregido,False,2.2004889975550124,800,10,818
HAMMING,100,0.05,corregido,False,2.2004889975550124,800,10,818
HAMMING,100,0.05,corregido,False,2.2004889975550124,800,10,818
HAMMING,100,0.05,cabecera_perdida,False,2.2004889975550124,800,10,818
HAMMING,100,0.05,corregido,False,2.2004889975550124,800,10,818
HAMMING,100,0.05,corregido,False,2.2004889975550124,800,10,818
HAMMING,100,0.05,corregido,False,2.2004889975550124,800,10,818
HAMMING,100,0.05,cabecera_perdida,False,2.2004889975550124,800,10,818
HAMMING,100,0.05,cabecera_perdida,False,2.2004889975550124,800,10,818
HAMMING,100,0.05,cabecera_perdida,False,2.2004889975550124,800,10,818
HAMMING,100,0.05,cabecera_perdida,False,2.2004889975550124,800,10,818
HAMMING,100,0.05,corregido,False,2.2004889975550124,800,10,818
HAMMING,100,0.05,no_corregible,False,2.2004889975550124,800,10,818
HAMMING,100,0.05,corregido,False,2.2004889975550124,800,10,818
HAMMING,100,0.05,corregido,False,2.2004889975550124,800,10,818
HAMMING,100,0.05,corregido,False,2.2004889975550124,800,10,818
HAMMING,100,0.05,no_corregible,False,2.2004889975550124,800,10,818
HAMMING,100,0.05,cabecera_perdida,False,2.2004889975550124,800,10,818
HAMMING,100,0.05,corregido,False,2.2004889975550124,800,10,818
HAMMING,100,0.05,no_corregible,False,2.2004889975550124,800,10,818
HAMMING,100,0.05,cabecera_perdida,False,2.2004889975550124,800,10,818
HAMMING,100,0.05,corregido,False,2.2004889975550124,800,10,818
HAMMING,100,0.05,no_corregible,False,2.2004889975550124,800,10,818
HAMMING,100,0.05,corregido,False,2.2004889975550124,800,10,818
HAMMING,100,0.05,cabecera_perdida,False,2.2004889975550124,800,10,818
HAMMING,100,0.05,cabecera_perdida,False,2.2004889975550124,800,10,818
HAMMING,100,0.05,corregido,False,2.2004889975550124,800,10,818
HAMMING,100,0.05,cabecera_perdida,False,2.2004889975550124,800,10,818
HAMMING,100,0.05,corregido,False,2.2004889975550124,800,10,818
HAMMING,100,0.05,cabecera_perdida,False,2.2004889975550124,800,10,818
HAMMING,100,0.05,corregido,False,2.2004889975550124,800,10,818
HAMMING,100,0.05,no_corregible,False,2.2004889975550124,800,10,818
HAMMING,100,0.05,cabecera_perdida,False,2.2004889975550124,800,10,818
HAMMING,100,0.05,corregido,False,2.2004889975550124,800,10,818
HAMMING,100,0.05,corregido,False,2.2004889975550124,800,10,818
HAMMING,100,0.05,corregido,False,2.2004889975550124,800,10,818
HAMMING,100,0.05,corregido,False,2.2004889975550124,800,10,818
HAMMING,100,0.05,corregido,False,2.2004889975550124,800,10,818
HAMMING,100,0.05,corregido,False,2.2004889975550124,800,10,818
HAMMING,100,0.05,cabecera_perdida,False,2.2004889975550124,800,10,818
HAMMING,100,0.05,no_corregible,False,2.2004889975550124,800,10,818
HAMMING,100,0.05,cabecera_perdida,False,2.2004889975550124,800,10,818
HAMMING,100,0.05,corregido,False,2.2004889975550124,800,10,818
HAMMING,100,0.05,corregido,False,2.2004889975550124,800,10,818
HAMMING,100,0.05,cabecera_perdida,False,2.2004889975550124,800,10,818
HAMMING,100,0.05,cabecera_perdida,False,2.2004889975550124,800,10,818
HAMMING,100,0.05,cabecera_perdida,False,2.2004889975550124,800,10,818
HAMMING,100,0.05,cabecera_perdida,False,2.2004889975550124,800,10,818
HAMMING,100,0.05,cabecera_perdida,False,2.2004889975550124,800,10,818
HAMMING,100,0.05,cabecera_perdida,False,2.2004889975550124,800,10,818
HAMMING,100,0.05,cabecera_perdida,False,2.2004889975550124,800,10,818
HAMMING,100,0.05,corregido,False,2.2004889975550124,800,10,818
HAMMING,100,0.05,no_corregible,False,2.2004889975550124,800,10,818
HAMMING,100,0.05,cabecera_perdida,False,2.2004889975550124,800,10,818
HAMMING,100,0.05,no_corregible,False,2.2004889975550124,800,10,818
HAMMING,100,0.05,corregido,False,2.2004889975550124,800,10,818
HAMMING,100,0.05,corregido,False,2.2004889975550124,800,10,818
HAMMING,100,0.05,no_corregible,False,2.2004889975550124,800,10,818
HAMMING,100,0.05,cabecera_perdida,False,2.2004889975550124,800,10,818
HAMMING,100,0.05,corregido,False,2.2004889975550124,800,10,818
HAMMING,100,0.05,cabecera_perdida,False,2.2004889975550124,800,10,818
HAMMING,100,0.05,no_corregible,False,2.2004889975550124,800,10,818
HAMMING,100,0.05,corregido,False,2.2004889975550124,800,10,818
HAMMING,100,0.05,corregido,False,2.2004889975550124,800,10,818
HAMMING,100,0.05,cabecera_perdida,False,2.2004889975550124,800,10,818
HAMMING,100,0.05,corregido,False,2.2004889975550124,800,10,818
HAMMING,100,0.05,corregido,False,2.2004889975550124,800,10,818
HAMMING,100,0.05,corregido,False,2.2004889975550124,800,10,818
HAMMING,100,0.05,cabecera_perdida,False,2.2004889975550124,800,10,818
HAMMING,100,0.05,corregido,False,2.2004889975550124,800,10,818
HAMMING,100,0.05,corregido,False,2.2004889975550124,800,10,818
HAMMING,100,0.05,corregido,False,2.2004889975550124,800,10,818
HAMMING,100,0.05,corregido,False,2.2004889975550124,800,10,818
HAMMING,100,0.05,corregido,False,2.2004889975550124,800,10,818
HAMMING,100,0.05,corregido,False,2.2004889975550124,800,10,818
HAMMING,100,0.05,corregido,False,2.2004889975550124,800,10,818
HAMMING,100,0.05,no_corregible,False,2.2004889975550124,800,10,818
HAMMING,100,0.05,corregido,False,2.2004889975550124,800,10,818
HAMMING,100,0.05,cabecera_perdida,False,2.2004889975550124,800,10,818
HAMMING,100,0.05,cabecera_perdida,False,2.2004889975550124,800,10,818
HAMMING,100,0.05,corregido,False,2.2004889975550124,800,10,818
HAMMING,100,0.05,corregido,False,2.2004889975550124,800,10,818
HAMMING,100,0.05,cabecera_perdida,False,2.2004889975550124,800,10,818
HAMMING,100,0.05,cabecera_perdida,False,2.2004889975550124,800,10,818
HAMMING,100,0.05,cabecera_perdida,False,2.2004889975550124,800,10,818
HAMMING,100,0.05,no_corregible,False,2.2004889975550124,800,10,818
HAMMING,100,0.05,corregido,False,2.2004889975550124,800,10,818
HAMMING,100,0.05,corregido,False,2.2004889975550124,800,10,818
HAMMING,100,0.05,corregido,False,2.2004889975550124,800,10,818
HAMMING,100,0.05,corregido,False,2.2004889975550124,800,10,818
HAMMING,100,0.05,cabecera_perdida,False,2.2004889975550124,800,10,818
HAMMING,100,0.05,corregido,False,2.2004889975550124,800,10,818
HAMMING,100,0.05,cabecera_perdida,False,2.2004889975550124,800,10,818
HAMMING,100,0.05,corregido,False,2.2004889975550124,800,10,818
HAMMING,100,0.05,cabecera_perdida,False,2.2004889975550124,800,10,818
HAMMING,100,0.05,cabecera_perdida,False,2.2004889975550124,800,10,818
HAMMING,100,0.05,corregido,False,2.2004889975550124,800,10,818
HAMMING,100,0.05,no_corregible,False,2.2004889975550124,800,10,818
HAMMING,100,0.05,corregido,False,2.2004889975550124,800,10,818
HAMMING,100,0.05,no_corregible,False,2.2004889975550124,800,10,818
HAMMING,100,0.05,no_corregible,False,2.2004889975550124,800,10,818
HAMMING,100,0.05,cabecera_perdida,False,2.2004889975550124,800,10,818
HAMMING,100,0.05,cabecera_perdida,False,2.2004889975550124,800,10,818
HAMMING,100,0.05,corregido,False,2.2004889975550124,800,10,818
HAMMING,100,0.05,corregido,False,2.2004889975550124,800,10,818
HAMMING,100,0.05,corregido,False,2.2004889975550124,800,10,818
HAMMING,100,0.05,corregido,False,2.2004889975550124,800,10,818
HAMMING,100,0.05,corregido,False,2.2004889975550124,800,10,818
HAMMING,100,0.05,no_corregible,False,2.2004889975550124,800,10,818
HAMMING,100,0.05,corregido,False,2.2004889975550124,800,10,818
HAMMING,100,0.05,corregido,False,2.2004889975550124,800,10,818
HAMMING,100,0.05,corregido,False,2.2004889975550124,800,10,818
HAMMING,100,0.05,cabecera_perdida,False,2.2004889975550124,800,10,818
HAMMING,100,0.05,corregido,False,2.2004889975550124,800,10,818
HAMMING,100,0.05,cabecera_perdida,False,2.2004889975550124,800,10,818
HAMMING,100,0.05,corregido,False,2.2004889975550124,800,10,818
HAMMING,100,0.05,corregido,False,2.2004889975550124,800,10,818
HAMMING,100,0.05,no_corregible,False,2.2004889975550124,800,10,818
HAMMING,100,0.05,corregido,False,2.2004889975550124,800,10,818
HAMMING,100,0.05,corregido,False,2.2004889975550124,800,10,818
HAMMING,100,0.05,cabecera_perdida,False,2.2004889975550124,800,10,818
HAMMING,100,0.05,cabecera_perdida,False,2.2004889975550124,800,10,818
HAMMING,100,0.05,cabecera_perdida,False,2.2004889975550124,800,10,818
HAMMING,100,0.05,cabecera_perdida,False,2.2004889975550124,800,10,818
HAMMING,100,0.05,corregido,False,2.2004889975550124,800,10,818
HAMMING,100,0.05,corregido,False,2.2004889975550124,800,10,818
HAMMING,100,0.05,corregido,False,2.2004889975550124,800,10,818
HAMMING,100,0.08,cabecera_perdida,False,2.2004889975550124,800,10,818
HAMMING,100,0.08,corregido,False,2.2004889975550124,800,10,818
HAMMING,100,0.08,corregido,False,2.2004889975550124,800,10,818
HAMMING,100,0.08,cabecera_perdida,False,2.2004889975550124,800,10,818
HAMMING,100,0.08,corregido,False,2.2004889975550124,800,10,818
HAMMING,100,0.08,no_corregible,False,2.2004889975550124,800,10,818
HAMMING,100,0.08,no_corregible,False,2.2004889975550124,800,10,818
HAMMING,100,0.08,corregido,False,2.2004889975550124,800,10,818
HAMMING,100,0.08,corregido,False,2.2004889975550124,800,10,818
HAMMING,100,0.08,cabecera_perdida,False,2.2004889975550124,800,10,818
HAMMING,100,0.08,cabecera_perdida,False,2.2004889975550124,800,10,818
HAMMING,100,0.08,corregido,False,2.2004889975550124,800,10,818
HAMMING,100,0.08,corregido,False,2.2004889975550124,800,10,818
HAMMING,100,0.08,corregido,False,2.2004889975550124,800,10,818
HAMMING,100,0.08,corregido,False,2.2004889975550124,800,10,818
HAMMING,100,0.08,no_corregible,False,2.2004889975550124,800,10,818
HAMMING,100,0.08,cabecera_perdida,False,2.2004889975550124,800,10,818
HAMMING,100,0.08,cabecera_perdida,False,2.2004889975550124,800,10,818
HAMMING,100,0.08,cabecera_perdida,False,2.2004889975550124,800,10,818
HAMMING,100,0.08,corregido,False,2.2004889975550124,800,10,818
HAMMING,100,0.08,cabecera_perdida,False,2.2004889975550124,800,10,818
HAMMING,100,0.08,corregido,False,2.2004889975550124,800,10,818
HAMMING,100,0.08,corregido,False,2.2004889975550124,800,10,818
HAMMING,100,0.08,corregido,False,2.2004889975550124,800,10,818
HAMMING,100,0.08,no_corregible,False,2.2004889975550124,800,10,818
HAMMING,100,0.08,cabecera_perdida,False,2.2004889975550124,800,10,818
HAMMING,100,0.08,no_corregible,False,2.2004889975550124,800,10,818
HAMMING,100,0.08,no_corregible,False,2.2004889975550124,800,10,818
HAMMING,100,0.08,cabecera_perdida,False,2.2004889975550124,800,10,818
HAMMING,100,0.08,no_corregible,False,2.2004889975550124,800,10,818
HAMMING,100,0.08,no_corregible,False,2.2004889975550124,800,10,818
HAMMING,100,0.08,cabecera_perdida,False,2.2004889975550124,800,10,818
HAMMING,100,0.08,cabecera_perdida,False,2.2004889975550124,800,10,818
HAMMING,100,0.08,corregido,False,2.2004889975550124,800,10,818
HAMMING,100,0.08,corregido,False,2.2004889975550124,800,10,818
HAMMING,100,0.08,cabecera_perdida,False,2.2004889975550124,800,10,818
HAMMING,100,0.08,corregido,False,2.2004889975550124,800,10,818
HAMMING,100,0.08,cabecera_perdida,False,2.2004889975550124,800,10,818
HAMMING,100,0.08,corregido,False,2.2004889975550124,800,10,818
HAMMING,100,0.08,no_corregible,False,2.2004889975550124,800,10,818
HAMMING,100,0.08,corregido,False,2.2004889975550124,800,10,818
HAMMING,100,0.08,cabecera_perdida,False,2.2004889975550124,800,10,818
HAMMING,100,0.08,cabecera_perdida,False,2.2004889975550124,800,10,818
HAMMING,100,0.08,corregido,False,2.2004889975550124,800,10,818
HAMMING,100,0.08,cabecera_perdida,False,2.2004889975550124,800,10,818
HAMMING,100,0.08,cabecera_perdida,False,2.2004889975550124,800,10,818
HAMMING,100,0.08,corregido,False,2.2004889975550124,800,10,818
HAMMING,100,0.08,cabecera_perdida,False,2.2004889975550124,800,10,818
HAMMING,100,0.08,no_corregible,False,2.2004889975550124,800,10,818
HAMMING,100,0.08,corregido,False,2.2004889975550124,800,10,818
HAMMING,100,0.08,corregido,False,2.2004889975550124,800,10,818
HAMMING,100,0.08,corregido,False,2.2004889975550124,800,10,818
HAMMING,100,0.08,corregido,False,2.2004889975550124,800,10,818
HAMMING,100,0.08,cabecera_perdida,False,2.2004889975550124,800,10,818
HAMMING,100,0.08,cabecera_perdida,False,2.2004889975550124,800,10,818
HAMMING,100,0.08,corregido,False,2.2004889975550124,800,10,818
HAMMING,100,0.08,cabecera_perdida,False,2.2004889975550124,800,10,818
HAMMING,100,0.08,cabecera_perdida,False,2.2004889975550124,800,10,818
HAMMING,100,0.08,cabecera_perdida,False,2.2004889975550124,800,10,818
HAMMING,100,0.08,corregido,False,2.2004889975550124,800,10,818
HAMMING,100,0.08,cabecera_perdida,False,2.2004889975550124,800,10,818
HAMMING,100,0.08,corregido,False,2.2004889975550124,800,10,818
HAMMING,100,0.08,cabecera_perdida,False,2.2004889975550124,800,10,818
HAMMING,100,0.08,corregido,False,2.2004889975550124,800,10,818
HAMMING,100,0.08,cabecera_perdida,False,2.2004889975550124,800,10,818
HAMMING,100,0.08,cabecera_perdida,False,2.2004889975550124,800,10,818
HAMMING,100,0.08,cabecera_perdida,False,2.2004889975550124,800,10,818
HAMMING,100,0.08,cabecera_perdida,False,2.2004889975550124,800,10,818
HAMMING,100,0.08,cabecera_perdida,False,2.2004889975550124,800,10,818
HAMMING,100,0.08,corregido,False,2.2004889975550124,800,10,818
HAMMING,100,0.08,corregido,False,2.2004889975550124,800,10,818
HAMMING,100,0.08,cabecera_perdida,False,2.2004889975550124,800,10,818
HAMMING,100,0.08,corregido,False,2.2004889975550124,800,10,818
HAMMING,100,0.08,cabecera_perdida,False,2.2004889975550124,800,10,818
HAMMING,100,0.08,trama_invalida,False,2.2004889975550124,800,10,818
HAMMING,100,0.08,cabecera_perdida,False,2.2004889975550124,800,10,818
HAMMING,100,0.08,cabecera_perdida,False,2.2004889975550124,800,10,818
HAMMING,100,0.08,no_corregible,False,2.2004889975550124,800,10,818
HAMMING,100,0.08,corregido,False,2.2004889975550124,800,10,818
HAMMING,100,0.08,cabecera_perdida,False,2.2004889975550124,800,10,818
HAMMING,100,0.08,corregido,False,2.2004889975550124,800,10,818
HAMMING,100,0.08,no_corregible,False,2.2004889975550124,800,10,818
HAMMING,100,0.08,cabecera_perdida,False,2.2004889975550124,800,10,818
HAMMING,100,0.08,cabecera_perdida,False,2.2004889975550124,800,10,818
HAMMING,100,0.08,cabecera_perdida,False,2.2004889975550124,800,10,818
HAMMING,100,0.08,corregido,False,2.2004889975550124,800,10,818
HAMMING,100,0.08,cabecera_perdida,False,2.2004889975550124,800,10,818
HAMMING,100,0.08,cabecera_perdida,False,2.2004889975550124,800,10,818
HAMMING,100,0.08,cabecera_perdida,False,2.2004889975550124,800,10,818
HAMMING,100,0.08,corregido,False,2.2004889975550124,800,10,818
HAMMING,100,0.08,corregido,False,2.2004889975550124,800,10,818
HAMMING,100,0.08,cabecera_perdida,False,2.2004889975550124,800,10,818
HAMMING,100,0.08,cabecera_perdida,False,2.2004889975550124,800,10,818
HAMMING,100,0.08,cabecera_perdida,False,2.2004889975550124,800,10,818
HAMMING,100,0.08,cabecera_perdida,False,2.2004889975550124,800,10,818
HAMMING,100,0.08,cabecera_perdida,False,2.2004889975550124,800,10,818
HAMMING,100,0.08,cabecera_perdida,False,2.2004889975550124,800,10,818
HAMMING,100,0.08,corregido,False,2.2004889975550124,800,10,818
HAMMING,100,0.08,cabecera_perdida,False,2.2004889975550124,800,10,818
HAMMING,100,0.08,no_corregible,False,2.2004889975550124,800,10,818
HAMMING,100,0.08,no_corregible,False,2.2004889975550124,800,10,818
HAMMING,100,0.08,corregido,False,2.2004889975550124,800,10,818
HAMMING,100,0.08,corregido,False,2.2004889975550124,800,10,818
HAMMING,100,0.08,cabecera_perdida,False,2.2004889975550124,800,10,818
HAMMING,100,0.08,cabecera_perdida,False,2.2004889975550124,800,10,818
HAMMING,100,0.08,corregido,False,2.2004889975550124,800,10,818
HAMMING,100,0.08,no_corregible,False,2.2004889975550124,800,10,818
HAMMING,100,0.08,corregido,False,2.2004889975550124,800,10,818
HAMMING,100,0.08,corregido,False,2.2004889975550124,800,10,818
HAMMING,100,0.08,cabecera_perdida,False,2.2004889975550124,800,10,818
HAMMING,100,0.08,no_corregible,False,2.2004889975550124,800,10,818
HAMMING,100,0.08,corregido,False,2.2004889975550124,800,10,818
HAMMING,100,0.08,corregido,False,2.2004889975550124,800,10,818
HAMMING,100,0.08,cabecera_perdida,False,2.2004889975550124,800,10,818
HAMMING,100,0.08,corregido,False,2.2004889975550124,800,10,818
HAMMING,100,0.08,cabecera_perdida,False,2.2004889975550124,800,10,818
HAMMING,100,0.08,corregido,False,2.2004889975550124,800,10,818
HAMMING,100,0.08,cabecera_perdida,False,2.2004889975550124,800,10,818
HAMMING,100,0.08,cabecera_perdida,False,2.2004889975550124,800,10,818
HAMMING,100,0.08,cabecera_perdida,False,2.2004889975550124,800,10,818
HAMMING,100,0.08,corregido,False,2.2004889975550124,800,10,818
HAMMING,100,0.08,corregido,False,2.2004889975550124,800,10,818
HAMMING,100,0.08,no_corregible,False,2.2004889975550124,800,10,818
HAMMING,100,0.08,corregido,False,2.2004889975550124,800,10,818
HAMMING,100,0.08,cabecera_perdida,False,2.2004889975550124,800,10,818
HAMMING,100,0.08,cabecera_perdida,False,2.2004889975550124,800,10,818
HAMMING,100,0.08,corregido,False,2.2004889975550124,800,10,818
HAMMING,100,0.08,no_corregible,False,2.2004889975550124,800,10,818
HAMMING,100,0.08,cabecera_perdida,False,2.2004889975550124,800,10,818
HAMMING,100,0.08,corregido,False,2.2004889975550124,800,10,818
HAMMING,100,0.08,corregido,False,2.2004889975550124,800,10,818
HAMMING,100,0.08,corregido,False,2.2004889975550124,800,10,818
HAMMING,100,0.08,no_corregible,False,2.2004889975550124,800,10,818
HAMMING,100,0.08,corregido,False,2.2004889975550124,800,10,818
HAMMING,100,0.08,corregido,False,2.2004889975550124,800,10,818
HAMMING,100,0.08,corregido,False,2.2004889975550124,800,10,818
HAMMING,100,0.08,cabecera_perdida,False,2.2004889975550124,800,10,818
HAMMING,100,0.08,cabecera_perdida,False,2.2004889975550124,800,10,818
HAMMING,100,0.08,cabecera_perdida,False,2.2004889975550124,800,10,818
HAMMING,100,0.08,corregido,False,2.2004889975550124,800,10,818
HAMMING,100,0.08,cabecera_perdida,False,2.2004889975550124,800,10,818
HAMMING,100,0.08,corregido,False,2.2004889975550124,800,10,818
HAMMING,100,0.08,cabecera_perdida,False,2.2004889975550124,800,10,818
HAMMING,100,0.08,cabecera_perdida,False,2.2004889975550124,800,10,818
HAMMING,100,0.08,corregido,False,2.2004889975550124,800,10,818
HAMMING,100,0.08,corregido,False,2.2004889975550124,800,10,818
HAMMING,100,0.08,cabecera_perdida,False,2.2004889975550124,800,10,818
HAMMING,100,0.08,cabecera_perdida,False,2.2004889975550124,800,10,818
HAMMING,100,0.08,cabecera_perdida,False,2.2004889975550124,800,10,818
HAMMING,100,0.08,no_corregible,False,2.2004889975550124,800,10,818
HAMMING,100,0.1,cabecera_perdida,False,2.2004889975550124,800,10,818
HAMMING,100,0.1,corregido,False,2.2004889975550124,800,10,818
HAMMING,100,0.1,cabecera_perdida,False,2.2004889975550124,800,10,818
HAMMING,100,0.1,cabecera_perdida,False,2.2004889975550124,800,10,818
HAMMING,100,0.1,cabecera_perdida,False,2.2004889975550124,800,10,818
HAMMING,100,0.1,cabecera_perdida,False,2.2004889975550124,800,10,818
HAMMING,100,0.1,cabecera_perdida,False,2.2004889975550124,800,10,818
HAMMING,100,0.1,cabecera_perdida,False,2.2004889975550124,800,10,818
HAMMING,100,0.1,cabecera_perdida,False,2.2004889975550124,800,10,818
HAMMING,100,0.1,corregido,False,2.2004889975550124,800,10,818
HAMMING,100,0.1,corregido,False,2.2004889975550124,800,10,818
HAMMING,100,0.1,cabecera_perdida,False,2.2004889975550124,800,10,818
HAMMING,100,0.1,cabecera_perdida,False,2.2004889975550124,800,10,818
HAMMING,100,0.1,cabecera_perdida,False,2.2004889975550124,800,10,818
HAMMING,100,0.1,corregido,False,2.2004889975550124,800,10,818
HAMMING,100,0.1,cabecera_perdida,False,2.2004889975550124,800,10,818
HAMMING,100,0.1,cabecera_perdida,False,2.2004889975550124,800,10,818
HAMMING,100,0.1,corregido,False,2.2004889975550124,800,10,818
HAMMING,100,0.1,cabecera_perdida,False,2.2004889975550124,800,10,818
HAMMING,100,0.1,cabecera_perdida,False,2.2004889975550124,800,10,818
HAMMING,100,0.1,cabecera_perdida,False,2.2004889975550124,800,10,818
HAMMING,100,0.1,no_corregible,False,2.2004889975550124,800,10,818
HAMMING,100,0.1,cabecera_perdida,False,2.2004889975550124,800,10,818
HAMMING,100,0.1,cabecera_perdida,False,2.2004889975550124,800,10,818
HAMMING,100,0.1,no_corregible,False,2.2004889975550124,800,10,818
HAMMING,100,0.1,cabecera_perdida,False,2.2004889975550124,800,10,818
HAMMING,100,0.1,corregido,False,2.2004889975550124,800,10,818
HAMMING,100,0.1,cabecera_perdida,False,2.2004889975550124,800,10,818
HAMMING,100,0.1,corregido,False,2.2004889975550124,800,10,818
HAMMING,100,0.1,corregido,False,2.2004889975550124,800,10,818
HAMMING,100,0.1,corregido,False,2.2004889975550124,800,10,818
HAMMING,100,0.1,corregido,False,2.2004889975550124,800,10,818
HAMMING,100,0.1,cabecera_perdida,False,2.2004889975550124,800,10,818
HAMMING,100,0.1,cabecera_perdida,False,2.2004889975550124,800,10,818
HAMMING,100,0.1,no_corregible,False,2.2004889975550124,800,10,818
HAMMING,100,0.1,cabecera_perdida,False,2.2004889975550124,800,10,818
HAMMING,100,0.1,corregido,False,2.2004889975550124,800,10,818
HAMMING,100,0.1,cabecera_perdida,False,2.2004889975550124,800,10,818
HAMMING,100,0.1,corregido,False,2.2004889975550124,800,10,818
HAMMING,100,0.1,cabecera_perdida,False,2.2004889975550124,800,10,818
HAMMING,100,0.1,cabecera_perdida,False,2.2004889975550124,800,10,818
HAMMING,100,0.1,cabecera_perdida,False,2.2004889975550124,800,10,818
HAMMING,100,0.1,corregido,False,2.2004889975550124,800,10,818
HAMMING,100,0.1,cabecera_perdida,False,2.2004889975550124,800,10,818
HAMMING,100,0.1,cabecera_perdida,False,2.2004889975550124,800,10,818
HAMMING,100,0.1,no_corregible,False,2.2004889975550124,800,10,818
HAMMING,100,0.1,corregido,False,2.2004889975550124,800,10,818
HAMMING,100,0.1,cabecera_perdida,False,2.2004889975550124,800,10,818
HAMMING,100,0.1,cabecera_perdida,False,2.2004889975550124,800,10,818
HAMMING,100,0.1,corregido,False,2.2004889975550124,800,10,818
HAMMING,100,0.1,corregido,False,2.2004889975550124,800,10,818
HAMMING,100,0.1,corregido,False,2.2004889975550124,800,10,818
HAMMING,100,0.1,corregido,False,2.2004889975550124,800,10,818
HAMMING,100,0.1,cabecera_perdida,False,2.2004889975550124,800,10,818
HAMMING,100,0.1,cabecera_perdida,False,2.2004889975550124,800,10,818
HAMMING,100,0.1,cabecera_perdida,False,2.2004889975550124,800,10,818
HAMMING,100,0.1,corregido,False,2.2004889975550124,800,10,818
HAMMING,100,0.1,cabecera_perdida,False,2.2004889975550124,800,10,818
HAMMING,100,0.1,cabecera_perdida,False,2.2004889975550124,800,10,818
HAMMING,100,0.1,cabecera_perdida,False,2.2004889975550124,800,10,818
HAMMING,100,0.1,corregido,False,2.2004889975550124,800,10,818
HAMMING,100,0.1,cabecera_perdida,False,2.2004889975550124,800,10,818
HAMMING,100,0.1,cabecera_perdida,False,2.2004889975550124,800,10,818
HAMMING,100,0.1,cabecera_perdida,False,2.2004889975550124,800,10,818
HAMMING,100,0.1,corregido,False,2.2004889975550124,800,10,818
HAMMING,100,0.1,trama_invalida,False,2.2004889975550124,800,10,818
HAMMING,100,0.1,cabecera_perdida,False,2.2004889975550124,800,10,818
HAMMING,100,0.1,corregido,False,2.2004889975550124,800,10,818
HAMMING,100,0.1,no_corregible,False,2.2004889975550124,800,10,818
HAMMING,100,0.1,no_corregible,False,2.2004889975550124,800,10,818
HAMMING,100,0.1,cabecera_perdida,False,2.2004889975550124,800,10,818
HAMMING,100,0.1,cabecera_perdida,False,2.2004889975550124,800,10,818
HAMMING,100,0.1,corregido,False,2.2004889975550124,800,10,818
HAMMING,100,0.1,cabecera_perdida,False,2.2004889975550124,800,10,818
HAMMING,100,0.1,cabecera_perdida,False,2.2004889975550124,800,10,818
HAMMING,100,0.1,cabecera_perdida,False,2.2004889975550124,800,10,818
HAMMING,100,0.1,cabecera_perdida,False,2.2004889975550124,800,10,818
HAMMING,100,0.1,no_corregible,False,2.2004889975550124,800,10,818
HAMMING,100,0.1,cabecera_perdida,False,2.2004889975550124,800,10,818
HAMMING,100,0.1,no_corregible,False,2.2004889975550124,800,10,818
HAMMING,100,0.1,corregido,False,2.2004889975550124,800,10,818
HAMMING,100,0.1,cabecera_perdida,False,2.2004889975550124,800,10,818
HAMMING,100,0.1,cabecera_perdida,False,2.2004889975550124,800,10,818
HAMMING,100,0.1,corregido,False,2.2004889975550124,800,10,818
HAMMING,100,0.1,corregido,False,2.2004889975550124,800,10,818
HAMMING,100,0.1,cabecera_perdida,False,2.2004889975550124,800,10,818
HAMMING,100,0.1,cabecera_perdida,False,2.2004889975550124,800,10,818
HAMMING,100,0.1,no_corregible,False,2.2004889975550124,800,10,818
HAMMING,100,0.1,no_corregible,False,2.2004889975550124,800,10,818
HAMMING,100,0.1,cabecera_perdida,False,2.2004889975550124,800,10,818
HAMMING,100,0.1,corregido,False,2.2004889975550124,800,10,818
HAMMING,100,0.1,cabecera_perdida,False,2.2004889975550124,800,10,818
HAMMING,100,0.1,cabecera_perdida,False,2.2004889975550124,800,10,818
HAMMING,100,0.1,cabecera_perdida,False,2.2004889975550124,800,10,818
HAMMING,100,0.1,cabecera_perdida,False,2.2004889975550124,800,10,818
HAMMING,100,0.1,corregido,False,2.2004889975550124,800,10,818
HAMMING,100,0.1,cabecera_perdida,False,2.2004889975550124,800,10,818
HAMMING,100,0.1,cabecera_perdida,False,2.2004889975550124,800,10,818
HAMMING,100,0.1,corregido,False,2.2004889975550124,800,10,818
HAMMING,100,0.1,corregido,False,2.2004889975550124,800,10,818
HAMMING,100,0.1,corregido,False,2.2004889975550124,800,10,818
HAMMING,100,0.1,no_corregible,False,2.2004889975550124,800,10,818
HAMMING,100,0.1,cabecera_perdida,False,2.2004889975550124,800,10,818
HAMMING,100,0.1,corregido,False,2.2004889975550124,800,10,818
HAMMING,100,0.1,cabecera_perdida,False,2.2004889975550124,800,10,818
HAMMING,100,0.1,cabecera_perdida,False,2.2004889975550124,800,10,818
HAMMING,100,0.1,cabecera_perdida,False,2.2004889975550124,800,10,818
HAMMING,100,0.1,cabecera_perdida,False,2.2004889975550124,800,10,818
HAMMING,100,0.1,cabecera_perdida,False,2.2004889975550124,800,10,818
HAMMING,100,0.1,corregido,False,2.2004889975550124,800,10,818
HAMMING,100,0.1,no_corregible,False,2.2004889975550124,800,10,818
HAMMING,100,0.1,corregido,False,2.2004889975550124,800,10,818
HAMMING,100,0.1,corregido,False,2.2004889975550124,800,10,818
HAMMING,100,0.1,corregido,False,2.2004889975550124,800,10,818
HAMMING,100,0.1,corregido,False,2.2004889975550124,800,10,818
HAMMING,100,0.1,cabecera_perdida,False,2.2004889975550124,800,10,818
HAMMING,100,0.1,cabecera_perdida,False,2.2004889975550124,800,10,818
HAMMING,100,0.1,cabecera_perdida,False,2.2004889975550124,800,10,818
HAMMING,100,0.1,corregido,False,2.2004889975550124,800,10,818
HAMMING,100,0.1,cabecera_perdida,False,2.2004889975550124,800,10,818
HAMMING,100,0.1,no_corregible,False,2.2004889975550124,800,10,818
HAMMING,100,0.1,cabecera_perdida,False,2.2004889975550124,800,10,818
HAMMING,100,0.1,cabecera_perdida,False,2.2004889975550124,800,10,818
HAMMING,100,0.1,cabecera_perdida,False,2.2004889975550124,800,10,818
HAMMING,100,0.1,trama_invalida,False,2.2004889975550124,800,10,818
HAMMING,100,0.1,cabecera_perdida,False,2.2004889975550124,800,10,818
HAMMING,100,0.1,cabecera_perdida,False,2.2004889975550124,800,10,818
HAMMING,100,0.1,corregido,False,2.2004889975550124,800,10,818
HAMMING,100,0.1,corregido,False,2.2004889975550124,800,10,818
HAMMING,100,0.1,cabecera_perdida,False,2.2004889975550124,800,10,818
HAMMING,100,0.1,corregido,False,2.2004889975550124,800,10,818
HAMMING,100,0.1,cabecera_perdida,False,2.2004889975550124,800,10,818
HAMMING,100,0.1,cabecera_perdida,False,2.2004889975550124,800,10,818
HAMMING,100,0.1,cabecera_perdida,False,2.2004889975550124,800,10,818
HAMMING,100,0.1,corregido,False,2.2004889975550124,800,10,818
HAMMING,100,0.1,cabecera_perdida,False,2.2004889975550124,800,10,818
HAMMING,100,0.1,corregido,False,2.2004889975550124,800,10,818
HAMMING,100,0.1,corregido,False,2.2004889975550124,800,10,818
HAMMING,100,0.1,corregido,False,2.2004889975550124,800,10,818
HAMMING,100,0.1,no_corregible,False,2.2004889975550124,800,10,818
HAMMING,100,0.1,corregido,False,2.2004889975550124,800,10,818
HAMMING,100,0.1,cabecera_perdida,False,2.2004889975550124,800,10,818
HAMMING,100,0.1,cabecera_perdida,False,2.2004889975550124,800,10,818
HAMMING,100,0.1,corregido,False,2.2004889975550124,800,10,818
HAMMING,100,0.1,cabecera_perdida,False,2.2004889975550124,800,10,818
HAMMING,100,0.1,corregido,False,2.2004889975550124,800,10,818
HAMMING,100,0.1,corregido,False,2.2004889975550124,800,10,818
HAMMING,100,0.1,corregido,False,2.2004889975550124,800,10,818
HAMMING,100,0.1,corregido,False,2.2004889975550124,800,10,818
HAMMING,100,0.1,corregido,False,2.2004889975550124,800,10,818
